-- MySQL dump 10.13  Distrib 8.0.32, for Win64 (x86_64)
--
-- Host: localhost    Database: archi_db
-- ------------------------------------------------------
-- Server version	8.0.32

/*!40101 SET @OLD_CHARACTER_SET_CLIENT=@@CHARACTER_SET_CLIENT */;
/*!40101 SET @OLD_CHARACTER_SET_RESULTS=@@CHARACTER_SET_RESULTS */;
/*!40101 SET @OLD_COLLATION_CONNECTION=@@COLLATION_CONNECTION */;
/*!50503 SET NAMES utf8 */;
/*!40103 SET @OLD_TIME_ZONE=@@TIME_ZONE */;
/*!40103 SET TIME_ZONE='+00:00' */;
/*!40014 SET @OLD_UNIQUE_CHECKS=@@UNIQUE_CHECKS, UNIQUE_CHECKS=0 */;
/*!40014 SET @OLD_FOREIGN_KEY_CHECKS=@@FOREIGN_KEY_CHECKS, FOREIGN_KEY_CHECKS=0 */;
/*!40101 SET @OLD_SQL_MODE=@@SQL_MODE, SQL_MODE='NO_AUTO_VALUE_ON_ZERO' */;
/*!40111 SET @OLD_SQL_NOTES=@@SQL_NOTES, SQL_NOTES=0 */;

--
-- Table structure for table `admins`
--

DROP TABLE IF EXISTS `admins`;
/*!40101 SET @saved_cs_client     = @@character_set_client */;
/*!50503 SET character_set_client = utf8mb4 */;
CREATE TABLE `admins` (
  `admin_id` bigint NOT NULL AUTO_INCREMENT,
  `email` varchar(255) DEFAULT NULL,
  `password` varchar(255) DEFAULT NULL,
  `created_at` datetime DEFAULT NULL,
  `updated_at` datetime DEFAULT NULL,
  PRIMARY KEY (`admin_id`)
) ENGINE=InnoDB AUTO_INCREMENT=6 DEFAULT CHARSET=utf8mb4 COLLATE=utf8mb4_0900_ai_ci;
/*!40101 SET character_set_client = @saved_cs_client */;

--
-- Dumping data for table `admins`
--

LOCK TABLES `admins` WRITE;
/*!40000 ALTER TABLE `admins` DISABLE KEYS */;
INSERT INTO `admins` VALUES (1,'admin1@example.com','$2a$10$3Nd5rqhr7a8RuSc.PjgZ8ePVTo3/VdCeR4DWHEnA9ULJNZRLjYimS','2025-06-07 13:03:00','2025-06-07 13:03:00'),(2,'admin2@example.com','$2a$10$88d8Sv6soxrm4M2dsewoMO2.yoYcfZgMTPfnDGFEE2T5zKq1COVAK','2025-06-07 13:03:00','2025-06-07 13:03:00'),(3,'admin3@example.com','$2a$10$QVd4AfIXVuL/WuwJ8UBxTuLIT5mOzolgyaMs05loYR.0CyC2POthO','2025-06-07 13:03:00','2025-06-07 13:03:00'),(4,'admin4@example.com','$2a$10$JkSEa3vc50Hdmj637/OYqOO318i3UpROq.SmEE3flOh9hX6srh81C','2025-06-07 13:03:00','2025-06-07 13:03:00'),(5,'admin5@example.com','$2a$10$IAVcrRns7ydEYBRMTVWppu5IYQbi45IBCiE/Es1daUyKzMAf6PDHe','2025-06-07 13:03:00','2025-06-07 13:03:00');
/*!40000 ALTER TABLE `admins` ENABLE KEYS */;
UNLOCK TABLES;

--
-- Table structure for table `chats`
--

DROP TABLE IF EXISTS `chats`;
/*!40101 SET @saved_cs_client     = @@character_set_client */;
/*!50503 SET character_set_client = utf8mb4 */;
CREATE TABLE `chats` (
  `chat_id` bigint NOT NULL AUTO_INCREMENT,
  `user_id` bigint DEFAULT NULL,
  `message` varchar(255) DEFAULT NULL,
  `sender` varchar(10) DEFAULT NULL,
  `created_at` datetime DEFAULT NULL,
  `message_type` varchar(20) NOT NULL DEFAULT 'TEXT',
  `is_recommend` bit(1) DEFAULT NULL,
  `is_valid` bit(1) DEFAULT NULL,
  PRIMARY KEY (`chat_id`),
  KEY `FKmolqi1xj49bg3jjr33674limy` (`user_id`),
  CONSTRAINT `FKmolqi1xj49bg3jjr33674limy` FOREIGN KEY (`user_id`) REFERENCES `users` (`user_id`)
) ENGINE=InnoDB DEFAULT CHARSET=utf8mb4 COLLATE=utf8mb4_0900_ai_ci;
/*!40101 SET character_set_client = @saved_cs_client */;

--
-- Dumping data for table `chats`
--

LOCK TABLES `chats` WRITE;
/*!40000 ALTER TABLE `chats` DISABLE KEYS */;
/*!40000 ALTER TABLE `chats` ENABLE KEYS */;
UNLOCK TABLES;

--
-- Table structure for table `common_code`
--

DROP TABLE IF EXISTS `common_code`;
/*!40101 SET @saved_cs_client     = @@character_set_client */;
/*!50503 SET character_set_client = utf8mb4 */;
CREATE TABLE `common_code` (
  `common_code` varchar(3) NOT NULL,
  `group_code` varchar(3) NOT NULL,
  `common_name` varchar(100) DEFAULT NULL,
  PRIMARY KEY (`common_code`,`group_code`),
  KEY `FK_group_code_TO_common_code_1` (`group_code`),
  CONSTRAINT `FK_group_code_TO_common_code_1` FOREIGN KEY (`group_code`) REFERENCES `group_code` (`group_code`)
) ENGINE=InnoDB DEFAULT CHARSET=utf8mb4 COLLATE=utf8mb4_0900_ai_ci;
/*!40101 SET character_set_client = @saved_cs_client */;

--
-- Dumping data for table `common_code`
--

LOCK TABLES `common_code` WRITE;
/*!40000 ALTER TABLE `common_code` DISABLE KEYS */;
INSERT INTO `common_code` VALUES ('001','G01','청년'),('001','G02','5G'),('001','G03','E북'),('001','G04','카페'),('002','G01','연장자'),('002','G02','LTE'),('002','G03','IT'),('002','G04','디저트'),('003','G01','키즈'),('003','G03','K-POP'),('003','G04','배달'),('004','G01','전체'),('004','G03','OTT'),('004','G04','편의점'),('005','G03','가족'),('005','G04','쇼핑'),('006','G03','게임'),('006','G04','전자책'),('007','G03','경제'),('007','G04','도서'),('008','G03','교육'),('008','G04','웹툰'),('009','G03','넷플릭스'),('009','G04','영상'),('010','G03','뉴스'),('010','G04','뉴스'),('011','G03','데이트'),('011','G04','생활'),('012','G03','도서'),('012','G04','사진'),('013','G03','디즈니'),('014','G03','마블'),('015','G03','미드'),('016','G03','반려동물'),('017','G03','배달'),('018','G03','사진'),('019','G03','생활'),('020','G03','쇼핑'),('021','G03','식품'),('022','G03','야구'),('023','G03','여행'),('024','G03','영어'),('025','G03','영화'),('026','G03','온라인 클래스'),('027','G03','외식'),('028','G03','웹소설'),('029','G03','웹툰'),('030','G03','유튜브'),('031','G03','음악'),('032','G03','자기개발'),('033','G03','자취'),('034','G03','주식'),('035','G03','중국어'),('036','G03','차량'),('037','G03','축구'),('038','G03','취미'),('039','G03','친구'),('040','G03','카페'),('041','G03','커피'),('042','G03','키즈'),('043','G03','티빙'),('044','G03','디저트'),('045','G03','빵'),('046','G03','편의점'),('047','G03','오디오북'),('048','G03','의류'),('049','G03','카카오톡'),('050','G03','SNS');
/*!40000 ALTER TABLE `common_code` ENABLE KEYS */;
UNLOCK TABLES;

--
-- Table structure for table `contexts`
--

DROP TABLE IF EXISTS `contexts`;
/*!40101 SET @saved_cs_client     = @@character_set_client */;
/*!50503 SET character_set_client = utf8mb4 */;
CREATE TABLE `contexts` (
  `user_id` bigint NOT NULL,
  `context` varchar(255) DEFAULT NULL,
  `created_at` datetime DEFAULT NULL,
  `updated_at` datetime DEFAULT NULL
) ENGINE=InnoDB DEFAULT CHARSET=utf8mb4 COLLATE=utf8mb4_0900_ai_ci;
/*!40101 SET character_set_client = @saved_cs_client */;

--
-- Dumping data for table `contexts`
--

LOCK TABLES `contexts` WRITE;
/*!40000 ALTER TABLE `contexts` DISABLE KEYS */;
/*!40000 ALTER TABLE `contexts` ENABLE KEYS */;
UNLOCK TABLES;

--
-- Table structure for table `contracts`
--

DROP TABLE IF EXISTS `contracts`;
/*!40101 SET @saved_cs_client     = @@character_set_client */;
/*!50503 SET character_set_client = utf8mb4 */;
CREATE TABLE `contracts` (
  `contract_id` bigint NOT NULL AUTO_INCREMENT,
  `product_bundle_id` bigint NOT NULL,
  `user_id` bigint NOT NULL COMMENT 'Auto Increment',
  `payment_method` varchar(255) DEFAULT NULL,
  `price` bigint DEFAULT NULL,
  `start_date` datetime DEFAULT NULL,
  `end_date` datetime DEFAULT NULL,
  PRIMARY KEY (`contract_id`),
  KEY `FK_users_TO_contracts_1` (`user_id`),
  KEY `FKjtosnvkpck0nf5maqkkyvua2c` (`product_bundle_id`),
  CONSTRAINT `FK_users_TO_contracts_1` FOREIGN KEY (`user_id`) REFERENCES `users` (`user_id`),
  CONSTRAINT `FKjtosnvkpck0nf5maqkkyvua2c` FOREIGN KEY (`product_bundle_id`) REFERENCES `product_bundles` (`product_bundle_id`)
) ENGINE=InnoDB AUTO_INCREMENT=41 DEFAULT CHARSET=utf8mb4 COLLATE=utf8mb4_0900_ai_ci;
/*!40101 SET character_set_client = @saved_cs_client */;

--
-- Dumping data for table `contracts`
--

LOCK TABLES `contracts` WRITE;
/*!40000 ALTER TABLE `contracts` DISABLE KEYS */;
INSERT INTO `contracts` VALUES (1,1,1,'계좌이체',87850,'2025-06-07 00:00:00','2026-06-07 00:00:00'),(2,2,2,'휴대폰결제',79470,'2025-06-07 00:00:00','2026-06-07 00:00:00'),(3,3,3,'신용카드',82900,'2025-06-07 00:00:00','2026-06-07 00:00:00'),(4,4,4,'계좌이체',68000,'2025-06-07 00:00:00','2026-06-07 00:00:00'),(5,5,5,'휴대폰결제',104405,'2025-06-07 00:00:00','2026-06-07 00:00:00'),(6,6,6,'신용카드',66900,'2025-06-07 00:00:00','2026-06-07 00:00:00'),(7,7,7,'계좌이체',69135,'2025-06-07 00:00:00','2026-06-07 00:00:00'),(8,8,8,'휴대폰결제',75500,'2025-06-07 00:00:00','2026-06-07 00:00:00'),(9,9,9,'신용카드',58920,'2025-06-07 00:00:00','2026-06-07 00:00:00'),(10,10,10,'계좌이체',46900,'2025-06-07 00:00:00','2026-06-07 00:00:00'),(11,11,11,'휴대폰결제',64000,'2025-06-07 00:00:00','2026-06-07 00:00:00'),(12,12,12,'신용카드',56828,'2025-06-07 00:00:00','2026-06-07 00:00:00'),(13,13,13,'계좌이체',108300,'2025-06-07 00:00:00','2026-06-07 00:00:00'),(14,14,14,'휴대폰결제',62920,'2025-06-07 00:00:00','2026-06-07 00:00:00'),(15,15,15,'신용카드',42975,'2025-06-07 00:00:00','2026-06-07 00:00:00'),(16,16,16,'계좌이체',63400,'2025-06-07 00:00:00','2026-06-07 00:00:00'),(17,17,17,'휴대폰결제',63762,'2025-06-07 00:00:00','2026-06-07 00:00:00'),(18,18,18,'신용카드',69650,'2025-06-07 00:00:00','2026-06-07 00:00:00'),(19,19,19,'계좌이체',51525,'2025-06-07 00:00:00','2026-06-07 00:00:00'),(20,20,20,'휴대폰결제',43000,'2025-06-07 00:00:00','2026-06-07 00:00:00'),(21,1,1,'휴대폰결제',46234,'2025-07-07 00:00:00','2026-07-07 00:00:00'),(22,2,2,'신용카드',47468,'2025-07-07 00:00:00','2026-07-07 00:00:00'),(23,3,3,'계좌이체',48702,'2025-07-07 00:00:00','2026-07-07 00:00:00'),(24,4,4,'휴대폰결제',49936,'2025-07-07 00:00:00','2026-07-07 00:00:00'),(25,5,5,'신용카드',51170,'2025-07-07 00:00:00','2026-07-07 00:00:00'),(26,6,6,'계좌이체',52404,'2025-07-07 00:00:00','2026-07-07 00:00:00'),(27,7,7,'휴대폰결제',53638,'2025-07-07 00:00:00','2026-07-07 00:00:00'),(28,8,8,'신용카드',54872,'2025-07-07 00:00:00','2026-07-07 00:00:00'),(29,9,9,'계좌이체',56106,'2025-07-07 00:00:00','2026-07-07 00:00:00'),(30,10,10,'휴대폰결제',57340,'2025-07-07 00:00:00','2026-07-07 00:00:00'),(31,11,11,'신용카드',58574,'2025-07-07 00:00:00','2026-07-07 00:00:00'),(32,12,12,'계좌이체',59808,'2025-07-07 00:00:00','2026-07-07 00:00:00'),(33,13,13,'휴대폰결제',61042,'2025-07-07 00:00:00','2026-07-07 00:00:00'),(34,14,14,'신용카드',62276,'2025-07-07 00:00:00','2026-07-07 00:00:00'),(35,15,15,'계좌이체',63510,'2025-07-07 00:00:00','2026-07-07 00:00:00'),(36,16,16,'휴대폰결제',64744,'2025-07-07 00:00:00','2026-07-07 00:00:00'),(37,17,17,'신용카드',65978,'2025-07-07 00:00:00','2026-07-07 00:00:00'),(38,18,18,'계좌이체',67212,'2025-07-07 00:00:00','2026-07-07 00:00:00'),(39,19,19,'휴대폰결제',68446,'2025-07-07 00:00:00','2026-07-07 00:00:00'),(40,20,20,'신용카드',69680,'2025-07-07 00:00:00','2026-07-07 00:00:00');
/*!40000 ALTER TABLE `contracts` ENABLE KEYS */;
UNLOCK TABLES;

--
-- Table structure for table `coupon_reviews`
--

DROP TABLE IF EXISTS `coupon_reviews`;
/*!40101 SET @saved_cs_client     = @@character_set_client */;
/*!50503 SET character_set_client = utf8mb4 */;
CREATE TABLE `coupon_reviews` (
  `coupon_review_id` bigint NOT NULL AUTO_INCREMENT,
  `user_id` bigint NOT NULL COMMENT 'Auto Increment',
  `coupon_id` bigint NOT NULL,
  `score` int DEFAULT NULL,
  `content` varchar(255) DEFAULT NULL,
  `created_at` datetime DEFAULT NULL,
  `updated_at` datetime DEFAULT NULL,
  PRIMARY KEY (`coupon_review_id`),
  KEY `FKrxa97dqbsihivg3mdey10y1jc` (`coupon_id`),
  KEY `FK4san2u1eujlvxaw80e0xlvr44` (`user_id`),
  CONSTRAINT `FK4san2u1eujlvxaw80e0xlvr44` FOREIGN KEY (`user_id`) REFERENCES `users` (`user_id`),
  CONSTRAINT `FKrxa97dqbsihivg3mdey10y1jc` FOREIGN KEY (`coupon_id`) REFERENCES `coupons` (`coupon_id`)
) ENGINE=InnoDB AUTO_INCREMENT=501 DEFAULT CHARSET=utf8mb4 COLLATE=utf8mb4_0900_ai_ci;
/*!40101 SET character_set_client = @saved_cs_client */;

--
-- Dumping data for table `coupon_reviews`
--

LOCK TABLES `coupon_reviews` WRITE;
/*!40000 ALTER TABLE `coupon_reviews` DISABLE KEYS */;
INSERT INTO `coupon_reviews` VALUES (1,20,1,5,'아메리카노가 진하고 맛있어서 만족합니다. 친구와 함께 즐기기 좋아요.','2025-06-01 09:00:00','2025-06-01 09:00:00'),(2,11,2,5,'배스킨라빈스 아이스크림이 신선하고 가족 모두 좋아해요.','2025-06-01 11:00:00','2025-06-01 11:00:00'),(3,4,3,3,'파리바게뜨 빵 종류가 많아 골라먹는 재미가 있습니다.','2025-06-01 13:00:00','2025-06-01 13:00:00'),(4,11,4,5,'리디셀렉트로 다양한 전자책을 마음껏 읽을 수 있어 좋아요.','2025-06-01 15:00:00','2025-06-01 15:00:00'),(5,2,5,4,'카카오페이지 캐시로 웹툰과 소설을 편하게 즐길 수 있습니다.','2025-06-01 17:00:00','2025-06-01 17:00:00'),(6,4,6,3,'재담쇼츠에서 새로운 웹툰을 발견하는 재미가 있네요.','2025-06-01 19:00:00','2025-06-01 19:00:00'),(7,10,7,2,'CU 도시락이 가성비는 좋지만 메뉴가 자주 바뀌어서 아쉬워요.','2025-06-01 21:00:00','2025-06-01 21:00:00'),(8,14,8,4,'다이소 모바일 금액권으로 생활용품을 저렴하게 살 수 있어 만족합니다.','2025-06-01 23:00:00','2025-06-01 23:00:00'),(9,12,9,4,'탑툰 코인으로 좋아하는 웹툰을 편하게 볼 수 있어요.','2025-06-02 01:00:00','2025-06-02 01:00:00'),(10,20,10,1,'스토리텔 오디오북은 기대만큼 콘텐츠가 다양하지 않아 아쉬웠어요.','2025-06-02 03:00:00','2025-06-02 03:00:00'),(11,8,11,5,'요기요 할인쿠폰 덕분에 배달음식을 저렴하게 먹었습니다.','2025-06-02 05:00:00','2025-06-02 05:00:00'),(12,13,12,2,'스노우 VIP이용권, 필터는 다양하지만 가끔 앱이 느려집니다.','2025-06-02 07:00:00','2025-06-02 07:00:00'),(13,11,13,5,'CJ더마켓 적립금으로 신선한 식재료를 구매할 수 있어 좋아요.','2025-06-02 09:00:00','2025-06-02 09:00:00'),(14,10,14,5,'블라이스 웹툰&웹소설 구독권으로 다양한 작품을 즐길 수 있습니다.','2025-06-02 11:00:00','2025-06-02 11:00:00'),(15,4,15,4,'카카오웹툰 캐시로 웹툰 결제가 편리해졌어요.','2025-06-02 13:00:00','2025-06-02 13:00:00'),(16,18,16,1,'더중앙플러스 구독권은 기대했던 콘텐츠가 적어 아쉬웠습니다.','2025-06-02 15:00:00','2025-06-02 15:00:00'),(17,8,17,5,'파파존스 피자 할인으로 가족과 맛있게 먹었습니다.','2025-06-02 17:00:00','2025-06-02 17:00:00'),(18,10,18,4,'GS 할인쿠폰으로 주유할 때마다 유용하게 씁니다.','2025-06-02 19:00:00','2025-06-02 19:00:00'),(19,2,19,3,'스파오 할인쿠폰으로 옷을 저렴하게 살 수 있어 좋아요.','2025-06-02 21:00:00','2025-06-02 21:00:00'),(20,5,20,5,'cgv 팝콘+음료 세트로 영화관람이 더 즐거웠어요.','2025-06-02 23:00:00','2025-06-02 23:00:00'),(21,1,21,4,'예스24 크레마클럽 구독팩으로 전자책을 많이 읽게 되었습니다.','2025-06-03 09:00:00','2025-06-03 09:00:00'),(22,3,22,3,'배민 할인쿠폰으로 배달음식 주문이 조금 더 저렴해졌어요.','2025-06-03 11:00:00','2025-06-03 11:00:00'),(23,4,23,2,'이모티콘플러스 구독권, 이모티콘은 다양하지만 가격이 부담됩니다.','2025-06-03 13:00:00','2025-06-03 13:00:00'),(24,5,24,5,'스타벅스 아이스 아메리카노가 시원하고 맛있어서 자주 이용합니다.','2025-06-03 15:00:00','2025-06-03 15:00:00'),(25,21,8,2,'통화 품질은 좋은데 요금이 높아요.','2025-06-07 13:55:00','2025-06-07 13:55:00'),(26,15,19,4,'해외에서도 잘 터져서 유용했어요.','2025-06-07 13:56:00','2025-06-07 13:56:00'),(27,161,11,4,'통화 품질은 좋은데 요금이 높아요.','2025-06-07 13:57:00','2025-06-07 13:57:00'),(28,160,11,4,'데이터도 넉넉하고 속도도 빨라서 매우 만족합니다.','2025-06-07 13:58:00','2025-06-07 13:58:00'),(29,135,1,2,'데이터도 넉넉하고 속도도 빨라서 매우 만족합니다.','2025-06-07 13:59:00','2025-06-07 13:59:00'),(30,97,20,1,'통화 품질이 좋지 않아서 아쉬웠어요.','2025-06-07 14:00:00','2025-06-07 14:00:00'),(31,65,19,3,'통화 품질이 좋지 않아서 아쉬웠어요.','2025-06-07 14:01:00','2025-06-07 14:01:00'),(32,23,15,2,'대체로 만족하지만 가격이 조금 비싼 것 같아요.','2025-06-07 14:02:00','2025-06-07 14:02:00'),(33,79,18,2,'전반적으로 무난하지만 특색은 없어요.','2025-06-07 14:03:00','2025-06-07 14:03:00'),(34,103,14,3,'통화 품질이 좋지 않아서 아쉬웠어요.','2025-06-07 14:04:00','2025-06-07 14:04:00'),(35,30,14,5,'서비스센터 응대가 별로였어요.','2025-06-07 14:05:00','2025-06-07 14:05:00'),(36,62,2,2,'최악이에요. 다시는 안 써요.','2025-06-07 14:06:00','2025-06-07 14:06:00'),(37,51,15,4,'가성비 최고입니다.','2025-06-07 14:07:00','2025-06-07 14:07:00'),(38,21,11,1,'가격은 싸지만 속도가 너무 느려요.','2025-06-07 14:08:00','2025-06-07 14:08:00'),(39,108,4,5,'영상 스트리밍은 끊김 없이 잘 됩니다.','2025-06-07 14:09:00','2025-06-07 14:09:00'),(40,186,1,3,'무난한 수준입니다.','2025-06-07 14:10:00','2025-06-07 14:10:00'),(41,136,23,2,'최악이에요. 다시는 안 써요.','2025-06-07 14:11:00','2025-06-07 14:11:00'),(42,198,10,4,'요즘 프로모션이 많아서 좋아요.','2025-06-07 14:12:00','2025-06-07 14:12:00'),(43,87,2,5,'통화 품질은 좋은데 요금이 높아요.','2025-06-07 14:13:00','2025-06-07 14:13:00'),(44,109,1,3,'그럭저럭 사용할만 합니다.','2025-06-07 14:14:00','2025-06-07 14:14:00'),(45,56,15,2,'친절한 고객센터에 감동했어요.','2025-06-07 14:15:00','2025-06-07 14:15:00'),(46,66,23,2,'속도는 괜찮은데 데이터가 좀 부족한 느낌이에요.','2025-06-07 14:16:00','2025-06-07 14:16:00'),(47,5,8,3,'통화 품질이 좋지 않아서 아쉬웠어요.','2025-06-07 14:17:00','2025-06-07 14:17:00'),(48,40,24,3,'어르신도 쓰기 편하게 잘 되어 있어요.','2025-06-07 14:18:00','2025-06-07 14:18:00'),(49,75,3,2,'속도는 괜찮은데 데이터가 좀 부족한 느낌이에요.','2025-06-07 14:19:00','2025-06-07 14:19:00'),(50,100,18,3,'서비스센터 응대가 별로였어요.','2025-06-07 14:20:00','2025-06-07 14:20:00'),(51,141,15,1,'최악이에요. 다시는 안 써요.','2025-06-07 14:21:00','2025-06-07 14:21:00'),(52,166,3,4,'전반적으로 무난하지만 특색은 없어요.','2025-06-07 14:22:00','2025-06-07 14:22:00'),(53,117,19,4,'부가서비스가 다양해서 좋네요.','2025-06-07 14:23:00','2025-06-07 14:23:00'),(54,161,18,5,'영상 스트리밍은 끊김 없이 잘 됩니다.','2025-06-07 14:24:00','2025-06-07 14:24:00'),(55,64,5,3,'가격은 싸지만 속도가 너무 느려요.','2025-06-07 14:25:00','2025-06-07 14:25:00'),(56,125,16,1,'영상 스트리밍은 끊김 없이 잘 됩니다.','2025-06-07 14:26:00','2025-06-07 14:26:00'),(57,133,11,3,'생각보다 데이터가 금방 소진되네요.','2025-06-07 14:27:00','2025-06-07 14:27:00'),(58,38,12,4,'영상 스트리밍은 끊김 없이 잘 됩니다.','2025-06-07 14:28:00','2025-06-07 14:28:00'),(59,83,13,1,'해외에서도 잘 터져서 유용했어요.','2025-06-07 14:29:00','2025-06-07 14:29:00'),(60,87,7,5,'통화 품질이 좋지 않아서 아쉬웠어요.','2025-06-07 14:30:00','2025-06-07 14:30:00'),(61,22,3,4,'가격은 싸지만 속도가 너무 느려요.','2025-06-07 14:31:00','2025-06-07 14:31:00'),(62,141,3,4,'통화 품질이 좋지 않아서 아쉬웠어요.','2025-06-07 14:32:00','2025-06-07 14:32:00'),(63,84,8,5,'통화 품질은 좋은데 요금이 높아요.','2025-06-07 14:33:00','2025-06-07 14:33:00'),(64,29,1,2,'친절한 고객센터에 감동했어요.','2025-06-07 14:34:00','2025-06-07 14:34:00'),(65,104,23,1,'영상 스트리밍은 끊김 없이 잘 됩니다.','2025-06-07 14:35:00','2025-06-07 14:35:00'),(66,152,6,1,'데이터도 넉넉하고 속도도 빨라서 매우 만족합니다.','2025-06-07 14:36:00','2025-06-07 14:36:00'),(67,97,23,3,'통화 품질은 좋은데 요금이 높아요.','2025-06-07 14:37:00','2025-06-07 14:37:00'),(68,113,6,2,'속도는 괜찮은데 데이터가 좀 부족한 느낌이에요.','2025-06-07 14:38:00','2025-06-07 14:38:00'),(69,105,9,2,'영상 스트리밍은 끊김 없이 잘 됩니다.','2025-06-07 14:39:00','2025-06-07 14:39:00'),(70,159,5,1,'요즘 프로모션이 많아서 좋아요.','2025-06-07 14:40:00','2025-06-07 14:40:00'),(71,173,11,4,'친절한 고객센터에 감동했어요.','2025-06-07 14:41:00','2025-06-07 14:41:00'),(72,128,8,1,'요즘 프로모션이 많아서 좋아요.','2025-06-07 14:42:00','2025-06-07 14:42:00'),(73,29,22,3,'통화 품질은 좋은데 요금이 높아요.','2025-06-07 14:43:00','2025-06-07 14:43:00'),(74,78,11,3,'속도는 괜찮은데 데이터가 좀 부족한 느낌이에요.','2025-06-07 14:44:00','2025-06-07 14:44:00'),(75,11,2,1,'가격은 싸지만 속도가 너무 느려요.','2025-06-07 14:45:00','2025-06-07 14:45:00'),(76,181,13,1,'가성비 최고입니다.','2025-06-07 14:46:00','2025-06-07 14:46:00'),(77,85,22,4,'요즘 프로모션이 많아서 좋아요.','2025-06-07 14:47:00','2025-06-07 14:47:00'),(78,90,18,2,'가격은 싸지만 속도가 너무 느려요.','2025-06-07 14:48:00','2025-06-07 14:48:00'),(79,187,8,1,'친절한 고객센터에 감동했어요.','2025-06-07 14:49:00','2025-06-07 14:49:00'),(80,164,20,3,'해외에서도 잘 터져서 유용했어요.','2025-06-07 14:50:00','2025-06-07 14:50:00'),(81,61,1,3,'속도는 괜찮은데 데이터가 좀 부족한 느낌이에요.','2025-06-07 14:51:00','2025-06-07 14:51:00'),(82,179,3,5,'가성비 최고입니다.','2025-06-07 14:52:00','2025-06-07 14:52:00'),(83,123,9,5,'해외에서도 잘 터져서 유용했어요.','2025-06-07 14:53:00','2025-06-07 14:53:00'),(84,31,24,4,'통화 품질이 좋지 않아서 아쉬웠어요.','2025-06-07 14:54:00','2025-06-07 14:54:00'),(85,104,12,3,'요즘 프로모션이 많아서 좋아요.','2025-06-07 14:55:00','2025-06-07 14:55:00'),(86,20,21,2,'어르신도 쓰기 편하게 잘 되어 있어요.','2025-06-07 14:56:00','2025-06-07 14:56:00'),(87,42,11,4,'대체로 만족하지만 가격이 조금 비싼 것 같아요.','2025-06-07 14:57:00','2025-06-07 14:57:00'),(88,65,9,2,'통화 품질은 좋은데 요금이 높아요.','2025-06-07 14:58:00','2025-06-07 14:58:00'),(89,135,16,3,'속도는 괜찮은데 데이터가 좀 부족한 느낌이에요.','2025-06-07 14:59:00','2025-06-07 14:59:00'),(90,137,15,4,'속도는 괜찮은데 데이터가 좀 부족한 느낌이에요.','2025-06-07 15:00:00','2025-06-07 15:00:00'),(91,10,22,5,'최악이에요. 다시는 안 써요.','2025-06-07 15:01:00','2025-06-07 15:01:00'),(92,171,1,1,'부가서비스가 다양해서 좋네요.','2025-06-07 15:02:00','2025-06-07 15:02:00'),(93,30,6,5,'데이터도 넉넉하고 속도도 빨라서 매우 만족합니다.','2025-06-07 15:03:00','2025-06-07 15:03:00'),(94,148,19,3,'전반적으로 무난하지만 특색은 없어요.','2025-06-07 15:04:00','2025-06-07 15:04:00'),(95,156,12,1,'무난한 수준입니다.','2025-06-07 15:05:00','2025-06-07 15:05:00'),(96,198,5,3,'전반적으로 무난하지만 특색은 없어요.','2025-06-07 15:06:00','2025-06-07 15:06:00'),(97,198,1,5,'데이터도 넉넉하고 속도도 빨라서 매우 만족합니다.','2025-06-07 15:07:00','2025-06-07 15:07:00'),(98,74,20,3,'생각보다 데이터가 금방 소진되네요.','2025-06-07 15:08:00','2025-06-07 15:08:00'),(99,169,3,4,'대체로 만족하지만 가격이 조금 비싼 것 같아요.','2025-06-07 15:09:00','2025-06-07 15:09:00'),(100,66,14,5,'영상 스트리밍은 끊김 없이 잘 됩니다.','2025-06-07 15:10:00','2025-06-07 15:10:00'),(101,79,21,1,'영상 스트리밍은 끊김 없이 잘 됩니다.','2025-06-07 15:11:00','2025-06-07 15:11:00'),(102,83,11,2,'해외에서도 잘 터져서 유용했어요.','2025-06-07 15:12:00','2025-06-07 15:12:00'),(103,44,23,1,'통화 품질은 좋은데 요금이 높아요.','2025-06-07 15:13:00','2025-06-07 15:13:00'),(104,127,8,5,'무난한 수준입니다.','2025-06-07 15:14:00','2025-06-07 15:14:00'),(105,178,15,2,'전반적으로 안정적인 요금제입니다.','2025-06-07 15:15:00','2025-06-07 15:15:00'),(106,51,18,5,'영상 스트리밍은 끊김 없이 잘 됩니다.','2025-06-07 15:16:00','2025-06-07 15:16:00'),(107,119,14,4,'무난한 수준입니다.','2025-06-07 15:17:00','2025-06-07 15:17:00'),(108,102,6,1,'부가서비스가 다양해서 좋네요.','2025-06-07 15:18:00','2025-06-07 15:18:00'),(109,22,8,2,'부가서비스가 다양해서 좋네요.','2025-06-07 15:19:00','2025-06-07 15:19:00'),(110,143,11,3,'전반적으로 안정적인 요금제입니다.','2025-06-07 15:20:00','2025-06-07 15:20:00'),(111,60,24,5,'영상 스트리밍은 끊김 없이 잘 됩니다.','2025-06-07 15:21:00','2025-06-07 15:21:00'),(112,85,7,2,'대체로 만족하지만 가격이 조금 비싼 것 같아요.','2025-06-07 15:22:00','2025-06-07 15:22:00'),(113,40,17,2,'대체로 만족하지만 가격이 조금 비싼 것 같아요.','2025-06-07 15:23:00','2025-06-07 15:23:00'),(114,93,23,3,'어르신도 쓰기 편하게 잘 되어 있어요.','2025-06-07 15:24:00','2025-06-07 15:24:00'),(115,120,16,1,'서비스센터 응대가 별로였어요.','2025-06-07 15:25:00','2025-06-07 15:25:00'),(116,121,23,4,'부가서비스가 다양해서 좋네요.','2025-06-07 15:26:00','2025-06-07 15:26:00'),(117,157,16,3,'대체로 만족하지만 가격이 조금 비싼 것 같아요.','2025-06-07 15:27:00','2025-06-07 15:27:00'),(118,181,10,5,'통화 품질이 좋지 않아서 아쉬웠어요.','2025-06-07 15:28:00','2025-06-07 15:28:00'),(119,187,4,4,'데이터도 넉넉하고 속도도 빨라서 매우 만족합니다.','2025-06-07 15:29:00','2025-06-07 15:29:00'),(120,94,22,5,'가성비 최고입니다.','2025-06-07 15:30:00','2025-06-07 15:30:00'),(121,190,5,5,'생각보다 데이터가 금방 소진되네요.','2025-06-07 15:31:00','2025-06-07 15:31:00'),(122,19,13,4,'가격은 싸지만 속도가 너무 느려요.','2025-06-07 15:32:00','2025-06-07 15:32:00'),(123,36,14,4,'친절한 고객센터에 감동했어요.','2025-06-07 15:33:00','2025-06-07 15:33:00'),(124,49,17,5,'요즘 프로모션이 많아서 좋아요.','2025-06-07 15:34:00','2025-06-07 15:34:00'),(125,105,21,5,'속도는 괜찮은데 데이터가 좀 부족한 느낌이에요.','2025-06-07 15:35:00','2025-06-07 15:35:00'),(126,83,23,5,'해외에서도 잘 터져서 유용했어요.','2025-06-07 15:36:00','2025-06-07 15:36:00'),(127,52,11,2,'전반적으로 안정적인 요금제입니다.','2025-06-07 15:37:00','2025-06-07 15:37:00'),(128,72,19,5,'생각보다 데이터가 금방 소진되네요.','2025-06-07 15:38:00','2025-06-07 15:38:00'),(129,36,1,3,'데이터도 넉넉하고 속도도 빨라서 매우 만족합니다.','2025-06-07 15:39:00','2025-06-07 15:39:00'),(130,55,14,4,'해외에서도 잘 터져서 유용했어요.','2025-06-07 15:40:00','2025-06-07 15:40:00'),(131,192,19,3,'서비스센터 응대가 별로였어요.','2025-06-07 15:41:00','2025-06-07 15:41:00'),(132,180,17,2,'어르신도 쓰기 편하게 잘 되어 있어요.','2025-06-07 15:42:00','2025-06-07 15:42:00'),(133,193,21,1,'최악이에요. 다시는 안 써요.','2025-06-07 15:43:00','2025-06-07 15:43:00'),(134,56,21,1,'대체로 만족하지만 가격이 조금 비싼 것 같아요.','2025-06-07 15:44:00','2025-06-07 15:44:00'),(135,174,3,5,'부가서비스가 다양해서 좋네요.','2025-06-07 15:45:00','2025-06-07 15:45:00'),(136,70,13,4,'통화 품질이 좋지 않아서 아쉬웠어요.','2025-06-07 15:46:00','2025-06-07 15:46:00'),(137,156,2,3,'부가서비스가 다양해서 좋네요.','2025-06-07 15:47:00','2025-06-07 15:47:00'),(138,106,9,2,'무난한 수준입니다.','2025-06-07 15:48:00','2025-06-07 15:48:00'),(139,178,2,1,'친절한 고객센터에 감동했어요.','2025-06-07 15:49:00','2025-06-07 15:49:00'),(140,136,21,4,'전반적으로 무난하지만 특색은 없어요.','2025-06-07 15:50:00','2025-06-07 15:50:00'),(141,12,14,2,'부가서비스가 다양해서 좋네요.','2025-06-07 15:51:00','2025-06-07 15:51:00'),(142,85,16,4,'통화 품질이 좋지 않아서 아쉬웠어요.','2025-06-07 15:52:00','2025-06-07 15:52:00'),(143,96,13,5,'영상 스트리밍은 끊김 없이 잘 됩니다.','2025-06-07 15:53:00','2025-06-07 15:53:00'),(144,168,10,5,'부가서비스가 다양해서 좋네요.','2025-06-07 15:54:00','2025-06-07 15:54:00'),(145,65,11,3,'전반적으로 무난하지만 특색은 없어요.','2025-06-07 15:55:00','2025-06-07 15:55:00'),(146,29,21,4,'생각보다 데이터가 금방 소진되네요.','2025-06-07 15:56:00','2025-06-07 15:56:00'),(147,142,18,2,'영상 스트리밍은 끊김 없이 잘 됩니다.','2025-06-07 15:57:00','2025-06-07 15:57:00'),(148,136,9,3,'대체로 만족하지만 가격이 조금 비싼 것 같아요.','2025-06-07 15:58:00','2025-06-07 15:58:00'),(149,59,12,1,'최악이에요. 다시는 안 써요.','2025-06-07 15:59:00','2025-06-07 15:59:00'),(150,132,14,3,'영상 스트리밍은 끊김 없이 잘 됩니다.','2025-06-07 16:00:00','2025-06-07 16:00:00'),(151,127,10,3,'최악이에요. 다시는 안 써요.','2025-06-07 16:01:00','2025-06-07 16:01:00'),(152,150,23,2,'생각보다 데이터가 금방 소진되네요.','2025-06-07 16:02:00','2025-06-07 16:02:00'),(153,138,12,1,'전반적으로 안정적인 요금제입니다.','2025-06-07 16:03:00','2025-06-07 16:03:00'),(154,125,19,5,'대체로 만족하지만 가격이 조금 비싼 것 같아요.','2025-06-07 16:04:00','2025-06-07 16:04:00'),(155,25,16,4,'생각보다 데이터가 금방 소진되네요.','2025-06-07 16:05:00','2025-06-07 16:05:00'),(156,188,10,1,'최악이에요. 다시는 안 써요.','2025-06-07 16:06:00','2025-06-07 16:06:00'),(157,182,3,5,'요즘 프로모션이 많아서 좋아요.','2025-06-07 16:07:00','2025-06-07 16:07:00'),(158,144,13,1,'부가서비스가 다양해서 좋네요.','2025-06-07 16:08:00','2025-06-07 16:08:00'),(159,146,3,5,'대체로 만족하지만 가격이 조금 비싼 것 같아요.','2025-06-07 16:09:00','2025-06-07 16:09:00'),(160,157,20,1,'서비스센터 응대가 별로였어요.','2025-06-07 16:10:00','2025-06-07 16:10:00'),(161,30,12,1,'속도는 괜찮은데 데이터가 좀 부족한 느낌이에요.','2025-06-07 16:11:00','2025-06-07 16:11:00'),(162,69,17,2,'친절한 고객센터에 감동했어요.','2025-06-07 16:12:00','2025-06-07 16:12:00'),(163,57,10,4,'통화 품질은 좋은데 요금이 높아요.','2025-06-07 16:13:00','2025-06-07 16:13:00'),(164,198,17,4,'영상 스트리밍은 끊김 없이 잘 됩니다.','2025-06-07 16:14:00','2025-06-07 16:14:00'),(165,179,16,1,'부가서비스가 다양해서 좋네요.','2025-06-07 16:15:00','2025-06-07 16:15:00'),(166,168,16,2,'전반적으로 무난하지만 특색은 없어요.','2025-06-07 16:16:00','2025-06-07 16:16:00'),(167,197,3,3,'속도는 괜찮은데 데이터가 좀 부족한 느낌이에요.','2025-06-07 16:17:00','2025-06-07 16:17:00'),(168,97,17,2,'해외에서도 잘 터져서 유용했어요.','2025-06-07 16:18:00','2025-06-07 16:18:00'),(169,14,16,2,'영상 스트리밍은 끊김 없이 잘 됩니다.','2025-06-07 16:19:00','2025-06-07 16:19:00'),(170,29,5,4,'대체로 만족하지만 가격이 조금 비싼 것 같아요.','2025-06-07 16:20:00','2025-06-07 16:20:00'),(171,94,18,4,'서비스센터 응대가 별로였어요.','2025-06-07 16:21:00','2025-06-07 16:21:00'),(172,138,1,3,'통화 품질은 좋은데 요금이 높아요.','2025-06-07 16:22:00','2025-06-07 16:22:00'),(173,137,17,3,'데이터도 넉넉하고 속도도 빨라서 매우 만족합니다.','2025-06-07 16:23:00','2025-06-07 16:23:00'),(174,137,3,5,'영상 스트리밍은 끊김 없이 잘 됩니다.','2025-06-07 16:24:00','2025-06-07 16:24:00'),(175,190,4,1,'영상 스트리밍은 끊김 없이 잘 됩니다.','2025-06-07 16:25:00','2025-06-07 16:25:00'),(176,133,15,4,'통화 품질은 좋은데 요금이 높아요.','2025-06-07 16:26:00','2025-06-07 16:26:00'),(177,75,18,1,'해외에서도 잘 터져서 유용했어요.','2025-06-07 16:27:00','2025-06-07 16:27:00'),(178,139,5,4,'통화 품질은 좋은데 요금이 높아요.','2025-06-07 16:28:00','2025-06-07 16:28:00'),(179,190,2,4,'통화 품질이 좋지 않아서 아쉬웠어요.','2025-06-07 16:29:00','2025-06-07 16:29:00'),(180,33,24,2,'최악이에요. 다시는 안 써요.','2025-06-07 16:30:00','2025-06-07 16:30:00'),(181,90,14,3,'어르신도 쓰기 편하게 잘 되어 있어요.','2025-06-07 16:31:00','2025-06-07 16:31:00'),(182,166,21,5,'요즘 프로모션이 많아서 좋아요.','2025-06-07 16:32:00','2025-06-07 16:32:00'),(183,59,10,2,'속도는 괜찮은데 데이터가 좀 부족한 느낌이에요.','2025-06-07 16:33:00','2025-06-07 16:33:00'),(184,38,16,2,'통화 품질이 좋지 않아서 아쉬웠어요.','2025-06-07 16:34:00','2025-06-07 16:34:00'),(185,108,19,4,'영상 스트리밍은 끊김 없이 잘 됩니다.','2025-06-07 16:35:00','2025-06-07 16:35:00'),(186,56,5,5,'가성비 최고입니다.','2025-06-07 16:36:00','2025-06-07 16:36:00'),(187,70,2,4,'그럭저럭 사용할만 합니다.','2025-06-07 16:37:00','2025-06-07 16:37:00'),(188,118,1,2,'해외에서도 잘 터져서 유용했어요.','2025-06-07 16:38:00','2025-06-07 16:38:00'),(189,173,2,1,'생각보다 데이터가 금방 소진되네요.','2025-06-07 16:39:00','2025-06-07 16:39:00'),(190,75,22,3,'친절한 고객센터에 감동했어요.','2025-06-07 16:40:00','2025-06-07 16:40:00'),(191,100,16,4,'전반적으로 안정적인 요금제입니다.','2025-06-07 16:41:00','2025-06-07 16:41:00'),(192,76,21,1,'통화 품질은 좋은데 요금이 높아요.','2025-06-07 16:42:00','2025-06-07 16:42:00'),(193,143,7,3,'전반적으로 안정적인 요금제입니다.','2025-06-07 16:43:00','2025-06-07 16:43:00'),(194,114,14,2,'친절한 고객센터에 감동했어요.','2025-06-07 16:44:00','2025-06-07 16:44:00'),(195,145,16,4,'친절한 고객센터에 감동했어요.','2025-06-07 16:45:00','2025-06-07 16:45:00'),(196,81,14,4,'부가서비스가 다양해서 좋네요.','2025-06-07 16:46:00','2025-06-07 16:46:00'),(197,61,9,2,'부가서비스가 다양해서 좋네요.','2025-06-07 16:47:00','2025-06-07 16:47:00'),(198,168,22,3,'친절한 고객센터에 감동했어요.','2025-06-07 16:48:00','2025-06-07 16:48:00'),(199,31,8,5,'속도는 괜찮은데 데이터가 좀 부족한 느낌이에요.','2025-06-07 16:49:00','2025-06-07 16:49:00'),(200,63,13,1,'무난한 수준입니다.','2025-06-07 16:50:00','2025-06-07 16:50:00'),(201,5,1,3,'친절한 고객센터에 감동했어요.','2025-06-07 16:51:00','2025-06-07 16:51:00'),(202,57,11,1,'가성비 최고입니다.','2025-06-07 16:52:00','2025-06-07 16:52:00'),(203,84,12,1,'가격은 싸지만 속도가 너무 느려요.','2025-06-07 16:53:00','2025-06-07 16:53:00'),(204,12,20,1,'속도는 괜찮은데 데이터가 좀 부족한 느낌이에요.','2025-06-07 16:54:00','2025-06-07 16:54:00'),(205,7,9,2,'대체로 만족하지만 가격이 조금 비싼 것 같아요.','2025-06-07 16:55:00','2025-06-07 16:55:00'),(206,170,18,5,'영상 스트리밍은 끊김 없이 잘 됩니다.','2025-06-07 16:56:00','2025-06-07 16:56:00'),(207,28,18,1,'최악이에요. 다시는 안 써요.','2025-06-07 16:57:00','2025-06-07 16:57:00'),(208,197,11,5,'데이터도 넉넉하고 속도도 빨라서 매우 만족합니다.','2025-06-07 16:58:00','2025-06-07 16:58:00'),(209,62,22,4,'데이터도 넉넉하고 속도도 빨라서 매우 만족합니다.','2025-06-07 16:59:00','2025-06-07 16:59:00'),(210,79,4,2,'서비스센터 응대가 별로였어요.','2025-06-07 17:00:00','2025-06-07 17:00:00'),(211,109,3,5,'최악이에요. 다시는 안 써요.','2025-06-07 17:01:00','2025-06-07 17:01:00'),(212,78,16,3,'영상 스트리밍은 끊김 없이 잘 됩니다.','2025-06-07 17:02:00','2025-06-07 17:02:00'),(213,16,10,1,'생각보다 데이터가 금방 소진되네요.','2025-06-07 17:03:00','2025-06-07 17:03:00'),(214,171,6,3,'통화 품질이 좋지 않아서 아쉬웠어요.','2025-06-07 17:04:00','2025-06-07 17:04:00'),(215,171,21,4,'서비스센터 응대가 별로였어요.','2025-06-07 17:05:00','2025-06-07 17:05:00'),(216,144,17,2,'서비스센터 응대가 별로였어요.','2025-06-07 17:06:00','2025-06-07 17:06:00'),(217,11,1,3,'데이터도 넉넉하고 속도도 빨라서 매우 만족합니다.','2025-06-07 17:07:00','2025-06-07 17:07:00'),(218,102,14,1,'생각보다 데이터가 금방 소진되네요.','2025-06-07 17:08:00','2025-06-07 17:08:00'),(219,181,14,3,'생각보다 데이터가 금방 소진되네요.','2025-06-07 17:09:00','2025-06-07 17:09:00'),(220,50,7,2,'서비스센터 응대가 별로였어요.','2025-06-07 17:10:00','2025-06-07 17:10:00'),(221,47,24,1,'가성비 최고입니다.','2025-06-07 17:11:00','2025-06-07 17:11:00'),(222,41,6,1,'요즘 프로모션이 많아서 좋아요.','2025-06-07 17:12:00','2025-06-07 17:12:00'),(223,164,2,3,'그럭저럭 사용할만 합니다.','2025-06-07 17:13:00','2025-06-07 17:13:00'),(224,69,4,5,'영상 스트리밍은 끊김 없이 잘 됩니다.','2025-06-07 17:14:00','2025-06-07 17:14:00'),(225,48,2,2,'전반적으로 무난하지만 특색은 없어요.','2025-06-07 17:15:00','2025-06-07 17:15:00'),(226,164,10,3,'서비스센터 응대가 별로였어요.','2025-06-07 17:16:00','2025-06-07 17:16:00'),(227,44,19,5,'전반적으로 안정적인 요금제입니다.','2025-06-07 17:17:00','2025-06-07 17:17:00'),(228,28,15,3,'속도는 괜찮은데 데이터가 좀 부족한 느낌이에요.','2025-06-07 17:18:00','2025-06-07 17:18:00'),(229,94,11,1,'어르신도 쓰기 편하게 잘 되어 있어요.','2025-06-07 17:19:00','2025-06-07 17:19:00'),(230,196,20,4,'부가서비스가 다양해서 좋네요.','2025-06-07 17:20:00','2025-06-07 17:20:00'),(231,200,17,2,'해외에서도 잘 터져서 유용했어요.','2025-06-07 17:21:00','2025-06-07 17:21:00'),(232,82,7,5,'부가서비스가 다양해서 좋네요.','2025-06-07 17:22:00','2025-06-07 17:22:00'),(233,162,3,5,'속도는 괜찮은데 데이터가 좀 부족한 느낌이에요.','2025-06-07 17:23:00','2025-06-07 17:23:00'),(234,189,1,2,'무난한 수준입니다.','2025-06-07 17:24:00','2025-06-07 17:24:00'),(235,194,12,1,'대체로 만족하지만 가격이 조금 비싼 것 같아요.','2025-06-07 17:25:00','2025-06-07 17:25:00'),(236,74,3,2,'그럭저럭 사용할만 합니다.','2025-06-07 17:26:00','2025-06-07 17:26:00'),(237,172,2,3,'통화 품질은 좋은데 요금이 높아요.','2025-06-07 17:27:00','2025-06-07 17:27:00'),(238,181,5,3,'어르신도 쓰기 편하게 잘 되어 있어요.','2025-06-07 17:28:00','2025-06-07 17:28:00'),(239,116,13,5,'대체로 만족하지만 가격이 조금 비싼 것 같아요.','2025-06-07 17:29:00','2025-06-07 17:29:00'),(240,72,6,3,'전반적으로 안정적인 요금제입니다.','2025-06-07 17:30:00','2025-06-07 17:30:00'),(241,161,23,2,'가성비 최고입니다.','2025-06-07 17:31:00','2025-06-07 17:31:00'),(242,71,5,1,'그럭저럭 사용할만 합니다.','2025-06-07 17:32:00','2025-06-07 17:32:00'),(243,7,22,3,'부가서비스가 다양해서 좋네요.','2025-06-07 17:33:00','2025-06-07 17:33:00'),(244,200,22,5,'전반적으로 무난하지만 특색은 없어요.','2025-06-07 17:34:00','2025-06-07 17:34:00'),(245,151,1,2,'가격은 싸지만 속도가 너무 느려요.','2025-06-07 17:35:00','2025-06-07 17:35:00'),(246,50,15,5,'속도는 괜찮은데 데이터가 좀 부족한 느낌이에요.','2025-06-07 17:36:00','2025-06-07 17:36:00'),(247,181,4,5,'전반적으로 무난하지만 특색은 없어요.','2025-06-07 17:37:00','2025-06-07 17:37:00'),(248,66,24,2,'해외에서도 잘 터져서 유용했어요.','2025-06-07 17:38:00','2025-06-07 17:38:00'),(249,74,2,2,'최악이에요. 다시는 안 써요.','2025-06-07 17:39:00','2025-06-07 17:39:00'),(250,122,12,1,'가격은 싸지만 속도가 너무 느려요.','2025-06-07 17:40:00','2025-06-07 17:40:00'),(251,87,14,1,'서비스센터 응대가 별로였어요.','2025-06-07 17:41:00','2025-06-07 17:41:00'),(252,13,9,2,'가성비 최고입니다.','2025-06-07 17:42:00','2025-06-07 17:42:00'),(253,175,4,4,'통화 품질이 좋지 않아서 아쉬웠어요.','2025-06-07 17:43:00','2025-06-07 17:43:00'),(254,11,6,3,'가격은 싸지만 속도가 너무 느려요.','2025-06-07 17:44:00','2025-06-07 17:44:00'),(255,191,8,3,'최악이에요. 다시는 안 써요.','2025-06-07 17:45:00','2025-06-07 17:45:00'),(256,79,7,4,'무난한 수준입니다.','2025-06-07 17:46:00','2025-06-07 17:46:00'),(257,194,8,3,'전반적으로 무난하지만 특색은 없어요.','2025-06-07 17:47:00','2025-06-07 17:47:00'),(258,200,1,5,'그럭저럭 사용할만 합니다.','2025-06-07 17:48:00','2025-06-07 17:48:00'),(259,65,23,4,'가격은 싸지만 속도가 너무 느려요.','2025-06-07 17:49:00','2025-06-07 17:49:00'),(260,126,24,3,'대체로 만족하지만 가격이 조금 비싼 것 같아요.','2025-06-07 17:50:00','2025-06-07 17:50:00'),(261,190,18,5,'대체로 만족하지만 가격이 조금 비싼 것 같아요.','2025-06-07 17:51:00','2025-06-07 17:51:00'),(262,191,12,3,'요즘 프로모션이 많아서 좋아요.','2025-06-07 17:52:00','2025-06-07 17:52:00'),(263,90,3,1,'최악이에요. 다시는 안 써요.','2025-06-07 17:53:00','2025-06-07 17:53:00'),(264,127,24,4,'전반적으로 무난하지만 특색은 없어요.','2025-06-07 17:54:00','2025-06-07 17:54:00'),(265,28,17,4,'가격은 싸지만 속도가 너무 느려요.','2025-06-07 17:55:00','2025-06-07 17:55:00'),(266,153,23,1,'속도는 괜찮은데 데이터가 좀 부족한 느낌이에요.','2025-06-07 17:56:00','2025-06-07 17:56:00'),(267,185,2,2,'그럭저럭 사용할만 합니다.','2025-06-07 17:57:00','2025-06-07 17:57:00'),(268,196,19,1,'통화 품질이 좋지 않아서 아쉬웠어요.','2025-06-07 17:58:00','2025-06-07 17:58:00'),(269,187,6,5,'무난한 수준입니다.','2025-06-07 17:59:00','2025-06-07 17:59:00'),(270,67,1,5,'가성비 최고입니다.','2025-06-07 18:00:00','2025-06-07 18:00:00'),(271,37,5,3,'가격은 싸지만 속도가 너무 느려요.','2025-06-07 18:01:00','2025-06-07 18:01:00'),(272,17,24,2,'데이터도 넉넉하고 속도도 빨라서 매우 만족합니다.','2025-06-07 18:02:00','2025-06-07 18:02:00'),(273,180,12,1,'가격은 싸지만 속도가 너무 느려요.','2025-06-07 18:03:00','2025-06-07 18:03:00'),(274,192,1,3,'부가서비스가 다양해서 좋네요.','2025-06-07 18:04:00','2025-06-07 18:04:00'),(275,175,13,1,'어르신도 쓰기 편하게 잘 되어 있어요.','2025-06-07 18:05:00','2025-06-07 18:05:00'),(276,5,23,3,'통화 품질이 좋지 않아서 아쉬웠어요.','2025-06-07 18:06:00','2025-06-07 18:06:00'),(277,142,12,4,'친절한 고객센터에 감동했어요.','2025-06-07 18:07:00','2025-06-07 18:07:00'),(278,142,4,4,'통화 품질이 좋지 않아서 아쉬웠어요.','2025-06-07 18:08:00','2025-06-07 18:08:00'),(279,77,18,2,'요즘 프로모션이 많아서 좋아요.','2025-06-07 18:09:00','2025-06-07 18:09:00'),(280,185,3,4,'대체로 만족하지만 가격이 조금 비싼 것 같아요.','2025-06-07 18:10:00','2025-06-07 18:10:00'),(281,108,16,2,'속도는 괜찮은데 데이터가 좀 부족한 느낌이에요.','2025-06-07 18:11:00','2025-06-07 18:11:00'),(282,43,2,5,'데이터도 넉넉하고 속도도 빨라서 매우 만족합니다.','2025-06-07 18:12:00','2025-06-07 18:12:00'),(283,99,24,1,'속도는 괜찮은데 데이터가 좀 부족한 느낌이에요.','2025-06-07 18:13:00','2025-06-07 18:13:00'),(284,16,18,4,'통화 품질이 좋지 않아서 아쉬웠어요.','2025-06-07 18:14:00','2025-06-07 18:14:00'),(285,185,13,5,'영상 스트리밍은 끊김 없이 잘 됩니다.','2025-06-07 18:15:00','2025-06-07 18:15:00'),(286,58,20,1,'부가서비스가 다양해서 좋네요.','2025-06-07 18:16:00','2025-06-07 18:16:00'),(287,143,9,1,'생각보다 데이터가 금방 소진되네요.','2025-06-07 18:17:00','2025-06-07 18:17:00'),(288,79,20,4,'전반적으로 안정적인 요금제입니다.','2025-06-07 18:18:00','2025-06-07 18:18:00'),(289,123,11,1,'통화 품질이 좋지 않아서 아쉬웠어요.','2025-06-07 18:19:00','2025-06-07 18:19:00'),(290,20,7,1,'전반적으로 안정적인 요금제입니다.','2025-06-07 18:20:00','2025-06-07 18:20:00'),(291,5,5,5,'어르신도 쓰기 편하게 잘 되어 있어요.','2025-06-07 18:21:00','2025-06-07 18:21:00'),(292,15,16,3,'가격은 싸지만 속도가 너무 느려요.','2025-06-07 18:22:00','2025-06-07 18:22:00'),(293,131,23,4,'그럭저럭 사용할만 합니다.','2025-06-07 18:23:00','2025-06-07 18:23:00'),(294,193,23,5,'데이터도 넉넉하고 속도도 빨라서 매우 만족합니다.','2025-06-07 18:24:00','2025-06-07 18:24:00'),(295,74,17,4,'친절한 고객센터에 감동했어요.','2025-06-07 18:25:00','2025-06-07 18:25:00'),(296,26,10,2,'어르신도 쓰기 편하게 잘 되어 있어요.','2025-06-07 18:26:00','2025-06-07 18:26:00'),(297,21,1,2,'가성비 최고입니다.','2025-06-07 18:27:00','2025-06-07 18:27:00'),(298,147,5,4,'친절한 고객센터에 감동했어요.','2025-06-07 18:28:00','2025-06-07 18:28:00'),(299,179,18,1,'전반적으로 안정적인 요금제입니다.','2025-06-07 18:29:00','2025-06-07 18:29:00'),(300,32,18,5,'전반적으로 무난하지만 특색은 없어요.','2025-06-07 18:30:00','2025-06-07 18:30:00'),(301,39,17,4,'데이터도 넉넉하고 속도도 빨라서 매우 만족합니다.','2025-06-07 18:31:00','2025-06-07 18:31:00'),(302,109,23,3,'어르신도 쓰기 편하게 잘 되어 있어요.','2025-06-07 18:32:00','2025-06-07 18:32:00'),(303,163,6,4,'해외에서도 잘 터져서 유용했어요.','2025-06-07 18:33:00','2025-06-07 18:33:00'),(304,92,17,4,'무난한 수준입니다.','2025-06-07 18:34:00','2025-06-07 18:34:00'),(305,157,2,3,'요즘 프로모션이 많아서 좋아요.','2025-06-07 18:35:00','2025-06-07 18:35:00'),(306,93,5,4,'어르신도 쓰기 편하게 잘 되어 있어요.','2025-06-07 18:36:00','2025-06-07 18:36:00'),(307,140,13,5,'그럭저럭 사용할만 합니다.','2025-06-07 18:37:00','2025-06-07 18:37:00'),(308,24,5,1,'데이터도 넉넉하고 속도도 빨라서 매우 만족합니다.','2025-06-07 18:38:00','2025-06-07 18:38:00'),(309,29,9,5,'속도는 괜찮은데 데이터가 좀 부족한 느낌이에요.','2025-06-07 18:39:00','2025-06-07 18:39:00'),(310,146,6,2,'어르신도 쓰기 편하게 잘 되어 있어요.','2025-06-07 18:40:00','2025-06-07 18:40:00'),(311,134,24,1,'서비스센터 응대가 별로였어요.','2025-06-07 18:41:00','2025-06-07 18:41:00'),(312,37,11,1,'가성비 최고입니다.','2025-06-07 18:42:00','2025-06-07 18:42:00'),(313,97,15,5,'어르신도 쓰기 편하게 잘 되어 있어요.','2025-06-07 18:43:00','2025-06-07 18:43:00'),(314,132,11,3,'무난한 수준입니다.','2025-06-07 18:44:00','2025-06-07 18:44:00'),(315,163,24,2,'최악이에요. 다시는 안 써요.','2025-06-07 18:45:00','2025-06-07 18:45:00'),(316,87,17,2,'서비스센터 응대가 별로였어요.','2025-06-07 18:46:00','2025-06-07 18:46:00'),(317,145,10,2,'속도는 괜찮은데 데이터가 좀 부족한 느낌이에요.','2025-06-07 18:47:00','2025-06-07 18:47:00'),(318,84,11,5,'어르신도 쓰기 편하게 잘 되어 있어요.','2025-06-07 18:48:00','2025-06-07 18:48:00'),(319,177,23,1,'부가서비스가 다양해서 좋네요.','2025-06-07 18:49:00','2025-06-07 18:49:00'),(320,20,20,1,'생각보다 데이터가 금방 소진되네요.','2025-06-07 18:50:00','2025-06-07 18:50:00'),(321,200,10,3,'서비스센터 응대가 별로였어요.','2025-06-07 18:51:00','2025-06-07 18:51:00'),(322,134,12,2,'가격은 싸지만 속도가 너무 느려요.','2025-06-07 18:52:00','2025-06-07 18:52:00'),(323,87,19,5,'어르신도 쓰기 편하게 잘 되어 있어요.','2025-06-07 18:53:00','2025-06-07 18:53:00'),(324,82,3,1,'데이터도 넉넉하고 속도도 빨라서 매우 만족합니다.','2025-06-07 18:54:00','2025-06-07 18:54:00'),(325,23,6,5,'영상 스트리밍은 끊김 없이 잘 됩니다.','2025-06-07 18:55:00','2025-06-07 18:55:00'),(326,168,2,4,'서비스센터 응대가 별로였어요.','2025-06-07 18:56:00','2025-06-07 18:56:00'),(327,158,7,3,'데이터도 넉넉하고 속도도 빨라서 매우 만족합니다.','2025-06-07 18:57:00','2025-06-07 18:57:00'),(328,179,15,3,'해외에서도 잘 터져서 유용했어요.','2025-06-07 18:58:00','2025-06-07 18:58:00'),(329,160,2,5,'가성비 최고입니다.','2025-06-07 18:59:00','2025-06-07 18:59:00'),(330,109,8,1,'친절한 고객센터에 감동했어요.','2025-06-07 19:00:00','2025-06-07 19:00:00'),(331,80,3,2,'전반적으로 안정적인 요금제입니다.','2025-06-07 19:01:00','2025-06-07 19:01:00'),(332,41,11,1,'어르신도 쓰기 편하게 잘 되어 있어요.','2025-06-07 19:02:00','2025-06-07 19:02:00'),(333,98,11,2,'부가서비스가 다양해서 좋네요.','2025-06-07 19:03:00','2025-06-07 19:03:00'),(334,139,13,5,'전반적으로 무난하지만 특색은 없어요.','2025-06-07 19:04:00','2025-06-07 19:04:00'),(335,56,6,2,'전반적으로 무난하지만 특색은 없어요.','2025-06-07 19:05:00','2025-06-07 19:05:00'),(336,122,9,1,'통화 품질이 좋지 않아서 아쉬웠어요.','2025-06-07 19:06:00','2025-06-07 19:06:00'),(337,86,6,5,'통화 품질이 좋지 않아서 아쉬웠어요.','2025-06-07 19:07:00','2025-06-07 19:07:00'),(338,26,16,2,'요즘 프로모션이 많아서 좋아요.','2025-06-07 19:08:00','2025-06-07 19:08:00'),(339,62,6,5,'전반적으로 안정적인 요금제입니다.','2025-06-07 19:09:00','2025-06-07 19:09:00'),(340,46,4,3,'최악이에요. 다시는 안 써요.','2025-06-07 19:10:00','2025-06-07 19:10:00'),(341,51,21,1,'그럭저럭 사용할만 합니다.','2025-06-07 19:11:00','2025-06-07 19:11:00'),(342,66,20,4,'최악이에요. 다시는 안 써요.','2025-06-07 19:12:00','2025-06-07 19:12:00'),(343,198,20,4,'전반적으로 무난하지만 특색은 없어요.','2025-06-07 19:13:00','2025-06-07 19:13:00'),(344,126,17,2,'해외에서도 잘 터져서 유용했어요.','2025-06-07 19:14:00','2025-06-07 19:14:00'),(345,171,20,4,'속도는 괜찮은데 데이터가 좀 부족한 느낌이에요.','2025-06-07 19:15:00','2025-06-07 19:15:00'),(346,33,23,3,'최악이에요. 다시는 안 써요.','2025-06-07 19:16:00','2025-06-07 19:16:00'),(347,23,18,4,'어르신도 쓰기 편하게 잘 되어 있어요.','2025-06-07 19:17:00','2025-06-07 19:17:00'),(348,18,21,5,'통화 품질은 좋은데 요금이 높아요.','2025-06-07 19:18:00','2025-06-07 19:18:00'),(349,131,22,4,'데이터도 넉넉하고 속도도 빨라서 매우 만족합니다.','2025-06-07 19:19:00','2025-06-07 19:19:00'),(350,165,4,4,'속도는 괜찮은데 데이터가 좀 부족한 느낌이에요.','2025-06-07 19:20:00','2025-06-07 19:20:00'),(351,96,2,2,'가성비 최고입니다.','2025-06-07 19:21:00','2025-06-07 19:21:00'),(352,153,3,4,'서비스센터 응대가 별로였어요.','2025-06-07 19:22:00','2025-06-07 19:22:00'),(353,52,7,1,'통화 품질은 좋은데 요금이 높아요.','2025-06-07 19:23:00','2025-06-07 19:23:00'),(354,162,2,3,'서비스센터 응대가 별로였어요.','2025-06-07 19:24:00','2025-06-07 19:24:00'),(355,55,9,5,'전반적으로 무난하지만 특색은 없어요.','2025-06-07 19:25:00','2025-06-07 19:25:00'),(356,8,14,2,'통화 품질은 좋은데 요금이 높아요.','2025-06-07 19:26:00','2025-06-07 19:26:00'),(357,1,3,4,'그럭저럭 사용할만 합니다.','2025-06-07 19:27:00','2025-06-07 19:27:00'),(358,32,10,4,'영상 스트리밍은 끊김 없이 잘 됩니다.','2025-06-07 19:28:00','2025-06-07 19:28:00'),(359,200,6,3,'어르신도 쓰기 편하게 잘 되어 있어요.','2025-06-07 19:29:00','2025-06-07 19:29:00'),(360,125,8,5,'해외에서도 잘 터져서 유용했어요.','2025-06-07 19:30:00','2025-06-07 19:30:00'),(361,174,19,1,'통화 품질이 좋지 않아서 아쉬웠어요.','2025-06-07 19:31:00','2025-06-07 19:31:00'),(362,108,8,2,'가성비 최고입니다.','2025-06-07 19:32:00','2025-06-07 19:32:00'),(363,122,21,3,'요즘 프로모션이 많아서 좋아요.','2025-06-07 19:33:00','2025-06-07 19:33:00'),(364,159,22,4,'생각보다 데이터가 금방 소진되네요.','2025-06-07 19:34:00','2025-06-07 19:34:00'),(365,89,16,4,'부가서비스가 다양해서 좋네요.','2025-06-07 19:35:00','2025-06-07 19:35:00'),(366,73,2,1,'요즘 프로모션이 많아서 좋아요.','2025-06-07 19:36:00','2025-06-07 19:36:00'),(367,88,5,2,'요즘 프로모션이 많아서 좋아요.','2025-06-07 19:37:00','2025-06-07 19:37:00'),(368,56,4,3,'어르신도 쓰기 편하게 잘 되어 있어요.','2025-06-07 19:38:00','2025-06-07 19:38:00'),(369,79,19,5,'속도는 괜찮은데 데이터가 좀 부족한 느낌이에요.','2025-06-07 19:39:00','2025-06-07 19:39:00'),(370,25,8,3,'가격은 싸지만 속도가 너무 느려요.','2025-06-07 19:40:00','2025-06-07 19:40:00'),(371,6,22,5,'가성비 최고입니다.','2025-06-07 19:41:00','2025-06-07 19:41:00'),(372,28,11,5,'통화 품질이 좋지 않아서 아쉬웠어요.','2025-06-07 19:42:00','2025-06-07 19:42:00'),(373,146,17,2,'통화 품질은 좋은데 요금이 높아요.','2025-06-07 19:43:00','2025-06-07 19:43:00'),(374,68,22,4,'어르신도 쓰기 편하게 잘 되어 있어요.','2025-06-07 19:44:00','2025-06-07 19:44:00'),(375,42,19,2,'친절한 고객센터에 감동했어요.','2025-06-07 19:45:00','2025-06-07 19:45:00'),(376,1,24,3,'친절한 고객센터에 감동했어요.','2025-06-07 19:46:00','2025-06-07 19:46:00'),(377,130,20,4,'어르신도 쓰기 편하게 잘 되어 있어요.','2025-06-07 19:47:00','2025-06-07 19:47:00'),(378,99,14,3,'최악이에요. 다시는 안 써요.','2025-06-07 19:48:00','2025-06-07 19:48:00'),(379,72,9,3,'무난한 수준입니다.','2025-06-07 19:49:00','2025-06-07 19:49:00'),(380,197,13,2,'데이터도 넉넉하고 속도도 빨라서 매우 만족합니다.','2025-06-07 19:50:00','2025-06-07 19:50:00'),(381,66,11,1,'서비스센터 응대가 별로였어요.','2025-06-07 19:51:00','2025-06-07 19:51:00'),(382,195,4,3,'통화 품질이 좋지 않아서 아쉬웠어요.','2025-06-07 19:52:00','2025-06-07 19:52:00'),(383,40,7,5,'해외에서도 잘 터져서 유용했어요.','2025-06-07 19:53:00','2025-06-07 19:53:00'),(384,59,17,1,'해외에서도 잘 터져서 유용했어요.','2025-06-07 19:54:00','2025-06-07 19:54:00'),(385,180,7,3,'데이터도 넉넉하고 속도도 빨라서 매우 만족합니다.','2025-06-07 19:55:00','2025-06-07 19:55:00'),(386,120,21,4,'데이터도 넉넉하고 속도도 빨라서 매우 만족합니다.','2025-06-07 19:56:00','2025-06-07 19:56:00'),(387,50,2,1,'통화 품질은 좋은데 요금이 높아요.','2025-06-07 19:57:00','2025-06-07 19:57:00'),(388,74,18,2,'최악이에요. 다시는 안 써요.','2025-06-07 19:58:00','2025-06-07 19:58:00'),(389,42,4,5,'가격은 싸지만 속도가 너무 느려요.','2025-06-07 19:59:00','2025-06-07 19:59:00'),(390,99,5,3,'요즘 프로모션이 많아서 좋아요.','2025-06-07 20:00:00','2025-06-07 20:00:00'),(391,55,24,1,'요즘 프로모션이 많아서 좋아요.','2025-06-07 20:01:00','2025-06-07 20:01:00'),(392,172,17,4,'전반적으로 안정적인 요금제입니다.','2025-06-07 20:02:00','2025-06-07 20:02:00'),(393,150,20,1,'그럭저럭 사용할만 합니다.','2025-06-07 20:03:00','2025-06-07 20:03:00'),(394,43,12,5,'가격은 싸지만 속도가 너무 느려요.','2025-06-07 20:04:00','2025-06-07 20:04:00'),(395,124,8,1,'전반적으로 무난하지만 특색은 없어요.','2025-06-07 20:05:00','2025-06-07 20:05:00'),(396,87,10,4,'무난한 수준입니다.','2025-06-07 20:06:00','2025-06-07 20:06:00'),(397,82,14,3,'속도는 괜찮은데 데이터가 좀 부족한 느낌이에요.','2025-06-07 20:07:00','2025-06-07 20:07:00'),(398,122,19,5,'서비스센터 응대가 별로였어요.','2025-06-07 20:08:00','2025-06-07 20:08:00'),(399,102,13,1,'친절한 고객센터에 감동했어요.','2025-06-07 20:09:00','2025-06-07 20:09:00'),(400,140,3,4,'친절한 고객센터에 감동했어요.','2025-06-07 20:10:00','2025-06-07 20:10:00'),(401,103,22,3,'통화 품질이 좋지 않아서 아쉬웠어요.','2025-06-07 20:11:00','2025-06-07 20:11:00'),(402,39,8,3,'그럭저럭 사용할만 합니다.','2025-06-07 20:12:00','2025-06-07 20:12:00'),(403,105,2,3,'가성비 최고입니다.','2025-06-07 20:13:00','2025-06-07 20:13:00'),(404,82,1,3,'요즘 프로모션이 많아서 좋아요.','2025-06-07 20:14:00','2025-06-07 20:14:00'),(405,129,21,3,'부가서비스가 다양해서 좋네요.','2025-06-07 20:15:00','2025-06-07 20:15:00'),(406,153,12,5,'속도는 괜찮은데 데이터가 좀 부족한 느낌이에요.','2025-06-07 20:16:00','2025-06-07 20:16:00'),(407,49,15,2,'속도는 괜찮은데 데이터가 좀 부족한 느낌이에요.','2025-06-07 20:17:00','2025-06-07 20:17:00'),(408,197,23,1,'해외에서도 잘 터져서 유용했어요.','2025-06-07 20:18:00','2025-06-07 20:18:00'),(409,26,23,5,'전반적으로 무난하지만 특색은 없어요.','2025-06-07 20:19:00','2025-06-07 20:19:00'),(410,113,18,2,'최악이에요. 다시는 안 써요.','2025-06-07 20:20:00','2025-06-07 20:20:00'),(411,30,1,3,'최악이에요. 다시는 안 써요.','2025-06-07 20:21:00','2025-06-07 20:21:00'),(412,125,5,4,'어르신도 쓰기 편하게 잘 되어 있어요.','2025-06-07 20:22:00','2025-06-07 20:22:00'),(413,21,20,2,'통화 품질은 좋은데 요금이 높아요.','2025-06-07 20:23:00','2025-06-07 20:23:00'),(414,56,9,5,'대체로 만족하지만 가격이 조금 비싼 것 같아요.','2025-06-07 20:24:00','2025-06-07 20:24:00'),(415,102,17,2,'통화 품질이 좋지 않아서 아쉬웠어요.','2025-06-07 20:25:00','2025-06-07 20:25:00'),(416,57,12,3,'영상 스트리밍은 끊김 없이 잘 됩니다.','2025-06-07 20:26:00','2025-06-07 20:26:00'),(417,35,10,1,'요즘 프로모션이 많아서 좋아요.','2025-06-07 20:27:00','2025-06-07 20:27:00'),(418,172,18,3,'부가서비스가 다양해서 좋네요.','2025-06-07 20:28:00','2025-06-07 20:28:00'),(419,27,3,3,'속도는 괜찮은데 데이터가 좀 부족한 느낌이에요.','2025-06-07 20:29:00','2025-06-07 20:29:00'),(420,121,5,1,'해외에서도 잘 터져서 유용했어요.','2025-06-07 20:30:00','2025-06-07 20:30:00'),(421,129,13,5,'부가서비스가 다양해서 좋네요.','2025-06-07 20:31:00','2025-06-07 20:31:00'),(422,27,15,1,'전반적으로 안정적인 요금제입니다.','2025-06-07 20:32:00','2025-06-07 20:32:00'),(423,92,24,5,'생각보다 데이터가 금방 소진되네요.','2025-06-07 20:33:00','2025-06-07 20:33:00'),(424,192,5,5,'가격은 싸지만 속도가 너무 느려요.','2025-06-07 20:34:00','2025-06-07 20:34:00'),(425,131,24,4,'서비스센터 응대가 별로였어요.','2025-06-07 20:35:00','2025-06-07 20:35:00'),(426,132,17,1,'무난한 수준입니다.','2025-06-07 20:36:00','2025-06-07 20:36:00'),(427,35,11,5,'영상 스트리밍은 끊김 없이 잘 됩니다.','2025-06-07 20:37:00','2025-06-07 20:37:00'),(428,76,17,2,'가격은 싸지만 속도가 너무 느려요.','2025-06-07 20:38:00','2025-06-07 20:38:00'),(429,162,6,4,'통화 품질이 좋지 않아서 아쉬웠어요.','2025-06-07 20:39:00','2025-06-07 20:39:00'),(430,121,10,4,'친절한 고객센터에 감동했어요.','2025-06-07 20:40:00','2025-06-07 20:40:00'),(431,7,3,3,'요즘 프로모션이 많아서 좋아요.','2025-06-07 20:41:00','2025-06-07 20:41:00'),(432,79,9,1,'가성비 최고입니다.','2025-06-07 20:42:00','2025-06-07 20:42:00'),(433,50,21,5,'서비스센터 응대가 별로였어요.','2025-06-07 20:43:00','2025-06-07 20:43:00'),(434,64,9,3,'통화 품질이 좋지 않아서 아쉬웠어요.','2025-06-07 20:44:00','2025-06-07 20:44:00'),(435,78,10,3,'그럭저럭 사용할만 합니다.','2025-06-07 20:45:00','2025-06-07 20:45:00'),(436,60,4,4,'최악이에요. 다시는 안 써요.','2025-06-07 20:46:00','2025-06-07 20:46:00'),(437,186,22,1,'속도는 괜찮은데 데이터가 좀 부족한 느낌이에요.','2025-06-07 20:47:00','2025-06-07 20:47:00'),(438,122,4,2,'부가서비스가 다양해서 좋네요.','2025-06-07 20:48:00','2025-06-07 20:48:00'),(439,48,19,1,'해외에서도 잘 터져서 유용했어요.','2025-06-07 20:49:00','2025-06-07 20:49:00'),(440,19,18,4,'무난한 수준입니다.','2025-06-07 20:50:00','2025-06-07 20:50:00'),(441,68,19,2,'가격은 싸지만 속도가 너무 느려요.','2025-06-07 20:51:00','2025-06-07 20:51:00'),(442,54,2,2,'가성비 최고입니다.','2025-06-07 20:52:00','2025-06-07 20:52:00'),(443,138,10,4,'요즘 프로모션이 많아서 좋아요.','2025-06-07 20:53:00','2025-06-07 20:53:00'),(444,36,2,1,'생각보다 데이터가 금방 소진되네요.','2025-06-07 20:54:00','2025-06-07 20:54:00'),(445,88,9,3,'어르신도 쓰기 편하게 잘 되어 있어요.','2025-06-07 20:55:00','2025-06-07 20:55:00'),(446,175,17,1,'친절한 고객센터에 감동했어요.','2025-06-07 20:56:00','2025-06-07 20:56:00'),(447,151,13,2,'요즘 프로모션이 많아서 좋아요.','2025-06-07 20:57:00','2025-06-07 20:57:00'),(448,189,19,5,'데이터도 넉넉하고 속도도 빨라서 매우 만족합니다.','2025-06-07 20:58:00','2025-06-07 20:58:00'),(449,67,20,3,'통화 품질이 좋지 않아서 아쉬웠어요.','2025-06-07 20:59:00','2025-06-07 20:59:00'),(450,48,23,3,'통화 품질이 좋지 않아서 아쉬웠어요.','2025-06-07 21:00:00','2025-06-07 21:00:00'),(451,110,3,5,'어르신도 쓰기 편하게 잘 되어 있어요.','2025-06-07 21:01:00','2025-06-07 21:01:00'),(452,7,11,4,'통화 품질이 좋지 않아서 아쉬웠어요.','2025-06-07 21:02:00','2025-06-07 21:02:00'),(453,147,6,3,'전반적으로 무난하지만 특색은 없어요.','2025-06-07 21:03:00','2025-06-07 21:03:00'),(454,115,12,2,'그럭저럭 사용할만 합니다.','2025-06-07 21:04:00','2025-06-07 21:04:00'),(455,170,5,4,'통화 품질은 좋은데 요금이 높아요.','2025-06-07 21:05:00','2025-06-07 21:05:00'),(456,48,20,3,'부가서비스가 다양해서 좋네요.','2025-06-07 21:06:00','2025-06-07 21:06:00'),(457,169,17,4,'요즘 프로모션이 많아서 좋아요.','2025-06-07 21:07:00','2025-06-07 21:07:00'),(458,186,23,2,'속도는 괜찮은데 데이터가 좀 부족한 느낌이에요.','2025-06-07 21:08:00','2025-06-07 21:08:00'),(459,114,18,5,'부가서비스가 다양해서 좋네요.','2025-06-07 21:09:00','2025-06-07 21:09:00'),(460,129,5,4,'서비스센터 응대가 별로였어요.','2025-06-07 21:10:00','2025-06-07 21:10:00'),(461,193,8,3,'가격은 싸지만 속도가 너무 느려요.','2025-06-07 21:11:00','2025-06-07 21:11:00'),(462,18,1,5,'가성비 최고입니다.','2025-06-07 21:12:00','2025-06-07 21:12:00'),(463,56,24,4,'통화 품질이 좋지 않아서 아쉬웠어요.','2025-06-07 21:13:00','2025-06-07 21:13:00'),(464,104,3,5,'부가서비스가 다양해서 좋네요.','2025-06-07 21:14:00','2025-06-07 21:14:00'),(465,83,22,2,'생각보다 데이터가 금방 소진되네요.','2025-06-07 21:15:00','2025-06-07 21:15:00'),(466,55,10,2,'부가서비스가 다양해서 좋네요.','2025-06-07 21:16:00','2025-06-07 21:16:00'),(467,197,5,3,'해외에서도 잘 터져서 유용했어요.','2025-06-07 21:17:00','2025-06-07 21:17:00'),(468,71,16,2,'가성비 최고입니다.','2025-06-07 21:18:00','2025-06-07 21:18:00'),(469,197,12,4,'속도는 괜찮은데 데이터가 좀 부족한 느낌이에요.','2025-06-07 21:19:00','2025-06-07 21:19:00'),(470,182,6,2,'부가서비스가 다양해서 좋네요.','2025-06-07 21:20:00','2025-06-07 21:20:00'),(471,141,22,2,'통화 품질이 좋지 않아서 아쉬웠어요.','2025-06-07 21:21:00','2025-06-07 21:21:00'),(472,53,5,1,'전반적으로 안정적인 요금제입니다.','2025-06-07 21:22:00','2025-06-07 21:22:00'),(473,19,10,3,'가성비 최고입니다.','2025-06-07 21:23:00','2025-06-07 21:23:00'),(474,175,22,1,'전반적으로 무난하지만 특색은 없어요.','2025-06-07 21:24:00','2025-06-07 21:24:00'),(475,170,19,2,'그럭저럭 사용할만 합니다.','2025-06-07 21:25:00','2025-06-07 21:25:00'),(476,28,14,4,'무난한 수준입니다.','2025-06-07 21:26:00','2025-06-07 21:26:00'),(477,180,20,2,'속도는 괜찮은데 데이터가 좀 부족한 느낌이에요.','2025-06-07 21:27:00','2025-06-07 21:27:00'),(478,115,10,2,'최악이에요. 다시는 안 써요.','2025-06-07 21:28:00','2025-06-07 21:28:00'),(479,194,3,4,'전반적으로 안정적인 요금제입니다.','2025-06-07 21:29:00','2025-06-07 21:29:00'),(480,82,21,5,'통화 품질이 좋지 않아서 아쉬웠어요.','2025-06-07 21:30:00','2025-06-07 21:30:00'),(481,58,3,1,'무난한 수준입니다.','2025-06-07 21:31:00','2025-06-07 21:31:00'),(482,74,24,4,'무난한 수준입니다.','2025-06-07 21:32:00','2025-06-07 21:32:00'),(483,175,5,1,'어르신도 쓰기 편하게 잘 되어 있어요.','2025-06-07 21:33:00','2025-06-07 21:33:00'),(484,103,23,5,'무난한 수준입니다.','2025-06-07 21:34:00','2025-06-07 21:34:00'),(485,49,11,4,'친절한 고객센터에 감동했어요.','2025-06-07 21:35:00','2025-06-07 21:35:00'),(486,24,16,4,'부가서비스가 다양해서 좋네요.','2025-06-07 21:36:00','2025-06-07 21:36:00'),(487,152,7,2,'최악이에요. 다시는 안 써요.','2025-06-07 21:37:00','2025-06-07 21:37:00'),(488,66,21,1,'무난한 수준입니다.','2025-06-07 21:38:00','2025-06-07 21:38:00'),(489,160,24,2,'어르신도 쓰기 편하게 잘 되어 있어요.','2025-06-07 21:39:00','2025-06-07 21:39:00'),(490,42,7,4,'부가서비스가 다양해서 좋네요.','2025-06-07 21:40:00','2025-06-07 21:40:00'),(491,4,15,1,'요즘 프로모션이 많아서 좋아요.','2025-06-07 21:41:00','2025-06-07 21:41:00'),(492,188,11,5,'전반적으로 무난하지만 특색은 없어요.','2025-06-07 21:42:00','2025-06-07 21:42:00'),(493,114,19,2,'전반적으로 무난하지만 특색은 없어요.','2025-06-07 21:43:00','2025-06-07 21:43:00'),(494,82,23,2,'전반적으로 안정적인 요금제입니다.','2025-06-07 21:44:00','2025-06-07 21:44:00'),(495,84,4,1,'전반적으로 무난하지만 특색은 없어요.','2025-06-07 21:45:00','2025-06-07 21:45:00'),(496,190,3,4,'속도는 괜찮은데 데이터가 좀 부족한 느낌이에요.','2025-06-07 21:46:00','2025-06-07 21:46:00'),(497,70,16,5,'영상 스트리밍은 끊김 없이 잘 됩니다.','2025-06-07 21:47:00','2025-06-07 21:47:00'),(498,184,21,3,'대체로 만족하지만 가격이 조금 비싼 것 같아요.','2025-06-07 21:48:00','2025-06-07 21:48:00'),(499,82,13,3,'서비스센터 응대가 별로였어요.','2025-06-07 21:49:00','2025-06-07 21:49:00'),(500,194,16,2,'속도는 괜찮은데 데이터가 좀 부족한 느낌이에요.','2025-06-07 21:50:00','2025-06-07 21:50:00');
/*!40000 ALTER TABLE `coupon_reviews` ENABLE KEYS */;
UNLOCK TABLES;

--
-- Table structure for table `coupons`
--

DROP TABLE IF EXISTS `coupons`;
/*!40101 SET @saved_cs_client     = @@character_set_client */;
/*!50503 SET character_set_client = utf8mb4 */;
CREATE TABLE `coupons` (
  `coupon_id` bigint NOT NULL AUTO_INCREMENT,
  `coupon_name` varchar(255) DEFAULT NULL,
  `price` int DEFAULT NULL,
  `tag_code` bigint DEFAULT NULL,
  `image_url` varchar(255) DEFAULT NULL,
  `category_code` varchar(3) DEFAULT NULL,
  `created_at` datetime DEFAULT NULL,
  `updated_at` datetime DEFAULT NULL,
  PRIMARY KEY (`coupon_id`)
) ENGINE=InnoDB AUTO_INCREMENT=25 DEFAULT CHARSET=utf8mb4 COLLATE=utf8mb4_0900_ai_ci;
/*!40101 SET character_set_client = @saved_cs_client */;

--
-- Dumping data for table `coupons`
--

LOCK TABLES `coupons` WRITE;
/*!40000 ALTER TABLE `coupons` DISABLE KEYS */;
INSERT INTO `coupons` VALUES (1,'메가MGC커피 아메리카노(HOT) 2잔',NULL,5348024557502464,NULL,'001','2025-06-07 02:23:00','2025-06-07 02:23:00'),(2,'배스킨라빈스 파인트 4천원 할인쿠폰',NULL,4644337116250112,NULL,'002','2025-06-07 02:23:00','2025-06-07 02:23:00'),(3,'파리바게뜨 2,500원 할인쿠폰 2매',NULL,14073748835532800,NULL,'002','2025-06-07 02:23:00','2025-06-07 02:23:00'),(4,'리디셀렉트 전자책 무제한구독권',NULL,206159479296,NULL,'008','2025-06-07 02:23:00','2025-06-07 02:23:00'),(5,'카카오페이지 페이지 3천 캐시',NULL,206159479296,NULL,'008','2025-06-07 02:23:00','2025-06-07 02:23:00'),(6,'재담쇼츠 웹툰 3일 무제한 이용권',NULL,137574219776,NULL,'008','2025-06-07 02:23:00','2025-06-07 02:23:00'),(7,'CU 실속한끼 도시락&샐러드 20% 할인',NULL,18016597935390720,NULL,'004','2025-06-07 02:23:00','2025-06-07 02:23:00'),(8,'다이소 모바일 금액권 2천원',NULL,2199425908736,NULL,'011','2025-06-07 02:23:00','2025-06-07 02:23:00'),(9,'탑툰 웹툰 15코인 충전권',NULL,206159479296,NULL,'008','2025-06-07 02:23:00','2025-06-07 02:23:00'),(10,'스토리텔 오디오북 무제한구독권',NULL,37154696926855168,NULL,'007','2025-06-07 02:23:00','2025-06-07 02:23:00'),(11,'요기요 2천원 할인쿠폰 2매',NULL,2233416548352,NULL,'003','2025-06-07 02:23:00','2025-06-07 02:23:00'),(12,'스노우 VIP이용권',NULL,140737689681920,NULL,'011','2025-06-07 02:23:00','2025-06-07 02:23:00'),(13,'CJ더마켓 4천원 적립금',NULL,2199560134656,NULL,'011','2025-06-07 02:23:00','2025-06-07 02:23:00'),(14,'블라이스 웹툰&웹소설 무제한 구독권',NULL,206159478784,NULL,'008','2025-06-07 02:23:00','2025-06-07 02:23:00'),(15,'카카오웹툰 웹툰 3천 캐시',NULL,137573171200,NULL,'008','2025-06-07 02:23:00','2025-06-07 02:23:00'),(16,'더중앙플러스 프리미엄콘텐트 무제한 구독권',NULL,4398046806016,NULL,'010','2025-06-07 02:23:00','2025-06-07 02:23:00'),(17,'파파존스 라지피자 30% 할인',NULL,34393300992,NULL,'003','2025-06-07 02:23:00','2025-06-07 02:23:00'),(18,'GS 5천원 할인쿠폰',NULL,18016597935390720,NULL,'004','2025-06-07 02:23:00','2025-06-07 02:23:00'),(19,'스파오 5천원 할인쿠폰',NULL,72057594440581120,NULL,'005','2025-06-07 02:23:00','2025-06-07 02:23:00'),(20,'cgv 팝콘+음료',NULL,140746078822400,NULL,'011','2025-06-07 02:23:00','2025-06-07 02:23:00'),(21,'예스24크레마클럽 구독팩',NULL,1099512676864,NULL,'006','2025-06-07 02:23:00','2025-06-07 02:23:00'),(22,'배민 3천원 할인쿠폰 2매',NULL,2233416548352,NULL,'003','2025-06-07 02:23:00','2025-06-07 02:23:00'),(23,'이모티콘플러스 월 구독권',NULL,432345564227567616,NULL,'011','2025-06-07 02:23:00','2025-06-07 02:23:00'),(24,'스타벅스 아이스 아메리카노(Tall) 2잔',NULL,5348024557502464,NULL,'001','2025-06-07 02:23:00','2025-06-07 02:23:00');
/*!40000 ALTER TABLE `coupons` ENABLE KEYS */;
UNLOCK TABLES;

--
-- Table structure for table `group_code`
--

DROP TABLE IF EXISTS `group_code`;
/*!40101 SET @saved_cs_client     = @@character_set_client */;
/*!50503 SET character_set_client = utf8mb4 */;
CREATE TABLE `group_code` (
  `group_code` varchar(3) NOT NULL,
  `group_name` varchar(100) DEFAULT NULL,
  PRIMARY KEY (`group_code`)
) ENGINE=InnoDB DEFAULT CHARSET=utf8mb4 COLLATE=utf8mb4_0900_ai_ci;
/*!40101 SET character_set_client = @saved_cs_client */;

--
-- Dumping data for table `group_code`
--

LOCK TABLES `group_code` WRITE;
/*!40000 ALTER TABLE `group_code` DISABLE KEYS */;
INSERT INTO `group_code` VALUES ('G01','연령'),('G02','통신 분류'),('G03','부가 서비스'),('G04','라이프 쿠폰');
/*!40000 ALTER TABLE `group_code` ENABLE KEYS */;
UNLOCK TABLES;

--
-- Table structure for table `plan_reviews`
--

DROP TABLE IF EXISTS `plan_reviews`;
/*!40101 SET @saved_cs_client     = @@character_set_client */;
/*!50503 SET character_set_client = utf8mb4 */;
CREATE TABLE `plan_reviews` (
  `plan_review_id` bigint NOT NULL AUTO_INCREMENT,
  `user_id` bigint NOT NULL COMMENT 'Auto Increment',
  `plan_id` bigint NOT NULL,
  `score` int DEFAULT NULL,
  `content` varchar(255) DEFAULT NULL,
  `created_at` datetime DEFAULT NULL,
  `updated_at` datetime DEFAULT NULL,
  PRIMARY KEY (`plan_review_id`),
  KEY `FKbuq5l50hl2euid68cgbdt53fs` (`plan_id`),
  KEY `FKbts6dr0gupynxh4ostepouoa0` (`user_id`),
  CONSTRAINT `FKbts6dr0gupynxh4ostepouoa0` FOREIGN KEY (`user_id`) REFERENCES `users` (`user_id`),
  CONSTRAINT `FKbuq5l50hl2euid68cgbdt53fs` FOREIGN KEY (`plan_id`) REFERENCES `plans` (`plan_id`)
) ENGINE=InnoDB AUTO_INCREMENT=901 DEFAULT CHARSET=utf8mb4 COLLATE=utf8mb4_0900_ai_ci;
/*!40101 SET character_set_client = @saved_cs_client */;

--
-- Dumping data for table `plan_reviews`
--

LOCK TABLES `plan_reviews` WRITE;
/*!40000 ALTER TABLE `plan_reviews` DISABLE KEYS */;
INSERT INTO `plan_reviews` VALUES (1,1,1,5,'데이터도 넉넉하고 속도도 빨라서 매우 만족합니다.','2025-06-01 09:00:00','2025-06-01 09:00:00'),(2,2,2,4,'대체로 만족하지만 가격이 조금 비싼 것 같아요.','2025-06-01 10:00:00','2025-06-01 10:00:00'),(3,3,3,2,'데이터가 생각보다 빨리 소진돼서 불편합니다.','2025-06-01 11:00:00','2025-06-01 11:00:00'),(4,4,4,1,'속도가 자주 느려지고 고객센터 응대도 아쉬웠어요.','2025-06-01 12:00:00','2025-06-01 12:00:00'),(5,5,5,5,'문자와 통화가 무제한이라 가족 모두 만족해요.','2025-06-01 13:00:00','2025-06-01 13:00:00'),(6,6,6,3,'가격 대비 혜택이 평범한 편입니다.','2025-06-01 14:00:00','2025-06-01 14:00:00'),(7,7,7,4,'데이터 용량이 넉넉해서 동영상 시청에 좋아요.','2025-06-01 15:00:00','2025-06-01 15:00:00'),(8,8,8,2,'추가요금이 자주 발생해서 부담스럽습니다.','2025-06-01 16:00:00','2025-06-01 16:00:00'),(9,9,9,1,'통화 품질이 좋지 않고 데이터도 부족합니다.','2025-06-01 17:00:00','2025-06-01 17:00:00'),(10,10,10,5,'혜택이 많고 앱 사용도 편리해서 추천합니다.','2025-06-01 18:00:00','2025-06-01 18:00:00'),(11,11,11,4,'문자 제공량이 많아 학생에게 유용해요.','2025-06-01 19:00:00','2025-06-01 19:00:00'),(12,12,12,3,'무난하게 사용할 수 있는 요금제입니다.','2025-06-01 20:00:00','2025-06-01 20:00:00'),(13,13,13,2,'데이터 속도가 자주 느려져서 아쉽네요.','2025-06-01 21:00:00','2025-06-01 21:00:00'),(14,14,14,1,'가격 대비 제공되는 혜택이 부족합니다.','2025-06-01 22:00:00','2025-06-01 22:00:00'),(15,15,15,5,'통화 품질이 좋아서 자주 이용합니다.','2025-06-01 23:00:00','2025-06-01 23:00:00'),(16,16,16,4,'데이터 제공량이 많아 마음에 들어요.','2025-06-02 09:00:00','2025-06-02 09:00:00'),(17,17,17,2,'문자 제공량이 적어서 불편합니다.','2025-06-02 10:00:00','2025-06-02 10:00:00'),(18,18,18,1,'고객센터 연결이 어려워 불만족합니다.','2025-06-02 11:00:00','2025-06-02 11:00:00'),(19,19,19,5,'가격도 합리적이고 서비스도 좋아요.','2025-06-02 12:00:00','2025-06-02 12:00:00'),(20,20,20,4,'앱 사용이 편리하고 데이터도 넉넉합니다.','2025-06-02 13:00:00','2025-06-02 13:00:00'),(21,1,21,3,'혜택이 특별하지는 않지만 무난합니다.','2025-06-02 14:00:00','2025-06-02 14:00:00'),(22,2,22,2,'데이터가 부족해서 불편해요.','2025-06-02 15:00:00','2025-06-02 15:00:00'),(23,3,23,1,'통화 품질도 별로고 가격도 비쌉니다.','2025-06-02 16:00:00','2025-06-02 16:00:00'),(24,4,24,5,'무제한 데이터라서 마음 놓고 쓸 수 있어요.','2025-06-02 17:00:00','2025-06-02 17:00:00'),(25,5,25,4,'가족 할인 혜택이 유용합니다.','2025-06-02 18:00:00','2025-06-02 18:00:00'),(26,6,26,3,'앱 UI가 조금 불편하지만 쓸 만합니다.','2025-06-02 19:00:00','2025-06-02 19:00:00'),(27,7,27,2,'추가요금 걱정이 많아 신경 쓰여요.','2025-06-02 20:00:00','2025-06-02 20:00:00'),(28,8,28,1,'데이터가 너무 빨리 닳아서 실망입니다.','2025-06-02 21:00:00','2025-06-02 21:00:00'),(29,9,29,5,'친구들에게도 추천할 만큼 만족합니다.','2025-06-02 22:00:00','2025-06-02 22:00:00'),(30,10,30,4,'통화와 데이터 모두 넉넉해서 좋아요.','2025-06-02 23:00:00','2025-06-02 23:00:00'),(31,83,20,1,'속도는 괜찮은데 데이터가 좀 부족한 느낌이에요.','2025-06-07 14:01:00','2025-06-07 14:01:00'),(32,96,13,5,'그럭저럭 사용할만 합니다.','2025-06-07 14:02:00','2025-06-07 14:02:00'),(33,117,17,1,'무난한 수준입니다.','2025-06-07 14:03:00','2025-06-07 14:03:00'),(34,166,20,4,'영상 스트리밍은 끊김 없이 잘 됩니다.','2025-06-07 14:04:00','2025-06-07 14:04:00'),(35,184,48,4,'무난한 수준입니다.','2025-06-07 14:05:00','2025-06-07 14:05:00'),(36,190,1,1,'최악이에요. 다시는 안 써요.','2025-06-07 14:06:00','2025-06-07 14:06:00'),(37,3,26,3,'요즘 프로모션이 많아서 좋아요.','2025-06-07 14:07:00','2025-06-07 14:07:00'),(38,179,33,1,'친절한 고객센터에 감동했어요.','2025-06-07 14:08:00','2025-06-07 14:08:00'),(39,37,15,3,'요즘 프로모션이 많아서 좋아요.','2025-06-07 14:09:00','2025-06-07 14:09:00'),(40,128,27,4,'그럭저럭 사용할만 합니다.','2025-06-07 14:10:00','2025-06-07 14:10:00'),(41,64,35,5,'통화 품질은 좋은데 요금이 높아요.','2025-06-07 14:11:00','2025-06-07 14:11:00'),(42,22,2,3,'생각보다 데이터가 금방 소진되네요.','2025-06-07 14:12:00','2025-06-07 14:12:00'),(43,8,2,2,'그럭저럭 사용할만 합니다.','2025-06-07 14:13:00','2025-06-07 14:13:00'),(44,24,20,1,'그럭저럭 사용할만 합니다.','2025-06-07 14:14:00','2025-06-07 14:14:00'),(45,157,32,3,'통화 품질은 좋은데 요금이 높아요.','2025-06-07 14:15:00','2025-06-07 14:15:00'),(46,74,36,4,'가성비 최고입니다.','2025-06-07 14:16:00','2025-06-07 14:16:00'),(47,76,27,5,'해외에서도 잘 터져서 유용했어요.','2025-06-07 14:17:00','2025-06-07 14:17:00'),(48,21,29,3,'대체로 만족하지만 가격이 조금 비싼 것 같아요.','2025-06-07 14:18:00','2025-06-07 14:18:00'),(49,175,12,3,'데이터도 넉넉하고 속도도 빨라서 매우 만족합니다.','2025-06-07 14:19:00','2025-06-07 14:19:00'),(50,67,14,5,'대체로 만족하지만 가격이 조금 비싼 것 같아요.','2025-06-07 14:20:00','2025-06-07 14:20:00'),(51,26,19,3,'영상 스트리밍은 끊김 없이 잘 됩니다.','2025-06-07 14:21:00','2025-06-07 14:21:00'),(52,145,9,4,'가격은 싸지만 속도가 너무 느려요.','2025-06-07 14:22:00','2025-06-07 14:22:00'),(53,146,33,1,'해외에서도 잘 터져서 유용했어요.','2025-06-07 14:23:00','2025-06-07 14:23:00'),(54,34,32,2,'전반적으로 안정적인 요금제입니다.','2025-06-07 14:24:00','2025-06-07 14:24:00'),(55,55,24,1,'데이터도 넉넉하고 속도도 빨라서 매우 만족합니다.','2025-06-07 14:25:00','2025-06-07 14:25:00'),(56,162,36,5,'통화 품질이 좋지 않아서 아쉬웠어요.','2025-06-07 14:26:00','2025-06-07 14:26:00'),(57,4,18,4,'그럭저럭 사용할만 합니다.','2025-06-07 14:27:00','2025-06-07 14:27:00'),(58,165,21,1,'통화 품질이 좋지 않아서 아쉬웠어요.','2025-06-07 14:28:00','2025-06-07 14:28:00'),(59,161,42,1,'서비스센터 응대가 별로였어요.','2025-06-07 14:29:00','2025-06-07 14:29:00'),(60,85,43,2,'생각보다 데이터가 금방 소진되네요.','2025-06-07 14:30:00','2025-06-07 14:30:00'),(61,115,43,3,'해외에서도 잘 터져서 유용했어요.','2025-06-07 14:31:00','2025-06-07 14:31:00'),(62,154,18,5,'속도는 괜찮은데 데이터가 좀 부족한 느낌이에요.','2025-06-07 14:32:00','2025-06-07 14:32:00'),(63,26,7,2,'통화 품질은 좋은데 요금이 높아요.','2025-06-07 14:33:00','2025-06-07 14:33:00'),(64,60,11,2,'그럭저럭 사용할만 합니다.','2025-06-07 14:34:00','2025-06-07 14:34:00'),(65,10,19,2,'속도는 괜찮은데 데이터가 좀 부족한 느낌이에요.','2025-06-07 14:35:00','2025-06-07 14:35:00'),(66,11,26,1,'전반적으로 안정적인 요금제입니다.','2025-06-07 14:36:00','2025-06-07 14:36:00'),(67,64,31,5,'부가서비스가 다양해서 좋네요.','2025-06-07 14:37:00','2025-06-07 14:37:00'),(68,113,20,2,'부가서비스가 다양해서 좋네요.','2025-06-07 14:38:00','2025-06-07 14:38:00'),(69,41,32,2,'서비스센터 응대가 별로였어요.','2025-06-07 14:39:00','2025-06-07 14:39:00'),(70,148,48,1,'가성비 최고입니다.','2025-06-07 14:40:00','2025-06-07 14:40:00'),(71,62,44,5,'어르신도 쓰기 편하게 잘 되어 있어요.','2025-06-07 14:41:00','2025-06-07 14:41:00'),(72,160,4,2,'통화 품질은 좋은데 요금이 높아요.','2025-06-07 14:42:00','2025-06-07 14:42:00'),(73,182,1,1,'가성비 최고입니다.','2025-06-07 14:43:00','2025-06-07 14:43:00'),(74,62,12,3,'해외에서도 잘 터져서 유용했어요.','2025-06-07 14:44:00','2025-06-07 14:44:00'),(75,50,45,4,'어르신도 쓰기 편하게 잘 되어 있어요.','2025-06-07 14:45:00','2025-06-07 14:45:00'),(76,162,19,4,'통화 품질은 좋은데 요금이 높아요.','2025-06-07 14:46:00','2025-06-07 14:46:00'),(77,5,43,3,'가성비 최고입니다.','2025-06-07 14:47:00','2025-06-07 14:47:00'),(78,156,22,3,'통화 품질이 좋지 않아서 아쉬웠어요.','2025-06-07 14:48:00','2025-06-07 14:48:00'),(79,99,5,2,'어르신도 쓰기 편하게 잘 되어 있어요.','2025-06-07 14:49:00','2025-06-07 14:49:00'),(80,161,2,2,'속도는 괜찮은데 데이터가 좀 부족한 느낌이에요.','2025-06-07 14:50:00','2025-06-07 14:50:00'),(81,137,2,5,'통화 품질이 좋지 않아서 아쉬웠어요.','2025-06-07 14:51:00','2025-06-07 14:51:00'),(82,40,46,2,'가성비 최고입니다.','2025-06-07 14:52:00','2025-06-07 14:52:00'),(83,136,36,5,'영상 스트리밍은 끊김 없이 잘 됩니다.','2025-06-07 14:53:00','2025-06-07 14:53:00'),(84,170,13,3,'속도는 괜찮은데 데이터가 좀 부족한 느낌이에요.','2025-06-07 14:54:00','2025-06-07 14:54:00'),(85,144,4,2,'영상 스트리밍은 끊김 없이 잘 됩니다.','2025-06-07 14:55:00','2025-06-07 14:55:00'),(86,143,7,5,'부가서비스가 다양해서 좋네요.','2025-06-07 14:56:00','2025-06-07 14:56:00'),(87,55,36,1,'요즘 프로모션이 많아서 좋아요.','2025-06-07 14:57:00','2025-06-07 14:57:00'),(88,115,14,4,'가격은 싸지만 속도가 너무 느려요.','2025-06-07 14:58:00','2025-06-07 14:58:00'),(89,172,27,5,'가성비 최고입니다.','2025-06-07 14:59:00','2025-06-07 14:59:00'),(90,47,14,3,'그럭저럭 사용할만 합니다.','2025-06-07 15:00:00','2025-06-07 15:00:00'),(91,7,4,2,'생각보다 데이터가 금방 소진되네요.','2025-06-07 15:01:00','2025-06-07 15:01:00'),(92,161,24,5,'최악이에요. 다시는 안 써요.','2025-06-07 15:02:00','2025-06-07 15:02:00'),(93,44,49,5,'데이터도 넉넉하고 속도도 빨라서 매우 만족합니다.','2025-06-07 15:03:00','2025-06-07 15:03:00'),(94,198,28,4,'친절한 고객센터에 감동했어요.','2025-06-07 15:04:00','2025-06-07 15:04:00'),(95,169,18,1,'속도는 괜찮은데 데이터가 좀 부족한 느낌이에요.','2025-06-07 15:05:00','2025-06-07 15:05:00'),(96,169,7,2,'해외에서도 잘 터져서 유용했어요.','2025-06-07 15:06:00','2025-06-07 15:06:00'),(97,129,26,5,'통화 품질은 좋은데 요금이 높아요.','2025-06-07 15:07:00','2025-06-07 15:07:00'),(98,88,21,3,'친절한 고객센터에 감동했어요.','2025-06-07 15:08:00','2025-06-07 15:08:00'),(99,42,3,2,'통화 품질이 좋지 않아서 아쉬웠어요.','2025-06-07 15:09:00','2025-06-07 15:09:00'),(100,146,42,4,'대체로 만족하지만 가격이 조금 비싼 것 같아요.','2025-06-07 15:10:00','2025-06-07 15:10:00'),(101,79,45,1,'그럭저럭 사용할만 합니다.','2025-06-07 15:11:00','2025-06-07 15:11:00'),(102,170,4,4,'부가서비스가 다양해서 좋네요.','2025-06-07 15:12:00','2025-06-07 15:12:00'),(103,60,34,2,'서비스센터 응대가 별로였어요.','2025-06-07 15:13:00','2025-06-07 15:13:00'),(104,166,45,1,'무난한 수준입니다.','2025-06-07 15:14:00','2025-06-07 15:14:00'),(105,49,38,1,'부가서비스가 다양해서 좋네요.','2025-06-07 15:15:00','2025-06-07 15:15:00'),(106,54,39,2,'전반적으로 안정적인 요금제입니다.','2025-06-07 15:16:00','2025-06-07 15:16:00'),(107,8,36,4,'어르신도 쓰기 편하게 잘 되어 있어요.','2025-06-07 15:17:00','2025-06-07 15:17:00'),(108,23,6,5,'그럭저럭 사용할만 합니다.','2025-06-07 15:18:00','2025-06-07 15:18:00'),(109,166,13,1,'최악이에요. 다시는 안 써요.','2025-06-07 15:19:00','2025-06-07 15:19:00'),(110,59,1,3,'전반적으로 안정적인 요금제입니다.','2025-06-07 15:20:00','2025-06-07 15:20:00'),(111,156,40,3,'요즘 프로모션이 많아서 좋아요.','2025-06-07 15:21:00','2025-06-07 15:21:00'),(112,180,32,3,'데이터도 넉넉하고 속도도 빨라서 매우 만족합니다.','2025-06-07 15:22:00','2025-06-07 15:22:00'),(113,85,39,5,'대체로 만족하지만 가격이 조금 비싼 것 같아요.','2025-06-07 15:23:00','2025-06-07 15:23:00'),(114,60,18,5,'친절한 고객센터에 감동했어요.','2025-06-07 15:24:00','2025-06-07 15:24:00'),(115,123,14,1,'데이터도 넉넉하고 속도도 빨라서 매우 만족합니다.','2025-06-07 15:25:00','2025-06-07 15:25:00'),(116,154,12,1,'어르신도 쓰기 편하게 잘 되어 있어요.','2025-06-07 15:26:00','2025-06-07 15:26:00'),(117,12,37,4,'어르신도 쓰기 편하게 잘 되어 있어요.','2025-06-07 15:27:00','2025-06-07 15:27:00'),(118,126,16,1,'가성비 최고입니다.','2025-06-07 15:28:00','2025-06-07 15:28:00'),(119,44,2,1,'어르신도 쓰기 편하게 잘 되어 있어요.','2025-06-07 15:29:00','2025-06-07 15:29:00'),(120,138,13,2,'최악이에요. 다시는 안 써요.','2025-06-07 15:30:00','2025-06-07 15:30:00'),(121,14,34,3,'데이터도 넉넉하고 속도도 빨라서 매우 만족합니다.','2025-06-07 15:31:00','2025-06-07 15:31:00'),(122,170,49,5,'전반적으로 안정적인 요금제입니다.','2025-06-07 15:32:00','2025-06-07 15:32:00'),(123,156,29,4,'데이터도 넉넉하고 속도도 빨라서 매우 만족합니다.','2025-06-07 15:33:00','2025-06-07 15:33:00'),(124,118,22,4,'생각보다 데이터가 금방 소진되네요.','2025-06-07 15:34:00','2025-06-07 15:34:00'),(125,133,26,4,'서비스센터 응대가 별로였어요.','2025-06-07 15:35:00','2025-06-07 15:35:00'),(126,12,45,5,'무난한 수준입니다.','2025-06-07 15:36:00','2025-06-07 15:36:00'),(127,26,32,2,'부가서비스가 다양해서 좋네요.','2025-06-07 15:37:00','2025-06-07 15:37:00'),(128,185,30,1,'무난한 수준입니다.','2025-06-07 15:38:00','2025-06-07 15:38:00'),(129,125,36,2,'대체로 만족하지만 가격이 조금 비싼 것 같아요.','2025-06-07 15:39:00','2025-06-07 15:39:00'),(130,65,47,1,'부가서비스가 다양해서 좋네요.','2025-06-07 15:40:00','2025-06-07 15:40:00'),(131,114,25,1,'전반적으로 안정적인 요금제입니다.','2025-06-07 15:41:00','2025-06-07 15:41:00'),(132,104,15,5,'데이터도 넉넉하고 속도도 빨라서 매우 만족합니다.','2025-06-07 15:42:00','2025-06-07 15:42:00'),(133,15,39,4,'요즘 프로모션이 많아서 좋아요.','2025-06-07 15:43:00','2025-06-07 15:43:00'),(134,166,42,1,'전반적으로 안정적인 요금제입니다.','2025-06-07 15:44:00','2025-06-07 15:44:00'),(135,177,5,5,'생각보다 데이터가 금방 소진되네요.','2025-06-07 15:45:00','2025-06-07 15:45:00'),(136,74,48,2,'친절한 고객센터에 감동했어요.','2025-06-07 15:46:00','2025-06-07 15:46:00'),(137,200,19,2,'무난한 수준입니다.','2025-06-07 15:47:00','2025-06-07 15:47:00'),(138,54,21,2,'속도는 괜찮은데 데이터가 좀 부족한 느낌이에요.','2025-06-07 15:48:00','2025-06-07 15:48:00'),(139,138,47,2,'친절한 고객센터에 감동했어요.','2025-06-07 15:49:00','2025-06-07 15:49:00'),(140,180,38,4,'통화 품질이 좋지 않아서 아쉬웠어요.','2025-06-07 15:50:00','2025-06-07 15:50:00'),(141,35,43,3,'통화 품질이 좋지 않아서 아쉬웠어요.','2025-06-07 15:51:00','2025-06-07 15:51:00'),(142,116,23,1,'전반적으로 무난하지만 특색은 없어요.','2025-06-07 15:52:00','2025-06-07 15:52:00'),(143,66,14,3,'데이터도 넉넉하고 속도도 빨라서 매우 만족합니다.','2025-06-07 15:53:00','2025-06-07 15:53:00'),(144,57,34,2,'전반적으로 무난하지만 특색은 없어요.','2025-06-07 15:54:00','2025-06-07 15:54:00'),(145,39,12,2,'속도는 괜찮은데 데이터가 좀 부족한 느낌이에요.','2025-06-07 15:55:00','2025-06-07 15:55:00'),(146,195,2,5,'친절한 고객센터에 감동했어요.','2025-06-07 15:56:00','2025-06-07 15:56:00'),(147,181,37,1,'해외에서도 잘 터져서 유용했어요.','2025-06-07 15:57:00','2025-06-07 15:57:00'),(148,118,45,4,'생각보다 데이터가 금방 소진되네요.','2025-06-07 15:58:00','2025-06-07 15:58:00'),(149,70,13,1,'생각보다 데이터가 금방 소진되네요.','2025-06-07 15:59:00','2025-06-07 15:59:00'),(150,111,45,1,'전반적으로 무난하지만 특색은 없어요.','2025-06-07 16:00:00','2025-06-07 16:00:00'),(151,49,48,3,'전반적으로 안정적인 요금제입니다.','2025-06-07 16:01:00','2025-06-07 16:01:00'),(152,4,5,5,'대체로 만족하지만 가격이 조금 비싼 것 같아요.','2025-06-07 16:02:00','2025-06-07 16:02:00'),(153,68,7,3,'데이터도 넉넉하고 속도도 빨라서 매우 만족합니다.','2025-06-07 16:03:00','2025-06-07 16:03:00'),(154,18,25,2,'가격은 싸지만 속도가 너무 느려요.','2025-06-07 16:04:00','2025-06-07 16:04:00'),(155,62,41,1,'전반적으로 안정적인 요금제입니다.','2025-06-07 16:05:00','2025-06-07 16:05:00'),(156,19,1,3,'가성비 최고입니다.','2025-06-07 16:06:00','2025-06-07 16:06:00'),(157,29,15,1,'전반적으로 안정적인 요금제입니다.','2025-06-07 16:07:00','2025-06-07 16:07:00'),(158,63,36,3,'해외에서도 잘 터져서 유용했어요.','2025-06-07 16:08:00','2025-06-07 16:08:00'),(159,185,12,5,'전반적으로 무난하지만 특색은 없어요.','2025-06-07 16:09:00','2025-06-07 16:09:00'),(160,26,47,2,'그럭저럭 사용할만 합니다.','2025-06-07 16:10:00','2025-06-07 16:10:00'),(161,156,15,4,'친절한 고객센터에 감동했어요.','2025-06-07 16:11:00','2025-06-07 16:11:00'),(162,105,4,5,'데이터도 넉넉하고 속도도 빨라서 매우 만족합니다.','2025-06-07 16:12:00','2025-06-07 16:12:00'),(163,136,1,4,'데이터도 넉넉하고 속도도 빨라서 매우 만족합니다.','2025-06-07 16:13:00','2025-06-07 16:13:00'),(164,39,15,4,'해외에서도 잘 터져서 유용했어요.','2025-06-07 16:14:00','2025-06-07 16:14:00'),(165,156,26,2,'무난한 수준입니다.','2025-06-07 16:15:00','2025-06-07 16:15:00'),(166,176,10,1,'데이터도 넉넉하고 속도도 빨라서 매우 만족합니다.','2025-06-07 16:16:00','2025-06-07 16:16:00'),(167,131,19,3,'요즘 프로모션이 많아서 좋아요.','2025-06-07 16:17:00','2025-06-07 16:17:00'),(168,56,33,1,'가격은 싸지만 속도가 너무 느려요.','2025-06-07 16:18:00','2025-06-07 16:18:00'),(169,133,34,2,'친절한 고객센터에 감동했어요.','2025-06-07 16:19:00','2025-06-07 16:19:00'),(170,179,44,2,'무난한 수준입니다.','2025-06-07 16:20:00','2025-06-07 16:20:00'),(171,55,2,2,'그럭저럭 사용할만 합니다.','2025-06-07 16:21:00','2025-06-07 16:21:00'),(172,19,16,1,'통화 품질이 좋지 않아서 아쉬웠어요.','2025-06-07 16:22:00','2025-06-07 16:22:00'),(173,155,40,4,'속도는 괜찮은데 데이터가 좀 부족한 느낌이에요.','2025-06-07 16:23:00','2025-06-07 16:23:00'),(174,157,29,3,'친절한 고객센터에 감동했어요.','2025-06-07 16:24:00','2025-06-07 16:24:00'),(175,184,12,3,'대체로 만족하지만 가격이 조금 비싼 것 같아요.','2025-06-07 16:25:00','2025-06-07 16:25:00'),(176,55,3,4,'어르신도 쓰기 편하게 잘 되어 있어요.','2025-06-07 16:26:00','2025-06-07 16:26:00'),(177,126,33,1,'전반적으로 무난하지만 특색은 없어요.','2025-06-07 16:27:00','2025-06-07 16:27:00'),(178,78,49,2,'전반적으로 안정적인 요금제입니다.','2025-06-07 16:28:00','2025-06-07 16:28:00'),(179,156,41,4,'속도는 괜찮은데 데이터가 좀 부족한 느낌이에요.','2025-06-07 16:29:00','2025-06-07 16:29:00'),(180,156,37,2,'전반적으로 안정적인 요금제입니다.','2025-06-07 16:30:00','2025-06-07 16:30:00'),(181,97,40,3,'서비스센터 응대가 별로였어요.','2025-06-07 16:31:00','2025-06-07 16:31:00'),(182,170,22,1,'대체로 만족하지만 가격이 조금 비싼 것 같아요.','2025-06-07 16:32:00','2025-06-07 16:32:00'),(183,175,40,5,'전반적으로 안정적인 요금제입니다.','2025-06-07 16:33:00','2025-06-07 16:33:00'),(184,103,49,3,'속도는 괜찮은데 데이터가 좀 부족한 느낌이에요.','2025-06-07 16:34:00','2025-06-07 16:34:00'),(185,41,5,3,'서비스센터 응대가 별로였어요.','2025-06-07 16:35:00','2025-06-07 16:35:00'),(186,91,17,2,'가격은 싸지만 속도가 너무 느려요.','2025-06-07 16:36:00','2025-06-07 16:36:00'),(187,186,7,3,'대체로 만족하지만 가격이 조금 비싼 것 같아요.','2025-06-07 16:37:00','2025-06-07 16:37:00'),(188,172,21,5,'서비스센터 응대가 별로였어요.','2025-06-07 16:38:00','2025-06-07 16:38:00'),(189,169,21,3,'전반적으로 안정적인 요금제입니다.','2025-06-07 16:39:00','2025-06-07 16:39:00'),(190,178,11,3,'전반적으로 무난하지만 특색은 없어요.','2025-06-07 16:40:00','2025-06-07 16:40:00'),(191,167,32,2,'통화 품질은 좋은데 요금이 높아요.','2025-06-07 16:41:00','2025-06-07 16:41:00'),(192,46,8,3,'통화 품질은 좋은데 요금이 높아요.','2025-06-07 16:42:00','2025-06-07 16:42:00'),(193,197,36,1,'전반적으로 무난하지만 특색은 없어요.','2025-06-07 16:43:00','2025-06-07 16:43:00'),(194,170,32,5,'서비스센터 응대가 별로였어요.','2025-06-07 16:44:00','2025-06-07 16:44:00'),(195,165,39,3,'통화 품질은 좋은데 요금이 높아요.','2025-06-07 16:45:00','2025-06-07 16:45:00'),(196,55,4,3,'부가서비스가 다양해서 좋네요.','2025-06-07 16:46:00','2025-06-07 16:46:00'),(197,8,7,4,'가성비 최고입니다.','2025-06-07 16:47:00','2025-06-07 16:47:00'),(198,80,7,2,'데이터도 넉넉하고 속도도 빨라서 매우 만족합니다.','2025-06-07 16:48:00','2025-06-07 16:48:00'),(199,181,24,5,'부가서비스가 다양해서 좋네요.','2025-06-07 16:49:00','2025-06-07 16:49:00'),(200,61,36,1,'가격은 싸지만 속도가 너무 느려요.','2025-06-07 16:50:00','2025-06-07 16:50:00'),(201,55,20,3,'무난한 수준입니다.','2025-06-07 16:51:00','2025-06-07 16:51:00'),(202,198,7,1,'어르신도 쓰기 편하게 잘 되어 있어요.','2025-06-07 16:52:00','2025-06-07 16:52:00'),(203,121,19,3,'대체로 만족하지만 가격이 조금 비싼 것 같아요.','2025-06-07 16:53:00','2025-06-07 16:53:00'),(204,46,31,3,'전반적으로 안정적인 요금제입니다.','2025-06-07 16:54:00','2025-06-07 16:54:00'),(205,73,22,2,'요즘 프로모션이 많아서 좋아요.','2025-06-07 16:55:00','2025-06-07 16:55:00'),(206,185,43,2,'요즘 프로모션이 많아서 좋아요.','2025-06-07 16:56:00','2025-06-07 16:56:00'),(207,152,6,4,'부가서비스가 다양해서 좋네요.','2025-06-07 16:57:00','2025-06-07 16:57:00'),(208,152,29,2,'가격은 싸지만 속도가 너무 느려요.','2025-06-07 16:58:00','2025-06-07 16:58:00'),(209,131,16,1,'영상 스트리밍은 끊김 없이 잘 됩니다.','2025-06-07 16:59:00','2025-06-07 16:59:00'),(210,2,6,3,'데이터도 넉넉하고 속도도 빨라서 매우 만족합니다.','2025-06-07 17:00:00','2025-06-07 17:00:00'),(211,198,19,2,'최악이에요. 다시는 안 써요.','2025-06-07 17:01:00','2025-06-07 17:01:00'),(212,153,4,3,'해외에서도 잘 터져서 유용했어요.','2025-06-07 17:02:00','2025-06-07 17:02:00'),(213,168,28,5,'생각보다 데이터가 금방 소진되네요.','2025-06-07 17:03:00','2025-06-07 17:03:00'),(214,141,39,3,'가성비 최고입니다.','2025-06-07 17:04:00','2025-06-07 17:04:00'),(215,171,2,5,'데이터도 넉넉하고 속도도 빨라서 매우 만족합니다.','2025-06-07 17:05:00','2025-06-07 17:05:00'),(216,47,4,1,'가성비 최고입니다.','2025-06-07 17:06:00','2025-06-07 17:06:00'),(217,124,12,3,'그럭저럭 사용할만 합니다.','2025-06-07 17:07:00','2025-06-07 17:07:00'),(218,93,25,3,'어르신도 쓰기 편하게 잘 되어 있어요.','2025-06-07 17:08:00','2025-06-07 17:08:00'),(219,171,26,5,'최악이에요. 다시는 안 써요.','2025-06-07 17:09:00','2025-06-07 17:09:00'),(220,178,38,4,'전반적으로 무난하지만 특색은 없어요.','2025-06-07 17:10:00','2025-06-07 17:10:00'),(221,132,33,3,'데이터도 넉넉하고 속도도 빨라서 매우 만족합니다.','2025-06-07 17:11:00','2025-06-07 17:11:00'),(222,188,43,3,'생각보다 데이터가 금방 소진되네요.','2025-06-07 17:12:00','2025-06-07 17:12:00'),(223,88,31,3,'생각보다 데이터가 금방 소진되네요.','2025-06-07 17:13:00','2025-06-07 17:13:00'),(224,41,41,5,'무난한 수준입니다.','2025-06-07 17:14:00','2025-06-07 17:14:00'),(225,25,24,5,'통화 품질은 좋은데 요금이 높아요.','2025-06-07 17:15:00','2025-06-07 17:15:00'),(226,164,36,2,'친절한 고객센터에 감동했어요.','2025-06-07 17:16:00','2025-06-07 17:16:00'),(227,15,8,5,'데이터도 넉넉하고 속도도 빨라서 매우 만족합니다.','2025-06-07 17:17:00','2025-06-07 17:17:00'),(228,191,39,4,'부가서비스가 다양해서 좋네요.','2025-06-07 17:18:00','2025-06-07 17:18:00'),(229,140,12,4,'속도는 괜찮은데 데이터가 좀 부족한 느낌이에요.','2025-06-07 17:19:00','2025-06-07 17:19:00'),(230,43,6,2,'생각보다 데이터가 금방 소진되네요.','2025-06-07 17:20:00','2025-06-07 17:20:00'),(231,111,3,1,'요즘 프로모션이 많아서 좋아요.','2025-06-07 17:21:00','2025-06-07 17:21:00'),(232,161,7,5,'통화 품질은 좋은데 요금이 높아요.','2025-06-07 17:22:00','2025-06-07 17:22:00'),(233,16,28,5,'서비스센터 응대가 별로였어요.','2025-06-07 17:23:00','2025-06-07 17:23:00'),(234,117,31,1,'통화 품질은 좋은데 요금이 높아요.','2025-06-07 17:24:00','2025-06-07 17:24:00'),(235,109,32,1,'가성비 최고입니다.','2025-06-07 17:25:00','2025-06-07 17:25:00'),(236,66,33,5,'전반적으로 안정적인 요금제입니다.','2025-06-07 17:26:00','2025-06-07 17:26:00'),(237,105,7,5,'가성비 최고입니다.','2025-06-07 17:27:00','2025-06-07 17:27:00'),(238,67,37,5,'해외에서도 잘 터져서 유용했어요.','2025-06-07 17:28:00','2025-06-07 17:28:00'),(239,51,30,4,'어르신도 쓰기 편하게 잘 되어 있어요.','2025-06-07 17:29:00','2025-06-07 17:29:00'),(240,75,16,5,'가성비 최고입니다.','2025-06-07 17:30:00','2025-06-07 17:30:00'),(241,49,28,4,'해외에서도 잘 터져서 유용했어요.','2025-06-07 17:31:00','2025-06-07 17:31:00'),(242,40,38,1,'요즘 프로모션이 많아서 좋아요.','2025-06-07 17:32:00','2025-06-07 17:32:00'),(243,83,34,4,'무난한 수준입니다.','2025-06-07 17:33:00','2025-06-07 17:33:00'),(244,3,43,3,'요즘 프로모션이 많아서 좋아요.','2025-06-07 17:34:00','2025-06-07 17:34:00'),(245,29,17,1,'무난한 수준입니다.','2025-06-07 17:35:00','2025-06-07 17:35:00'),(246,12,46,2,'그럭저럭 사용할만 합니다.','2025-06-07 17:36:00','2025-06-07 17:36:00'),(247,106,6,3,'전반적으로 무난하지만 특색은 없어요.','2025-06-07 17:37:00','2025-06-07 17:37:00'),(248,180,21,3,'가성비 최고입니다.','2025-06-07 17:38:00','2025-06-07 17:38:00'),(249,103,40,4,'최악이에요. 다시는 안 써요.','2025-06-07 17:39:00','2025-06-07 17:39:00'),(250,100,42,3,'무난한 수준입니다.','2025-06-07 17:40:00','2025-06-07 17:40:00'),(251,104,26,5,'가성비 최고입니다.','2025-06-07 17:41:00','2025-06-07 17:41:00'),(252,122,23,4,'최악이에요. 다시는 안 써요.','2025-06-07 17:42:00','2025-06-07 17:42:00'),(253,52,39,3,'부가서비스가 다양해서 좋네요.','2025-06-07 17:43:00','2025-06-07 17:43:00'),(254,178,24,5,'데이터도 넉넉하고 속도도 빨라서 매우 만족합니다.','2025-06-07 17:44:00','2025-06-07 17:44:00'),(255,68,25,3,'가격은 싸지만 속도가 너무 느려요.','2025-06-07 17:45:00','2025-06-07 17:45:00'),(256,186,42,1,'통화 품질은 좋은데 요금이 높아요.','2025-06-07 17:46:00','2025-06-07 17:46:00'),(257,34,25,2,'무난한 수준입니다.','2025-06-07 17:47:00','2025-06-07 17:47:00'),(258,187,7,5,'어르신도 쓰기 편하게 잘 되어 있어요.','2025-06-07 17:48:00','2025-06-07 17:48:00'),(259,82,14,4,'영상 스트리밍은 끊김 없이 잘 됩니다.','2025-06-07 17:49:00','2025-06-07 17:49:00'),(260,199,34,5,'전반적으로 무난하지만 특색은 없어요.','2025-06-07 17:50:00','2025-06-07 17:50:00'),(261,129,42,5,'부가서비스가 다양해서 좋네요.','2025-06-07 17:51:00','2025-06-07 17:51:00'),(262,101,35,3,'요즘 프로모션이 많아서 좋아요.','2025-06-07 17:52:00','2025-06-07 17:52:00'),(263,84,16,2,'그럭저럭 사용할만 합니다.','2025-06-07 17:53:00','2025-06-07 17:53:00'),(264,177,37,5,'전반적으로 무난하지만 특색은 없어요.','2025-06-07 17:54:00','2025-06-07 17:54:00'),(265,62,29,5,'해외에서도 잘 터져서 유용했어요.','2025-06-07 17:55:00','2025-06-07 17:55:00'),(266,140,28,2,'전반적으로 안정적인 요금제입니다.','2025-06-07 17:56:00','2025-06-07 17:56:00'),(267,136,44,2,'최악이에요. 다시는 안 써요.','2025-06-07 17:57:00','2025-06-07 17:57:00'),(268,155,42,5,'전반적으로 안정적인 요금제입니다.','2025-06-07 17:58:00','2025-06-07 17:58:00'),(269,193,36,3,'영상 스트리밍은 끊김 없이 잘 됩니다.','2025-06-07 17:59:00','2025-06-07 17:59:00'),(270,69,41,2,'속도는 괜찮은데 데이터가 좀 부족한 느낌이에요.','2025-06-07 18:00:00','2025-06-07 18:00:00'),(271,71,17,2,'데이터도 넉넉하고 속도도 빨라서 매우 만족합니다.','2025-06-07 18:01:00','2025-06-07 18:01:00'),(272,193,38,2,'전반적으로 무난하지만 특색은 없어요.','2025-06-07 18:02:00','2025-06-07 18:02:00'),(273,81,43,3,'전반적으로 안정적인 요금제입니다.','2025-06-07 18:03:00','2025-06-07 18:03:00'),(274,17,23,3,'무난한 수준입니다.','2025-06-07 18:04:00','2025-06-07 18:04:00'),(275,36,49,1,'데이터도 넉넉하고 속도도 빨라서 매우 만족합니다.','2025-06-07 18:05:00','2025-06-07 18:05:00'),(276,57,9,4,'친절한 고객센터에 감동했어요.','2025-06-07 18:06:00','2025-06-07 18:06:00'),(277,152,2,5,'통화 품질이 좋지 않아서 아쉬웠어요.','2025-06-07 18:07:00','2025-06-07 18:07:00'),(278,65,39,4,'가격은 싸지만 속도가 너무 느려요.','2025-06-07 18:08:00','2025-06-07 18:08:00'),(279,147,34,5,'데이터도 넉넉하고 속도도 빨라서 매우 만족합니다.','2025-06-07 18:09:00','2025-06-07 18:09:00'),(280,160,36,5,'통화 품질은 좋은데 요금이 높아요.','2025-06-07 18:10:00','2025-06-07 18:10:00'),(281,93,10,5,'요즘 프로모션이 많아서 좋아요.','2025-06-07 18:11:00','2025-06-07 18:11:00'),(282,157,14,2,'부가서비스가 다양해서 좋네요.','2025-06-07 18:12:00','2025-06-07 18:12:00'),(283,92,34,2,'통화 품질이 좋지 않아서 아쉬웠어요.','2025-06-07 18:13:00','2025-06-07 18:13:00'),(284,141,24,1,'통화 품질은 좋은데 요금이 높아요.','2025-06-07 18:14:00','2025-06-07 18:14:00'),(285,77,27,2,'최악이에요. 다시는 안 써요.','2025-06-07 18:15:00','2025-06-07 18:15:00'),(286,161,31,1,'어르신도 쓰기 편하게 잘 되어 있어요.','2025-06-07 18:16:00','2025-06-07 18:16:00'),(287,89,5,5,'요즘 프로모션이 많아서 좋아요.','2025-06-07 18:17:00','2025-06-07 18:17:00'),(288,181,16,3,'영상 스트리밍은 끊김 없이 잘 됩니다.','2025-06-07 18:18:00','2025-06-07 18:18:00'),(289,13,49,3,'서비스센터 응대가 별로였어요.','2025-06-07 18:19:00','2025-06-07 18:19:00'),(290,21,46,3,'가성비 최고입니다.','2025-06-07 18:20:00','2025-06-07 18:20:00'),(291,14,46,2,'가성비 최고입니다.','2025-06-07 18:21:00','2025-06-07 18:21:00'),(292,115,28,3,'어르신도 쓰기 편하게 잘 되어 있어요.','2025-06-07 18:22:00','2025-06-07 18:22:00'),(293,92,17,3,'최악이에요. 다시는 안 써요.','2025-06-07 18:23:00','2025-06-07 18:23:00'),(294,83,18,3,'대체로 만족하지만 가격이 조금 비싼 것 같아요.','2025-06-07 18:24:00','2025-06-07 18:24:00'),(295,68,18,2,'영상 스트리밍은 끊김 없이 잘 됩니다.','2025-06-07 18:25:00','2025-06-07 18:25:00'),(296,67,43,4,'속도는 괜찮은데 데이터가 좀 부족한 느낌이에요.','2025-06-07 18:26:00','2025-06-07 18:26:00'),(297,138,34,5,'친절한 고객센터에 감동했어요.','2025-06-07 18:27:00','2025-06-07 18:27:00'),(298,128,29,3,'친절한 고객센터에 감동했어요.','2025-06-07 18:28:00','2025-06-07 18:28:00'),(299,53,9,4,'통화 품질이 좋지 않아서 아쉬웠어요.','2025-06-07 18:29:00','2025-06-07 18:29:00'),(300,161,5,4,'서비스센터 응대가 별로였어요.','2025-06-07 18:30:00','2025-06-07 18:30:00'),(301,189,19,2,'해외에서도 잘 터져서 유용했어요.','2025-06-07 18:31:00','2025-06-07 18:31:00'),(302,92,25,4,'그럭저럭 사용할만 합니다.','2025-06-07 18:32:00','2025-06-07 18:32:00'),(303,66,15,3,'속도는 괜찮은데 데이터가 좀 부족한 느낌이에요.','2025-06-07 18:33:00','2025-06-07 18:33:00'),(304,90,47,1,'어르신도 쓰기 편하게 잘 되어 있어요.','2025-06-07 18:34:00','2025-06-07 18:34:00'),(305,81,25,1,'어르신도 쓰기 편하게 잘 되어 있어요.','2025-06-07 18:35:00','2025-06-07 18:35:00'),(306,86,1,5,'어르신도 쓰기 편하게 잘 되어 있어요.','2025-06-07 18:36:00','2025-06-07 18:36:00'),(307,98,17,2,'통화 품질이 좋지 않아서 아쉬웠어요.','2025-06-07 18:37:00','2025-06-07 18:37:00'),(308,96,23,5,'해외에서도 잘 터져서 유용했어요.','2025-06-07 18:38:00','2025-06-07 18:38:00'),(309,94,27,1,'최악이에요. 다시는 안 써요.','2025-06-07 18:39:00','2025-06-07 18:39:00'),(310,38,44,4,'그럭저럭 사용할만 합니다.','2025-06-07 18:40:00','2025-06-07 18:40:00'),(311,133,40,2,'생각보다 데이터가 금방 소진되네요.','2025-06-07 18:41:00','2025-06-07 18:41:00'),(312,185,49,2,'전반적으로 무난하지만 특색은 없어요.','2025-06-07 18:42:00','2025-06-07 18:42:00'),(313,164,31,4,'통화 품질이 좋지 않아서 아쉬웠어요.','2025-06-07 18:43:00','2025-06-07 18:43:00'),(314,71,28,1,'그럭저럭 사용할만 합니다.','2025-06-07 18:44:00','2025-06-07 18:44:00'),(315,153,20,4,'친절한 고객센터에 감동했어요.','2025-06-07 18:45:00','2025-06-07 18:45:00'),(316,198,12,1,'요즘 프로모션이 많아서 좋아요.','2025-06-07 18:46:00','2025-06-07 18:46:00'),(317,151,45,1,'최악이에요. 다시는 안 써요.','2025-06-07 18:47:00','2025-06-07 18:47:00'),(318,193,31,5,'해외에서도 잘 터져서 유용했어요.','2025-06-07 18:48:00','2025-06-07 18:48:00'),(319,141,31,2,'최악이에요. 다시는 안 써요.','2025-06-07 18:49:00','2025-06-07 18:49:00'),(320,164,40,5,'가성비 최고입니다.','2025-06-07 18:50:00','2025-06-07 18:50:00'),(321,10,41,2,'최악이에요. 다시는 안 써요.','2025-06-07 18:51:00','2025-06-07 18:51:00'),(322,172,17,3,'통화 품질이 좋지 않아서 아쉬웠어요.','2025-06-07 18:52:00','2025-06-07 18:52:00'),(323,180,23,2,'부가서비스가 다양해서 좋네요.','2025-06-07 18:53:00','2025-06-07 18:53:00'),(324,152,38,4,'무난한 수준입니다.','2025-06-07 18:54:00','2025-06-07 18:54:00'),(325,58,28,4,'가성비 최고입니다.','2025-06-07 18:55:00','2025-06-07 18:55:00'),(326,58,32,2,'영상 스트리밍은 끊김 없이 잘 됩니다.','2025-06-07 18:56:00','2025-06-07 18:56:00'),(327,147,15,1,'속도는 괜찮은데 데이터가 좀 부족한 느낌이에요.','2025-06-07 18:57:00','2025-06-07 18:57:00'),(328,170,19,4,'전반적으로 안정적인 요금제입니다.','2025-06-07 18:58:00','2025-06-07 18:58:00'),(329,118,48,1,'데이터도 넉넉하고 속도도 빨라서 매우 만족합니다.','2025-06-07 18:59:00','2025-06-07 18:59:00'),(330,35,37,1,'해외에서도 잘 터져서 유용했어요.','2025-06-07 19:00:00','2025-06-07 19:00:00'),(331,28,15,2,'영상 스트리밍은 끊김 없이 잘 됩니다.','2025-06-07 19:01:00','2025-06-07 19:01:00'),(332,128,3,1,'데이터도 넉넉하고 속도도 빨라서 매우 만족합니다.','2025-06-07 19:02:00','2025-06-07 19:02:00'),(333,142,23,4,'가성비 최고입니다.','2025-06-07 19:03:00','2025-06-07 19:03:00'),(334,10,18,3,'친절한 고객센터에 감동했어요.','2025-06-07 19:04:00','2025-06-07 19:04:00'),(335,190,8,2,'무난한 수준입니다.','2025-06-07 19:05:00','2025-06-07 19:05:00'),(336,42,2,3,'통화 품질이 좋지 않아서 아쉬웠어요.','2025-06-07 19:06:00','2025-06-07 19:06:00'),(337,187,10,3,'데이터도 넉넉하고 속도도 빨라서 매우 만족합니다.','2025-06-07 19:07:00','2025-06-07 19:07:00'),(338,85,30,1,'생각보다 데이터가 금방 소진되네요.','2025-06-07 19:08:00','2025-06-07 19:08:00'),(339,150,2,1,'해외에서도 잘 터져서 유용했어요.','2025-06-07 19:09:00','2025-06-07 19:09:00'),(340,22,15,2,'가격은 싸지만 속도가 너무 느려요.','2025-06-07 19:10:00','2025-06-07 19:10:00'),(341,62,19,5,'전반적으로 안정적인 요금제입니다.','2025-06-07 19:11:00','2025-06-07 19:11:00'),(342,101,20,5,'가격은 싸지만 속도가 너무 느려요.','2025-06-07 19:12:00','2025-06-07 19:12:00'),(343,133,41,2,'가격은 싸지만 속도가 너무 느려요.','2025-06-07 19:13:00','2025-06-07 19:13:00'),(344,125,40,2,'속도는 괜찮은데 데이터가 좀 부족한 느낌이에요.','2025-06-07 19:14:00','2025-06-07 19:14:00'),(345,84,12,2,'요즘 프로모션이 많아서 좋아요.','2025-06-07 19:15:00','2025-06-07 19:15:00'),(346,156,28,2,'대체로 만족하지만 가격이 조금 비싼 것 같아요.','2025-06-07 19:16:00','2025-06-07 19:16:00'),(347,132,16,3,'어르신도 쓰기 편하게 잘 되어 있어요.','2025-06-07 19:17:00','2025-06-07 19:17:00'),(348,182,3,1,'통화 품질이 좋지 않아서 아쉬웠어요.','2025-06-07 19:18:00','2025-06-07 19:18:00'),(349,190,40,3,'전반적으로 안정적인 요금제입니다.','2025-06-07 19:19:00','2025-06-07 19:19:00'),(350,199,10,1,'전반적으로 안정적인 요금제입니다.','2025-06-07 19:20:00','2025-06-07 19:20:00'),(351,64,38,5,'친절한 고객센터에 감동했어요.','2025-06-07 19:21:00','2025-06-07 19:21:00'),(352,139,22,2,'속도는 괜찮은데 데이터가 좀 부족한 느낌이에요.','2025-06-07 19:22:00','2025-06-07 19:22:00'),(353,103,36,4,'영상 스트리밍은 끊김 없이 잘 됩니다.','2025-06-07 19:23:00','2025-06-07 19:23:00'),(354,107,47,3,'그럭저럭 사용할만 합니다.','2025-06-07 19:24:00','2025-06-07 19:24:00'),(355,133,31,3,'요즘 프로모션이 많아서 좋아요.','2025-06-07 19:25:00','2025-06-07 19:25:00'),(356,93,39,2,'가성비 최고입니다.','2025-06-07 19:26:00','2025-06-07 19:26:00'),(357,157,7,3,'전반적으로 안정적인 요금제입니다.','2025-06-07 19:27:00','2025-06-07 19:27:00'),(358,30,4,1,'친절한 고객센터에 감동했어요.','2025-06-07 19:28:00','2025-06-07 19:28:00'),(359,125,31,3,'데이터도 넉넉하고 속도도 빨라서 매우 만족합니다.','2025-06-07 19:29:00','2025-06-07 19:29:00'),(360,117,4,2,'그럭저럭 사용할만 합니다.','2025-06-07 19:30:00','2025-06-07 19:30:00'),(361,27,25,1,'통화 품질은 좋은데 요금이 높아요.','2025-06-07 19:31:00','2025-06-07 19:31:00'),(362,11,21,4,'해외에서도 잘 터져서 유용했어요.','2025-06-07 19:32:00','2025-06-07 19:32:00'),(363,109,46,4,'전반적으로 무난하지만 특색은 없어요.','2025-06-07 19:33:00','2025-06-07 19:33:00'),(364,56,30,2,'전반적으로 무난하지만 특색은 없어요.','2025-06-07 19:34:00','2025-06-07 19:34:00'),(365,122,16,3,'통화 품질은 좋은데 요금이 높아요.','2025-06-07 19:35:00','2025-06-07 19:35:00'),(366,134,49,2,'최악이에요. 다시는 안 써요.','2025-06-07 19:36:00','2025-06-07 19:36:00'),(367,173,35,4,'어르신도 쓰기 편하게 잘 되어 있어요.','2025-06-07 19:37:00','2025-06-07 19:37:00'),(368,37,39,4,'속도는 괜찮은데 데이터가 좀 부족한 느낌이에요.','2025-06-07 19:38:00','2025-06-07 19:38:00'),(369,56,39,5,'통화 품질은 좋은데 요금이 높아요.','2025-06-07 19:39:00','2025-06-07 19:39:00'),(370,24,21,1,'전반적으로 안정적인 요금제입니다.','2025-06-07 19:40:00','2025-06-07 19:40:00'),(371,114,34,3,'가격은 싸지만 속도가 너무 느려요.','2025-06-07 19:41:00','2025-06-07 19:41:00'),(372,12,15,4,'부가서비스가 다양해서 좋네요.','2025-06-07 19:42:00','2025-06-07 19:42:00'),(373,6,45,3,'전반적으로 무난하지만 특색은 없어요.','2025-06-07 19:43:00','2025-06-07 19:43:00'),(374,72,22,1,'영상 스트리밍은 끊김 없이 잘 됩니다.','2025-06-07 19:44:00','2025-06-07 19:44:00'),(375,80,12,1,'속도는 괜찮은데 데이터가 좀 부족한 느낌이에요.','2025-06-07 19:45:00','2025-06-07 19:45:00'),(376,10,35,3,'무난한 수준입니다.','2025-06-07 19:46:00','2025-06-07 19:46:00'),(377,183,20,3,'최악이에요. 다시는 안 써요.','2025-06-07 19:47:00','2025-06-07 19:47:00'),(378,12,3,1,'전반적으로 무난하지만 특색은 없어요.','2025-06-07 19:48:00','2025-06-07 19:48:00'),(379,6,40,5,'전반적으로 무난하지만 특색은 없어요.','2025-06-07 19:49:00','2025-06-07 19:49:00'),(380,8,12,5,'가격은 싸지만 속도가 너무 느려요.','2025-06-07 19:50:00','2025-06-07 19:50:00'),(381,150,30,1,'가격은 싸지만 속도가 너무 느려요.','2025-06-07 19:51:00','2025-06-07 19:51:00'),(382,24,18,3,'생각보다 데이터가 금방 소진되네요.','2025-06-07 19:52:00','2025-06-07 19:52:00'),(383,10,37,1,'영상 스트리밍은 끊김 없이 잘 됩니다.','2025-06-07 19:53:00','2025-06-07 19:53:00'),(384,171,4,4,'어르신도 쓰기 편하게 잘 되어 있어요.','2025-06-07 19:54:00','2025-06-07 19:54:00'),(385,170,28,4,'친절한 고객센터에 감동했어요.','2025-06-07 19:55:00','2025-06-07 19:55:00'),(386,4,44,2,'전반적으로 안정적인 요금제입니다.','2025-06-07 19:56:00','2025-06-07 19:56:00'),(387,197,15,1,'어르신도 쓰기 편하게 잘 되어 있어요.','2025-06-07 19:57:00','2025-06-07 19:57:00'),(388,136,20,1,'서비스센터 응대가 별로였어요.','2025-06-07 19:58:00','2025-06-07 19:58:00'),(389,99,13,1,'해외에서도 잘 터져서 유용했어요.','2025-06-07 19:59:00','2025-06-07 19:59:00'),(390,114,30,5,'그럭저럭 사용할만 합니다.','2025-06-07 20:00:00','2025-06-07 20:00:00'),(391,197,26,1,'데이터도 넉넉하고 속도도 빨라서 매우 만족합니다.','2025-06-07 20:01:00','2025-06-07 20:01:00'),(392,186,36,4,'요즘 프로모션이 많아서 좋아요.','2025-06-07 20:02:00','2025-06-07 20:02:00'),(393,181,7,3,'통화 품질은 좋은데 요금이 높아요.','2025-06-07 20:03:00','2025-06-07 20:03:00'),(394,177,1,4,'전반적으로 안정적인 요금제입니다.','2025-06-07 20:04:00','2025-06-07 20:04:00'),(395,43,15,3,'영상 스트리밍은 끊김 없이 잘 됩니다.','2025-06-07 20:05:00','2025-06-07 20:05:00'),(396,25,30,1,'가격은 싸지만 속도가 너무 느려요.','2025-06-07 20:06:00','2025-06-07 20:06:00'),(397,145,23,1,'통화 품질은 좋은데 요금이 높아요.','2025-06-07 20:07:00','2025-06-07 20:07:00'),(398,116,17,5,'최악이에요. 다시는 안 써요.','2025-06-07 20:08:00','2025-06-07 20:08:00'),(399,153,10,2,'통화 품질이 좋지 않아서 아쉬웠어요.','2025-06-07 20:09:00','2025-06-07 20:09:00'),(400,65,43,4,'통화 품질은 좋은데 요금이 높아요.','2025-06-07 20:10:00','2025-06-07 20:10:00'),(401,147,16,5,'가격은 싸지만 속도가 너무 느려요.','2025-06-07 20:11:00','2025-06-07 20:11:00'),(402,14,24,4,'전반적으로 무난하지만 특색은 없어요.','2025-06-07 20:12:00','2025-06-07 20:12:00'),(403,45,13,3,'부가서비스가 다양해서 좋네요.','2025-06-07 20:13:00','2025-06-07 20:13:00'),(404,70,20,5,'무난한 수준입니다.','2025-06-07 20:14:00','2025-06-07 20:14:00'),(405,108,46,2,'영상 스트리밍은 끊김 없이 잘 됩니다.','2025-06-07 20:15:00','2025-06-07 20:15:00'),(406,11,15,5,'데이터도 넉넉하고 속도도 빨라서 매우 만족합니다.','2025-06-07 20:16:00','2025-06-07 20:16:00'),(407,88,41,5,'생각보다 데이터가 금방 소진되네요.','2025-06-07 20:17:00','2025-06-07 20:17:00'),(408,93,46,4,'해외에서도 잘 터져서 유용했어요.','2025-06-07 20:18:00','2025-06-07 20:18:00'),(409,188,19,5,'그럭저럭 사용할만 합니다.','2025-06-07 20:19:00','2025-06-07 20:19:00'),(410,120,36,2,'어르신도 쓰기 편하게 잘 되어 있어요.','2025-06-07 20:20:00','2025-06-07 20:20:00'),(411,85,8,5,'속도는 괜찮은데 데이터가 좀 부족한 느낌이에요.','2025-06-07 20:21:00','2025-06-07 20:21:00'),(412,135,46,1,'전반적으로 무난하지만 특색은 없어요.','2025-06-07 20:22:00','2025-06-07 20:22:00'),(413,182,9,2,'데이터도 넉넉하고 속도도 빨라서 매우 만족합니다.','2025-06-07 20:23:00','2025-06-07 20:23:00'),(414,68,1,4,'그럭저럭 사용할만 합니다.','2025-06-07 20:24:00','2025-06-07 20:24:00'),(415,92,19,2,'전반적으로 안정적인 요금제입니다.','2025-06-07 20:25:00','2025-06-07 20:25:00'),(416,195,3,1,'영상 스트리밍은 끊김 없이 잘 됩니다.','2025-06-07 20:26:00','2025-06-07 20:26:00'),(417,142,39,3,'영상 스트리밍은 끊김 없이 잘 됩니다.','2025-06-07 20:27:00','2025-06-07 20:27:00'),(418,178,15,5,'생각보다 데이터가 금방 소진되네요.','2025-06-07 20:28:00','2025-06-07 20:28:00'),(419,158,3,5,'무난한 수준입니다.','2025-06-07 20:29:00','2025-06-07 20:29:00'),(420,96,49,2,'전반적으로 안정적인 요금제입니다.','2025-06-07 20:30:00','2025-06-07 20:30:00'),(421,178,20,5,'가성비 최고입니다.','2025-06-07 20:31:00','2025-06-07 20:31:00'),(422,184,10,3,'무난한 수준입니다.','2025-06-07 20:32:00','2025-06-07 20:32:00'),(423,52,37,3,'생각보다 데이터가 금방 소진되네요.','2025-06-07 20:33:00','2025-06-07 20:33:00'),(424,182,23,4,'친절한 고객센터에 감동했어요.','2025-06-07 20:34:00','2025-06-07 20:34:00'),(425,72,9,1,'무난한 수준입니다.','2025-06-07 20:35:00','2025-06-07 20:35:00'),(426,75,24,1,'통화 품질은 좋은데 요금이 높아요.','2025-06-07 20:36:00','2025-06-07 20:36:00'),(427,172,28,3,'전반적으로 무난하지만 특색은 없어요.','2025-06-07 20:37:00','2025-06-07 20:37:00'),(428,37,9,3,'부가서비스가 다양해서 좋네요.','2025-06-07 20:38:00','2025-06-07 20:38:00'),(429,4,1,4,'부가서비스가 다양해서 좋네요.','2025-06-07 20:39:00','2025-06-07 20:39:00'),(430,172,43,2,'해외에서도 잘 터져서 유용했어요.','2025-06-07 20:40:00','2025-06-07 20:40:00'),(431,63,14,2,'전반적으로 무난하지만 특색은 없어요.','2025-06-07 20:41:00','2025-06-07 20:41:00'),(432,97,24,3,'통화 품질이 좋지 않아서 아쉬웠어요.','2025-06-07 20:42:00','2025-06-07 20:42:00'),(433,170,24,3,'속도는 괜찮은데 데이터가 좀 부족한 느낌이에요.','2025-06-07 20:43:00','2025-06-07 20:43:00'),(434,47,34,4,'친절한 고객센터에 감동했어요.','2025-06-07 20:44:00','2025-06-07 20:44:00'),(435,51,11,1,'요즘 프로모션이 많아서 좋아요.','2025-06-07 20:45:00','2025-06-07 20:45:00'),(436,187,35,2,'요즘 프로모션이 많아서 좋아요.','2025-06-07 20:46:00','2025-06-07 20:46:00'),(437,16,36,4,'전반적으로 안정적인 요금제입니다.','2025-06-07 20:47:00','2025-06-07 20:47:00'),(438,84,42,1,'가성비 최고입니다.','2025-06-07 20:48:00','2025-06-07 20:48:00'),(439,1,27,5,'데이터도 넉넉하고 속도도 빨라서 매우 만족합니다.','2025-06-07 20:49:00','2025-06-07 20:49:00'),(440,15,48,4,'통화 품질은 좋은데 요금이 높아요.','2025-06-07 20:50:00','2025-06-07 20:50:00'),(441,130,47,5,'가격은 싸지만 속도가 너무 느려요.','2025-06-07 20:51:00','2025-06-07 20:51:00'),(442,79,49,1,'전반적으로 안정적인 요금제입니다.','2025-06-07 20:52:00','2025-06-07 20:52:00'),(443,155,9,2,'요즘 프로모션이 많아서 좋아요.','2025-06-07 20:53:00','2025-06-07 20:53:00'),(444,56,24,3,'최악이에요. 다시는 안 써요.','2025-06-07 20:54:00','2025-06-07 20:54:00'),(445,99,18,3,'가성비 최고입니다.','2025-06-07 20:55:00','2025-06-07 20:55:00'),(446,118,37,5,'어르신도 쓰기 편하게 잘 되어 있어요.','2025-06-07 20:56:00','2025-06-07 20:56:00'),(447,170,23,5,'어르신도 쓰기 편하게 잘 되어 있어요.','2025-06-07 20:57:00','2025-06-07 20:57:00'),(448,184,39,2,'가성비 최고입니다.','2025-06-07 20:58:00','2025-06-07 20:58:00'),(449,77,10,5,'속도는 괜찮은데 데이터가 좀 부족한 느낌이에요.','2025-06-07 20:59:00','2025-06-07 20:59:00'),(450,95,11,1,'전반적으로 무난하지만 특색은 없어요.','2025-06-07 21:00:00','2025-06-07 21:00:00'),(451,89,21,5,'친절한 고객센터에 감동했어요.','2025-06-07 21:01:00','2025-06-07 21:01:00'),(452,158,42,4,'전반적으로 무난하지만 특색은 없어요.','2025-06-07 21:02:00','2025-06-07 21:02:00'),(453,161,34,4,'영상 스트리밍은 끊김 없이 잘 됩니다.','2025-06-07 21:03:00','2025-06-07 21:03:00'),(454,75,19,1,'요즘 프로모션이 많아서 좋아요.','2025-06-07 21:04:00','2025-06-07 21:04:00'),(455,160,18,5,'속도는 괜찮은데 데이터가 좀 부족한 느낌이에요.','2025-06-07 21:05:00','2025-06-07 21:05:00'),(456,62,34,2,'생각보다 데이터가 금방 소진되네요.','2025-06-07 21:06:00','2025-06-07 21:06:00'),(457,102,44,5,'전반적으로 무난하지만 특색은 없어요.','2025-06-07 21:07:00','2025-06-07 21:07:00'),(458,162,49,4,'속도는 괜찮은데 데이터가 좀 부족한 느낌이에요.','2025-06-07 21:08:00','2025-06-07 21:08:00'),(459,107,30,4,'무난한 수준입니다.','2025-06-07 21:09:00','2025-06-07 21:09:00'),(460,45,49,5,'대체로 만족하지만 가격이 조금 비싼 것 같아요.','2025-06-07 21:10:00','2025-06-07 21:10:00'),(461,166,28,1,'해외에서도 잘 터져서 유용했어요.','2025-06-07 21:11:00','2025-06-07 21:11:00'),(462,51,39,2,'대체로 만족하지만 가격이 조금 비싼 것 같아요.','2025-06-07 21:12:00','2025-06-07 21:12:00'),(463,72,28,4,'전반적으로 무난하지만 특색은 없어요.','2025-06-07 21:13:00','2025-06-07 21:13:00'),(464,124,47,5,'무난한 수준입니다.','2025-06-07 21:14:00','2025-06-07 21:14:00'),(465,88,29,3,'어르신도 쓰기 편하게 잘 되어 있어요.','2025-06-07 21:15:00','2025-06-07 21:15:00'),(466,177,29,1,'부가서비스가 다양해서 좋네요.','2025-06-07 21:16:00','2025-06-07 21:16:00'),(467,83,10,2,'영상 스트리밍은 끊김 없이 잘 됩니다.','2025-06-07 21:17:00','2025-06-07 21:17:00'),(468,104,2,5,'통화 품질은 좋은데 요금이 높아요.','2025-06-07 21:18:00','2025-06-07 21:18:00'),(469,174,39,2,'무난한 수준입니다.','2025-06-07 21:19:00','2025-06-07 21:19:00'),(470,110,31,2,'최악이에요. 다시는 안 써요.','2025-06-07 21:20:00','2025-06-07 21:20:00'),(471,157,30,2,'전반적으로 안정적인 요금제입니다.','2025-06-07 21:21:00','2025-06-07 21:21:00'),(472,78,17,3,'그럭저럭 사용할만 합니다.','2025-06-07 21:22:00','2025-06-07 21:22:00'),(473,125,24,3,'최악이에요. 다시는 안 써요.','2025-06-07 21:23:00','2025-06-07 21:23:00'),(474,132,46,5,'영상 스트리밍은 끊김 없이 잘 됩니다.','2025-06-07 21:24:00','2025-06-07 21:24:00'),(475,177,11,2,'친절한 고객센터에 감동했어요.','2025-06-07 21:25:00','2025-06-07 21:25:00'),(476,142,28,3,'무난한 수준입니다.','2025-06-07 21:26:00','2025-06-07 21:26:00'),(477,87,39,4,'최악이에요. 다시는 안 써요.','2025-06-07 21:27:00','2025-06-07 21:27:00'),(478,8,31,2,'가격은 싸지만 속도가 너무 느려요.','2025-06-07 21:28:00','2025-06-07 21:28:00'),(479,36,15,5,'전반적으로 무난하지만 특색은 없어요.','2025-06-07 21:29:00','2025-06-07 21:29:00'),(480,116,46,4,'요즘 프로모션이 많아서 좋아요.','2025-06-07 21:30:00','2025-06-07 21:30:00'),(481,185,24,5,'통화 품질은 좋은데 요금이 높아요.','2025-06-07 21:31:00','2025-06-07 21:31:00'),(482,61,18,3,'영상 스트리밍은 끊김 없이 잘 됩니다.','2025-06-07 21:32:00','2025-06-07 21:32:00'),(483,199,12,5,'어르신도 쓰기 편하게 잘 되어 있어요.','2025-06-07 21:33:00','2025-06-07 21:33:00'),(484,169,6,4,'무난한 수준입니다.','2025-06-07 21:34:00','2025-06-07 21:34:00'),(485,4,12,5,'요즘 프로모션이 많아서 좋아요.','2025-06-07 21:35:00','2025-06-07 21:35:00'),(486,47,2,4,'부가서비스가 다양해서 좋네요.','2025-06-07 21:36:00','2025-06-07 21:36:00'),(487,122,19,3,'전반적으로 안정적인 요금제입니다.','2025-06-07 21:37:00','2025-06-07 21:37:00'),(488,50,43,1,'가성비 최고입니다.','2025-06-07 21:38:00','2025-06-07 21:38:00'),(489,125,15,1,'속도는 괜찮은데 데이터가 좀 부족한 느낌이에요.','2025-06-07 21:39:00','2025-06-07 21:39:00'),(490,177,19,4,'생각보다 데이터가 금방 소진되네요.','2025-06-07 21:40:00','2025-06-07 21:40:00'),(491,130,2,2,'무난한 수준입니다.','2025-06-07 21:41:00','2025-06-07 21:41:00'),(492,34,42,1,'가성비 최고입니다.','2025-06-07 21:42:00','2025-06-07 21:42:00'),(493,81,16,1,'전반적으로 안정적인 요금제입니다.','2025-06-07 21:43:00','2025-06-07 21:43:00'),(494,162,38,3,'가성비 최고입니다.','2025-06-07 21:44:00','2025-06-07 21:44:00'),(495,143,39,2,'통화 품질이 좋지 않아서 아쉬웠어요.','2025-06-07 21:45:00','2025-06-07 21:45:00'),(496,109,30,5,'최악이에요. 다시는 안 써요.','2025-06-07 21:46:00','2025-06-07 21:46:00'),(497,53,27,3,'가성비 최고입니다.','2025-06-07 21:47:00','2025-06-07 21:47:00'),(498,13,9,5,'전반적으로 무난하지만 특색은 없어요.','2025-06-07 21:48:00','2025-06-07 21:48:00'),(499,179,48,4,'가성비 최고입니다.','2025-06-07 21:49:00','2025-06-07 21:49:00'),(500,12,47,3,'부가서비스가 다양해서 좋네요.','2025-06-07 21:50:00','2025-06-07 21:50:00'),(501,198,5,4,'생각보다 데이터가 금방 소진되네요.','2025-06-07 21:51:00','2025-06-07 21:51:00'),(502,8,49,4,'어르신도 쓰기 편하게 잘 되어 있어요.','2025-06-07 21:52:00','2025-06-07 21:52:00'),(503,28,10,2,'데이터도 넉넉하고 속도도 빨라서 매우 만족합니다.','2025-06-07 21:53:00','2025-06-07 21:53:00'),(504,51,43,5,'해외에서도 잘 터져서 유용했어요.','2025-06-07 21:54:00','2025-06-07 21:54:00'),(505,180,35,1,'통화 품질이 좋지 않아서 아쉬웠어요.','2025-06-07 21:55:00','2025-06-07 21:55:00'),(506,64,1,2,'부가서비스가 다양해서 좋네요.','2025-06-07 21:56:00','2025-06-07 21:56:00'),(507,149,48,4,'영상 스트리밍은 끊김 없이 잘 됩니다.','2025-06-07 21:57:00','2025-06-07 21:57:00'),(508,79,33,5,'무난한 수준입니다.','2025-06-07 21:58:00','2025-06-07 21:58:00'),(509,109,37,5,'서비스센터 응대가 별로였어요.','2025-06-07 21:59:00','2025-06-07 21:59:00'),(510,66,1,2,'친절한 고객센터에 감동했어요.','2025-06-07 22:00:00','2025-06-07 22:00:00'),(511,146,7,5,'그럭저럭 사용할만 합니다.','2025-06-07 22:01:00','2025-06-07 22:01:00'),(512,16,19,5,'가격은 싸지만 속도가 너무 느려요.','2025-06-07 22:02:00','2025-06-07 22:02:00'),(513,176,15,5,'무난한 수준입니다.','2025-06-07 22:03:00','2025-06-07 22:03:00'),(514,76,42,4,'데이터도 넉넉하고 속도도 빨라서 매우 만족합니다.','2025-06-07 22:04:00','2025-06-07 22:04:00'),(515,46,43,2,'영상 스트리밍은 끊김 없이 잘 됩니다.','2025-06-07 22:05:00','2025-06-07 22:05:00'),(516,166,31,3,'전반적으로 무난하지만 특색은 없어요.','2025-06-07 22:06:00','2025-06-07 22:06:00'),(517,75,8,1,'생각보다 데이터가 금방 소진되네요.','2025-06-07 22:07:00','2025-06-07 22:07:00'),(518,118,13,5,'영상 스트리밍은 끊김 없이 잘 됩니다.','2025-06-07 22:08:00','2025-06-07 22:08:00'),(519,158,4,1,'서비스센터 응대가 별로였어요.','2025-06-07 22:09:00','2025-06-07 22:09:00'),(520,184,23,2,'영상 스트리밍은 끊김 없이 잘 됩니다.','2025-06-07 22:10:00','2025-06-07 22:10:00'),(521,17,19,4,'전반적으로 안정적인 요금제입니다.','2025-06-07 22:11:00','2025-06-07 22:11:00'),(522,198,32,4,'대체로 만족하지만 가격이 조금 비싼 것 같아요.','2025-06-07 22:12:00','2025-06-07 22:12:00'),(523,48,14,4,'가격은 싸지만 속도가 너무 느려요.','2025-06-07 22:13:00','2025-06-07 22:13:00'),(524,150,47,2,'어르신도 쓰기 편하게 잘 되어 있어요.','2025-06-07 22:14:00','2025-06-07 22:14:00'),(525,77,25,2,'생각보다 데이터가 금방 소진되네요.','2025-06-07 22:15:00','2025-06-07 22:15:00'),(526,36,4,3,'통화 품질이 좋지 않아서 아쉬웠어요.','2025-06-07 22:16:00','2025-06-07 22:16:00'),(527,103,12,1,'속도는 괜찮은데 데이터가 좀 부족한 느낌이에요.','2025-06-07 22:17:00','2025-06-07 22:17:00'),(528,136,34,1,'데이터도 넉넉하고 속도도 빨라서 매우 만족합니다.','2025-06-07 22:18:00','2025-06-07 22:18:00'),(529,170,21,1,'전반적으로 무난하지만 특색은 없어요.','2025-06-07 22:19:00','2025-06-07 22:19:00'),(530,19,36,1,'데이터도 넉넉하고 속도도 빨라서 매우 만족합니다.','2025-06-07 22:20:00','2025-06-07 22:20:00'),(531,65,1,5,'대체로 만족하지만 가격이 조금 비싼 것 같아요.','2025-06-07 22:21:00','2025-06-07 22:21:00'),(532,1,6,2,'가격은 싸지만 속도가 너무 느려요.','2025-06-07 22:22:00','2025-06-07 22:22:00'),(533,34,5,4,'요즘 프로모션이 많아서 좋아요.','2025-06-07 22:23:00','2025-06-07 22:23:00'),(534,183,18,5,'데이터도 넉넉하고 속도도 빨라서 매우 만족합니다.','2025-06-07 22:24:00','2025-06-07 22:24:00'),(535,113,14,4,'어르신도 쓰기 편하게 잘 되어 있어요.','2025-06-07 22:25:00','2025-06-07 22:25:00'),(536,98,23,2,'그럭저럭 사용할만 합니다.','2025-06-07 22:26:00','2025-06-07 22:26:00'),(537,94,13,1,'요즘 프로모션이 많아서 좋아요.','2025-06-07 22:27:00','2025-06-07 22:27:00'),(538,39,29,1,'가격은 싸지만 속도가 너무 느려요.','2025-06-07 22:28:00','2025-06-07 22:28:00'),(539,68,17,3,'해외에서도 잘 터져서 유용했어요.','2025-06-07 22:29:00','2025-06-07 22:29:00'),(540,45,18,5,'가격은 싸지만 속도가 너무 느려요.','2025-06-07 22:30:00','2025-06-07 22:30:00'),(541,134,37,1,'전반적으로 안정적인 요금제입니다.','2025-06-07 22:31:00','2025-06-07 22:31:00'),(542,164,12,4,'가성비 최고입니다.','2025-06-07 22:32:00','2025-06-07 22:32:00'),(543,34,1,4,'가격은 싸지만 속도가 너무 느려요.','2025-06-07 22:33:00','2025-06-07 22:33:00'),(544,172,29,3,'통화 품질은 좋은데 요금이 높아요.','2025-06-07 22:34:00','2025-06-07 22:34:00'),(545,2,42,5,'통화 품질은 좋은데 요금이 높아요.','2025-06-07 22:35:00','2025-06-07 22:35:00'),(546,181,29,1,'친절한 고객센터에 감동했어요.','2025-06-07 22:36:00','2025-06-07 22:36:00'),(547,100,14,2,'생각보다 데이터가 금방 소진되네요.','2025-06-07 22:37:00','2025-06-07 22:37:00'),(548,74,12,3,'무난한 수준입니다.','2025-06-07 22:38:00','2025-06-07 22:38:00'),(549,114,49,4,'가성비 최고입니다.','2025-06-07 22:39:00','2025-06-07 22:39:00'),(550,14,23,1,'전반적으로 무난하지만 특색은 없어요.','2025-06-07 22:40:00','2025-06-07 22:40:00'),(551,46,11,2,'친절한 고객센터에 감동했어요.','2025-06-07 22:41:00','2025-06-07 22:41:00'),(552,53,40,4,'최악이에요. 다시는 안 써요.','2025-06-07 22:42:00','2025-06-07 22:42:00'),(553,30,14,4,'서비스센터 응대가 별로였어요.','2025-06-07 22:43:00','2025-06-07 22:43:00'),(554,43,12,2,'통화 품질이 좋지 않아서 아쉬웠어요.','2025-06-07 22:44:00','2025-06-07 22:44:00'),(555,123,31,5,'데이터도 넉넉하고 속도도 빨라서 매우 만족합니다.','2025-06-07 22:45:00','2025-06-07 22:45:00'),(556,35,24,2,'가성비 최고입니다.','2025-06-07 22:46:00','2025-06-07 22:46:00'),(557,129,17,4,'친절한 고객센터에 감동했어요.','2025-06-07 22:47:00','2025-06-07 22:47:00'),(558,58,20,4,'그럭저럭 사용할만 합니다.','2025-06-07 22:48:00','2025-06-07 22:48:00'),(559,22,4,5,'서비스센터 응대가 별로였어요.','2025-06-07 22:49:00','2025-06-07 22:49:00'),(560,19,4,3,'최악이에요. 다시는 안 써요.','2025-06-07 22:50:00','2025-06-07 22:50:00'),(561,97,48,4,'영상 스트리밍은 끊김 없이 잘 됩니다.','2025-06-07 22:51:00','2025-06-07 22:51:00'),(562,11,38,4,'부가서비스가 다양해서 좋네요.','2025-06-07 22:52:00','2025-06-07 22:52:00'),(563,144,35,3,'생각보다 데이터가 금방 소진되네요.','2025-06-07 22:53:00','2025-06-07 22:53:00'),(564,26,36,1,'전반적으로 무난하지만 특색은 없어요.','2025-06-07 22:54:00','2025-06-07 22:54:00'),(565,166,46,5,'해외에서도 잘 터져서 유용했어요.','2025-06-07 22:55:00','2025-06-07 22:55:00'),(566,195,30,2,'데이터도 넉넉하고 속도도 빨라서 매우 만족합니다.','2025-06-07 22:56:00','2025-06-07 22:56:00'),(567,125,28,1,'통화 품질은 좋은데 요금이 높아요.','2025-06-07 22:57:00','2025-06-07 22:57:00'),(568,142,1,2,'속도는 괜찮은데 데이터가 좀 부족한 느낌이에요.','2025-06-07 22:58:00','2025-06-07 22:58:00'),(569,3,21,2,'서비스센터 응대가 별로였어요.','2025-06-07 22:59:00','2025-06-07 22:59:00'),(570,21,19,3,'영상 스트리밍은 끊김 없이 잘 됩니다.','2025-06-07 23:00:00','2025-06-07 23:00:00'),(571,16,5,3,'해외에서도 잘 터져서 유용했어요.','2025-06-07 23:01:00','2025-06-07 23:01:00'),(572,26,45,4,'해외에서도 잘 터져서 유용했어요.','2025-06-07 23:02:00','2025-06-07 23:02:00'),(573,199,32,2,'전반적으로 무난하지만 특색은 없어요.','2025-06-07 23:03:00','2025-06-07 23:03:00'),(574,141,41,3,'서비스센터 응대가 별로였어요.','2025-06-07 23:04:00','2025-06-07 23:04:00'),(575,99,38,3,'대체로 만족하지만 가격이 조금 비싼 것 같아요.','2025-06-07 23:05:00','2025-06-07 23:05:00'),(576,126,44,2,'그럭저럭 사용할만 합니다.','2025-06-07 23:06:00','2025-06-07 23:06:00'),(577,14,10,4,'그럭저럭 사용할만 합니다.','2025-06-07 23:07:00','2025-06-07 23:07:00'),(578,156,35,1,'속도는 괜찮은데 데이터가 좀 부족한 느낌이에요.','2025-06-07 23:08:00','2025-06-07 23:08:00'),(579,87,7,4,'서비스센터 응대가 별로였어요.','2025-06-07 23:09:00','2025-06-07 23:09:00'),(580,127,26,3,'가성비 최고입니다.','2025-06-07 23:10:00','2025-06-07 23:10:00'),(581,160,14,2,'부가서비스가 다양해서 좋네요.','2025-06-07 23:11:00','2025-06-07 23:11:00'),(582,173,11,5,'생각보다 데이터가 금방 소진되네요.','2025-06-07 23:12:00','2025-06-07 23:12:00'),(583,20,44,3,'전반적으로 안정적인 요금제입니다.','2025-06-07 23:13:00','2025-06-07 23:13:00'),(584,37,5,1,'무난한 수준입니다.','2025-06-07 23:14:00','2025-06-07 23:14:00'),(585,71,26,4,'가격은 싸지만 속도가 너무 느려요.','2025-06-07 23:15:00','2025-06-07 23:15:00'),(586,42,34,1,'가성비 최고입니다.','2025-06-07 23:16:00','2025-06-07 23:16:00'),(587,145,4,3,'해외에서도 잘 터져서 유용했어요.','2025-06-07 23:17:00','2025-06-07 23:17:00'),(588,187,39,2,'최악이에요. 다시는 안 써요.','2025-06-07 23:18:00','2025-06-07 23:18:00'),(589,48,12,5,'대체로 만족하지만 가격이 조금 비싼 것 같아요.','2025-06-07 23:19:00','2025-06-07 23:19:00'),(590,128,47,2,'요즘 프로모션이 많아서 좋아요.','2025-06-07 23:20:00','2025-06-07 23:20:00'),(591,61,33,3,'그럭저럭 사용할만 합니다.','2025-06-07 23:21:00','2025-06-07 23:21:00'),(592,101,40,5,'친절한 고객센터에 감동했어요.','2025-06-07 23:22:00','2025-06-07 23:22:00'),(593,161,37,5,'그럭저럭 사용할만 합니다.','2025-06-07 23:23:00','2025-06-07 23:23:00'),(594,33,32,5,'통화 품질이 좋지 않아서 아쉬웠어요.','2025-06-07 23:24:00','2025-06-07 23:24:00'),(595,124,14,4,'무난한 수준입니다.','2025-06-07 23:25:00','2025-06-07 23:25:00'),(596,51,37,2,'통화 품질이 좋지 않아서 아쉬웠어요.','2025-06-07 23:26:00','2025-06-07 23:26:00'),(597,112,46,3,'가성비 최고입니다.','2025-06-07 23:27:00','2025-06-07 23:27:00'),(598,40,25,3,'전반적으로 안정적인 요금제입니다.','2025-06-07 23:28:00','2025-06-07 23:28:00'),(599,121,25,4,'최악이에요. 다시는 안 써요.','2025-06-07 23:29:00','2025-06-07 23:29:00'),(600,131,12,5,'대체로 만족하지만 가격이 조금 비싼 것 같아요.','2025-06-07 23:30:00','2025-06-07 23:30:00'),(601,117,9,3,'전반적으로 안정적인 요금제입니다.','2025-06-07 23:31:00','2025-06-07 23:31:00'),(602,84,36,5,'생각보다 데이터가 금방 소진되네요.','2025-06-07 23:32:00','2025-06-07 23:32:00'),(603,137,47,5,'영상 스트리밍은 끊김 없이 잘 됩니다.','2025-06-07 23:33:00','2025-06-07 23:33:00'),(604,9,15,4,'최악이에요. 다시는 안 써요.','2025-06-07 23:34:00','2025-06-07 23:34:00'),(605,179,42,4,'최악이에요. 다시는 안 써요.','2025-06-07 23:35:00','2025-06-07 23:35:00'),(606,76,14,2,'대체로 만족하지만 가격이 조금 비싼 것 같아요.','2025-06-07 23:36:00','2025-06-07 23:36:00'),(607,32,35,2,'어르신도 쓰기 편하게 잘 되어 있어요.','2025-06-07 23:37:00','2025-06-07 23:37:00'),(608,24,46,1,'전반적으로 안정적인 요금제입니다.','2025-06-07 23:38:00','2025-06-07 23:38:00'),(609,9,28,4,'통화 품질이 좋지 않아서 아쉬웠어요.','2025-06-07 23:39:00','2025-06-07 23:39:00'),(610,1,7,1,'최악이에요. 다시는 안 써요.','2025-06-07 23:40:00','2025-06-07 23:40:00'),(611,117,25,5,'생각보다 데이터가 금방 소진되네요.','2025-06-07 23:41:00','2025-06-07 23:41:00'),(612,95,34,4,'최악이에요. 다시는 안 써요.','2025-06-07 23:42:00','2025-06-07 23:42:00'),(613,198,44,5,'무난한 수준입니다.','2025-06-07 23:43:00','2025-06-07 23:43:00'),(614,38,3,5,'친절한 고객센터에 감동했어요.','2025-06-07 23:44:00','2025-06-07 23:44:00'),(615,129,11,1,'영상 스트리밍은 끊김 없이 잘 됩니다.','2025-06-07 23:45:00','2025-06-07 23:45:00'),(616,103,45,3,'생각보다 데이터가 금방 소진되네요.','2025-06-07 23:46:00','2025-06-07 23:46:00'),(617,104,8,2,'통화 품질은 좋은데 요금이 높아요.','2025-06-07 23:47:00','2025-06-07 23:47:00'),(618,90,46,2,'속도는 괜찮은데 데이터가 좀 부족한 느낌이에요.','2025-06-07 23:48:00','2025-06-07 23:48:00'),(619,41,9,4,'최악이에요. 다시는 안 써요.','2025-06-07 23:49:00','2025-06-07 23:49:00'),(620,129,21,5,'해외에서도 잘 터져서 유용했어요.','2025-06-07 23:50:00','2025-06-07 23:50:00'),(621,40,45,4,'해외에서도 잘 터져서 유용했어요.','2025-06-07 23:51:00','2025-06-07 23:51:00'),(622,190,29,3,'통화 품질이 좋지 않아서 아쉬웠어요.','2025-06-07 23:52:00','2025-06-07 23:52:00'),(623,76,40,2,'가성비 최고입니다.','2025-06-07 23:53:00','2025-06-07 23:53:00'),(624,6,20,4,'최악이에요. 다시는 안 써요.','2025-06-07 23:54:00','2025-06-07 23:54:00'),(625,197,34,4,'해외에서도 잘 터져서 유용했어요.','2025-06-07 23:55:00','2025-06-07 23:55:00'),(626,86,33,5,'부가서비스가 다양해서 좋네요.','2025-06-07 23:56:00','2025-06-07 23:56:00'),(627,32,5,2,'통화 품질이 좋지 않아서 아쉬웠어요.','2025-06-07 23:57:00','2025-06-07 23:57:00'),(628,195,9,4,'요즘 프로모션이 많아서 좋아요.','2025-06-07 23:58:00','2025-06-07 23:58:00'),(629,111,8,4,'통화 품질은 좋은데 요금이 높아요.','2025-06-07 23:59:00','2025-06-07 23:59:00'),(630,38,10,5,'속도는 괜찮은데 데이터가 좀 부족한 느낌이에요.','2025-06-08 00:00:00','2025-06-08 00:00:00'),(631,178,6,3,'부가서비스가 다양해서 좋네요.','2025-06-08 00:01:00','2025-06-08 00:01:00'),(632,130,9,2,'통화 품질이 좋지 않아서 아쉬웠어요.','2025-06-08 00:02:00','2025-06-08 00:02:00'),(633,168,44,1,'요즘 프로모션이 많아서 좋아요.','2025-06-08 00:03:00','2025-06-08 00:03:00'),(634,19,15,2,'어르신도 쓰기 편하게 잘 되어 있어요.','2025-06-08 00:04:00','2025-06-08 00:04:00'),(635,160,41,1,'서비스센터 응대가 별로였어요.','2025-06-08 00:05:00','2025-06-08 00:05:00'),(636,146,19,2,'부가서비스가 다양해서 좋네요.','2025-06-08 00:06:00','2025-06-08 00:06:00'),(637,158,18,2,'요즘 프로모션이 많아서 좋아요.','2025-06-08 00:07:00','2025-06-08 00:07:00'),(638,5,4,3,'대체로 만족하지만 가격이 조금 비싼 것 같아요.','2025-06-08 00:08:00','2025-06-08 00:08:00'),(639,29,37,3,'무난한 수준입니다.','2025-06-08 00:09:00','2025-06-08 00:09:00'),(640,155,2,2,'해외에서도 잘 터져서 유용했어요.','2025-06-08 00:10:00','2025-06-08 00:10:00'),(641,26,34,2,'전반적으로 무난하지만 특색은 없어요.','2025-06-08 00:11:00','2025-06-08 00:11:00'),(642,65,15,5,'가격은 싸지만 속도가 너무 느려요.','2025-06-08 00:12:00','2025-06-08 00:12:00'),(643,53,39,1,'부가서비스가 다양해서 좋네요.','2025-06-08 00:13:00','2025-06-08 00:13:00'),(644,153,23,5,'가성비 최고입니다.','2025-06-08 00:14:00','2025-06-08 00:14:00'),(645,44,14,2,'영상 스트리밍은 끊김 없이 잘 됩니다.','2025-06-08 00:15:00','2025-06-08 00:15:00'),(646,137,32,2,'대체로 만족하지만 가격이 조금 비싼 것 같아요.','2025-06-08 00:16:00','2025-06-08 00:16:00'),(647,177,20,3,'어르신도 쓰기 편하게 잘 되어 있어요.','2025-06-08 00:17:00','2025-06-08 00:17:00'),(648,151,15,5,'부가서비스가 다양해서 좋네요.','2025-06-08 00:18:00','2025-06-08 00:18:00'),(649,64,22,1,'가격은 싸지만 속도가 너무 느려요.','2025-06-08 00:19:00','2025-06-08 00:19:00'),(650,61,47,1,'대체로 만족하지만 가격이 조금 비싼 것 같아요.','2025-06-08 00:20:00','2025-06-08 00:20:00'),(651,94,24,4,'가격은 싸지만 속도가 너무 느려요.','2025-06-08 00:21:00','2025-06-08 00:21:00'),(652,106,38,5,'통화 품질은 좋은데 요금이 높아요.','2025-06-08 00:22:00','2025-06-08 00:22:00'),(653,41,30,2,'친절한 고객센터에 감동했어요.','2025-06-08 00:23:00','2025-06-08 00:23:00'),(654,127,13,5,'서비스센터 응대가 별로였어요.','2025-06-08 00:24:00','2025-06-08 00:24:00'),(655,36,48,2,'가성비 최고입니다.','2025-06-08 00:25:00','2025-06-08 00:25:00'),(656,18,8,1,'가격은 싸지만 속도가 너무 느려요.','2025-06-08 00:26:00','2025-06-08 00:26:00'),(657,8,41,5,'해외에서도 잘 터져서 유용했어요.','2025-06-08 00:27:00','2025-06-08 00:27:00'),(658,132,30,2,'요즘 프로모션이 많아서 좋아요.','2025-06-08 00:28:00','2025-06-08 00:28:00'),(659,123,2,3,'통화 품질이 좋지 않아서 아쉬웠어요.','2025-06-08 00:29:00','2025-06-08 00:29:00'),(660,78,31,4,'해외에서도 잘 터져서 유용했어요.','2025-06-08 00:30:00','2025-06-08 00:30:00'),(661,64,47,3,'통화 품질은 좋은데 요금이 높아요.','2025-06-08 00:31:00','2025-06-08 00:31:00'),(662,40,13,4,'무난한 수준입니다.','2025-06-08 00:32:00','2025-06-08 00:32:00'),(663,17,40,3,'영상 스트리밍은 끊김 없이 잘 됩니다.','2025-06-08 00:33:00','2025-06-08 00:33:00'),(664,114,38,1,'가성비 최고입니다.','2025-06-08 00:34:00','2025-06-08 00:34:00'),(665,197,12,1,'대체로 만족하지만 가격이 조금 비싼 것 같아요.','2025-06-08 00:35:00','2025-06-08 00:35:00'),(666,173,44,5,'서비스센터 응대가 별로였어요.','2025-06-08 00:36:00','2025-06-08 00:36:00'),(667,111,47,3,'전반적으로 안정적인 요금제입니다.','2025-06-08 00:37:00','2025-06-08 00:37:00'),(668,16,40,5,'최악이에요. 다시는 안 써요.','2025-06-08 00:38:00','2025-06-08 00:38:00'),(669,167,47,2,'요즘 프로모션이 많아서 좋아요.','2025-06-08 00:39:00','2025-06-08 00:39:00'),(670,45,2,5,'속도는 괜찮은데 데이터가 좀 부족한 느낌이에요.','2025-06-08 00:40:00','2025-06-08 00:40:00'),(671,44,9,1,'그럭저럭 사용할만 합니다.','2025-06-08 00:41:00','2025-06-08 00:41:00'),(672,105,40,5,'영상 스트리밍은 끊김 없이 잘 됩니다.','2025-06-08 00:42:00','2025-06-08 00:42:00'),(673,114,46,4,'영상 스트리밍은 끊김 없이 잘 됩니다.','2025-06-08 00:43:00','2025-06-08 00:43:00'),(674,169,32,4,'통화 품질이 좋지 않아서 아쉬웠어요.','2025-06-08 00:44:00','2025-06-08 00:44:00'),(675,68,44,2,'최악이에요. 다시는 안 써요.','2025-06-08 00:45:00','2025-06-08 00:45:00'),(676,185,44,1,'데이터도 넉넉하고 속도도 빨라서 매우 만족합니다.','2025-06-08 00:46:00','2025-06-08 00:46:00'),(677,167,15,5,'요즘 프로모션이 많아서 좋아요.','2025-06-08 00:47:00','2025-06-08 00:47:00'),(678,181,35,5,'친절한 고객센터에 감동했어요.','2025-06-08 00:48:00','2025-06-08 00:48:00'),(679,106,40,1,'요즘 프로모션이 많아서 좋아요.','2025-06-08 00:49:00','2025-06-08 00:49:00'),(680,32,34,5,'전반적으로 무난하지만 특색은 없어요.','2025-06-08 00:50:00','2025-06-08 00:50:00'),(681,198,3,2,'전반적으로 안정적인 요금제입니다.','2025-06-08 00:51:00','2025-06-08 00:51:00'),(682,76,15,3,'서비스센터 응대가 별로였어요.','2025-06-08 00:52:00','2025-06-08 00:52:00'),(683,10,31,4,'그럭저럭 사용할만 합니다.','2025-06-08 00:53:00','2025-06-08 00:53:00'),(684,162,3,1,'데이터도 넉넉하고 속도도 빨라서 매우 만족합니다.','2025-06-08 00:54:00','2025-06-08 00:54:00'),(685,57,7,5,'서비스센터 응대가 별로였어요.','2025-06-08 00:55:00','2025-06-08 00:55:00'),(686,78,44,5,'그럭저럭 사용할만 합니다.','2025-06-08 00:56:00','2025-06-08 00:56:00'),(687,133,8,4,'요즘 프로모션이 많아서 좋아요.','2025-06-08 00:57:00','2025-06-08 00:57:00'),(688,148,23,5,'전반적으로 안정적인 요금제입니다.','2025-06-08 00:58:00','2025-06-08 00:58:00'),(689,116,47,3,'통화 품질이 좋지 않아서 아쉬웠어요.','2025-06-08 00:59:00','2025-06-08 00:59:00'),(690,125,48,1,'서비스센터 응대가 별로였어요.','2025-06-08 01:00:00','2025-06-08 01:00:00'),(691,168,8,5,'요즘 프로모션이 많아서 좋아요.','2025-06-08 01:01:00','2025-06-08 01:01:00'),(692,193,10,1,'그럭저럭 사용할만 합니다.','2025-06-08 01:02:00','2025-06-08 01:02:00'),(693,156,20,2,'전반적으로 무난하지만 특색은 없어요.','2025-06-08 01:03:00','2025-06-08 01:03:00'),(694,155,30,2,'최악이에요. 다시는 안 써요.','2025-06-08 01:04:00','2025-06-08 01:04:00'),(695,41,26,3,'대체로 만족하지만 가격이 조금 비싼 것 같아요.','2025-06-08 01:05:00','2025-06-08 01:05:00'),(696,138,39,3,'요즘 프로모션이 많아서 좋아요.','2025-06-08 01:06:00','2025-06-08 01:06:00'),(697,191,40,5,'서비스센터 응대가 별로였어요.','2025-06-08 01:07:00','2025-06-08 01:07:00'),(698,139,33,4,'전반적으로 안정적인 요금제입니다.','2025-06-08 01:08:00','2025-06-08 01:08:00'),(699,143,48,5,'통화 품질이 좋지 않아서 아쉬웠어요.','2025-06-08 01:09:00','2025-06-08 01:09:00'),(700,174,12,1,'가격은 싸지만 속도가 너무 느려요.','2025-06-08 01:10:00','2025-06-08 01:10:00'),(701,103,38,2,'부가서비스가 다양해서 좋네요.','2025-06-08 01:11:00','2025-06-08 01:11:00'),(702,10,47,4,'무난한 수준입니다.','2025-06-08 01:12:00','2025-06-08 01:12:00'),(703,187,24,1,'그럭저럭 사용할만 합니다.','2025-06-08 01:13:00','2025-06-08 01:13:00'),(704,62,42,1,'최악이에요. 다시는 안 써요.','2025-06-08 01:14:00','2025-06-08 01:14:00'),(705,12,11,3,'서비스센터 응대가 별로였어요.','2025-06-08 01:15:00','2025-06-08 01:15:00'),(706,42,6,5,'해외에서도 잘 터져서 유용했어요.','2025-06-08 01:16:00','2025-06-08 01:16:00'),(707,161,33,1,'가격은 싸지만 속도가 너무 느려요.','2025-06-08 01:17:00','2025-06-08 01:17:00'),(708,186,46,1,'부가서비스가 다양해서 좋네요.','2025-06-08 01:18:00','2025-06-08 01:18:00'),(709,187,34,2,'통화 품질이 좋지 않아서 아쉬웠어요.','2025-06-08 01:19:00','2025-06-08 01:19:00'),(710,149,44,2,'그럭저럭 사용할만 합니다.','2025-06-08 01:20:00','2025-06-08 01:20:00'),(711,68,24,4,'가격은 싸지만 속도가 너무 느려요.','2025-06-08 01:21:00','2025-06-08 01:21:00'),(712,102,17,5,'속도는 괜찮은데 데이터가 좀 부족한 느낌이에요.','2025-06-08 01:22:00','2025-06-08 01:22:00'),(713,74,26,3,'속도는 괜찮은데 데이터가 좀 부족한 느낌이에요.','2025-06-08 01:23:00','2025-06-08 01:23:00'),(714,99,17,3,'친절한 고객센터에 감동했어요.','2025-06-08 01:24:00','2025-06-08 01:24:00'),(715,141,32,1,'그럭저럭 사용할만 합니다.','2025-06-08 01:25:00','2025-06-08 01:25:00'),(716,32,3,1,'가성비 최고입니다.','2025-06-08 01:26:00','2025-06-08 01:26:00'),(717,161,19,2,'통화 품질은 좋은데 요금이 높아요.','2025-06-08 01:27:00','2025-06-08 01:27:00'),(718,68,33,5,'통화 품질은 좋은데 요금이 높아요.','2025-06-08 01:28:00','2025-06-08 01:28:00'),(719,178,12,3,'대체로 만족하지만 가격이 조금 비싼 것 같아요.','2025-06-08 01:29:00','2025-06-08 01:29:00'),(720,90,43,3,'영상 스트리밍은 끊김 없이 잘 됩니다.','2025-06-08 01:30:00','2025-06-08 01:30:00'),(721,174,19,5,'영상 스트리밍은 끊김 없이 잘 됩니다.','2025-06-08 01:31:00','2025-06-08 01:31:00'),(722,27,27,4,'최악이에요. 다시는 안 써요.','2025-06-08 01:32:00','2025-06-08 01:32:00'),(723,50,3,3,'가성비 최고입니다.','2025-06-08 01:33:00','2025-06-08 01:33:00'),(724,155,15,1,'요즘 프로모션이 많아서 좋아요.','2025-06-08 01:34:00','2025-06-08 01:34:00'),(725,20,12,5,'대체로 만족하지만 가격이 조금 비싼 것 같아요.','2025-06-08 01:35:00','2025-06-08 01:35:00'),(726,104,40,5,'서비스센터 응대가 별로였어요.','2025-06-08 01:36:00','2025-06-08 01:36:00'),(727,119,48,2,'요즘 프로모션이 많아서 좋아요.','2025-06-08 01:37:00','2025-06-08 01:37:00'),(728,199,7,1,'어르신도 쓰기 편하게 잘 되어 있어요.','2025-06-08 01:38:00','2025-06-08 01:38:00'),(729,117,22,1,'서비스센터 응대가 별로였어요.','2025-06-08 01:39:00','2025-06-08 01:39:00'),(730,31,4,5,'최악이에요. 다시는 안 써요.','2025-06-08 01:40:00','2025-06-08 01:40:00'),(731,80,31,5,'가성비 최고입니다.','2025-06-08 01:41:00','2025-06-08 01:41:00'),(732,29,38,5,'통화 품질이 좋지 않아서 아쉬웠어요.','2025-06-08 01:42:00','2025-06-08 01:42:00'),(733,172,22,4,'대체로 만족하지만 가격이 조금 비싼 것 같아요.','2025-06-08 01:43:00','2025-06-08 01:43:00'),(734,6,28,5,'전반적으로 안정적인 요금제입니다.','2025-06-08 01:44:00','2025-06-08 01:44:00'),(735,31,16,5,'전반적으로 안정적인 요금제입니다.','2025-06-08 01:45:00','2025-06-08 01:45:00'),(736,136,5,2,'어르신도 쓰기 편하게 잘 되어 있어요.','2025-06-08 01:46:00','2025-06-08 01:46:00'),(737,55,48,4,'속도는 괜찮은데 데이터가 좀 부족한 느낌이에요.','2025-06-08 01:47:00','2025-06-08 01:47:00'),(738,133,47,5,'전반적으로 안정적인 요금제입니다.','2025-06-08 01:48:00','2025-06-08 01:48:00'),(739,186,22,3,'최악이에요. 다시는 안 써요.','2025-06-08 01:49:00','2025-06-08 01:49:00'),(740,158,29,3,'영상 스트리밍은 끊김 없이 잘 됩니다.','2025-06-08 01:50:00','2025-06-08 01:50:00'),(741,146,24,4,'통화 품질은 좋은데 요금이 높아요.','2025-06-08 01:51:00','2025-06-08 01:51:00'),(742,3,45,2,'친절한 고객센터에 감동했어요.','2025-06-08 01:52:00','2025-06-08 01:52:00'),(743,75,42,3,'해외에서도 잘 터져서 유용했어요.','2025-06-08 01:53:00','2025-06-08 01:53:00'),(744,86,40,3,'영상 스트리밍은 끊김 없이 잘 됩니다.','2025-06-08 01:54:00','2025-06-08 01:54:00'),(745,183,19,4,'어르신도 쓰기 편하게 잘 되어 있어요.','2025-06-08 01:55:00','2025-06-08 01:55:00'),(746,176,5,1,'전반적으로 안정적인 요금제입니다.','2025-06-08 01:56:00','2025-06-08 01:56:00'),(747,47,23,5,'생각보다 데이터가 금방 소진되네요.','2025-06-08 01:57:00','2025-06-08 01:57:00'),(748,150,33,1,'최악이에요. 다시는 안 써요.','2025-06-08 01:58:00','2025-06-08 01:58:00'),(749,13,47,4,'무난한 수준입니다.','2025-06-08 01:59:00','2025-06-08 01:59:00'),(750,98,41,1,'통화 품질이 좋지 않아서 아쉬웠어요.','2025-06-08 02:00:00','2025-06-08 02:00:00'),(751,25,21,5,'전반적으로 무난하지만 특색은 없어요.','2025-06-08 02:01:00','2025-06-08 02:01:00'),(752,146,49,2,'요즘 프로모션이 많아서 좋아요.','2025-06-08 02:02:00','2025-06-08 02:02:00'),(753,164,3,1,'서비스센터 응대가 별로였어요.','2025-06-08 02:03:00','2025-06-08 02:03:00'),(754,64,17,1,'최악이에요. 다시는 안 써요.','2025-06-08 02:04:00','2025-06-08 02:04:00'),(755,173,4,4,'가성비 최고입니다.','2025-06-08 02:05:00','2025-06-08 02:05:00'),(756,62,48,5,'속도는 괜찮은데 데이터가 좀 부족한 느낌이에요.','2025-06-08 02:06:00','2025-06-08 02:06:00'),(757,199,4,5,'전반적으로 안정적인 요금제입니다.','2025-06-08 02:07:00','2025-06-08 02:07:00'),(758,55,8,3,'서비스센터 응대가 별로였어요.','2025-06-08 02:08:00','2025-06-08 02:08:00'),(759,191,2,3,'가성비 최고입니다.','2025-06-08 02:09:00','2025-06-08 02:09:00'),(760,111,20,1,'최악이에요. 다시는 안 써요.','2025-06-08 02:10:00','2025-06-08 02:10:00'),(761,32,19,3,'가성비 최고입니다.','2025-06-08 02:11:00','2025-06-08 02:11:00'),(762,191,31,1,'서비스센터 응대가 별로였어요.','2025-06-08 02:12:00','2025-06-08 02:12:00'),(763,17,12,2,'전반적으로 무난하지만 특색은 없어요.','2025-06-08 02:13:00','2025-06-08 02:13:00'),(764,93,31,3,'생각보다 데이터가 금방 소진되네요.','2025-06-08 02:14:00','2025-06-08 02:14:00'),(765,184,21,3,'어르신도 쓰기 편하게 잘 되어 있어요.','2025-06-08 02:15:00','2025-06-08 02:15:00'),(766,52,5,5,'대체로 만족하지만 가격이 조금 비싼 것 같아요.','2025-06-08 02:16:00','2025-06-08 02:16:00'),(767,94,21,3,'가성비 최고입니다.','2025-06-08 02:17:00','2025-06-08 02:17:00'),(768,127,30,2,'가격은 싸지만 속도가 너무 느려요.','2025-06-08 02:18:00','2025-06-08 02:18:00'),(769,182,19,2,'어르신도 쓰기 편하게 잘 되어 있어요.','2025-06-08 02:19:00','2025-06-08 02:19:00'),(770,88,47,5,'영상 스트리밍은 끊김 없이 잘 됩니다.','2025-06-08 02:20:00','2025-06-08 02:20:00'),(771,7,40,3,'가성비 최고입니다.','2025-06-08 02:21:00','2025-06-08 02:21:00'),(772,186,40,5,'통화 품질은 좋은데 요금이 높아요.','2025-06-08 02:22:00','2025-06-08 02:22:00'),(773,32,45,3,'통화 품질이 좋지 않아서 아쉬웠어요.','2025-06-08 02:23:00','2025-06-08 02:23:00'),(774,13,22,2,'가성비 최고입니다.','2025-06-08 02:24:00','2025-06-08 02:24:00'),(775,175,10,1,'서비스센터 응대가 별로였어요.','2025-06-08 02:25:00','2025-06-08 02:25:00'),(776,133,39,1,'전반적으로 안정적인 요금제입니다.','2025-06-08 02:26:00','2025-06-08 02:26:00'),(777,196,23,1,'가성비 최고입니다.','2025-06-08 02:27:00','2025-06-08 02:27:00'),(778,15,27,5,'전반적으로 안정적인 요금제입니다.','2025-06-08 02:28:00','2025-06-08 02:28:00'),(779,99,33,4,'최악이에요. 다시는 안 써요.','2025-06-08 02:29:00','2025-06-08 02:29:00'),(780,20,38,2,'데이터도 넉넉하고 속도도 빨라서 매우 만족합니다.','2025-06-08 02:30:00','2025-06-08 02:30:00'),(781,86,14,4,'요즘 프로모션이 많아서 좋아요.','2025-06-08 02:31:00','2025-06-08 02:31:00'),(782,86,5,3,'전반적으로 무난하지만 특색은 없어요.','2025-06-08 02:32:00','2025-06-08 02:32:00'),(783,98,44,3,'서비스센터 응대가 별로였어요.','2025-06-08 02:33:00','2025-06-08 02:33:00'),(784,110,22,5,'통화 품질이 좋지 않아서 아쉬웠어요.','2025-06-08 02:34:00','2025-06-08 02:34:00'),(785,183,42,1,'요즘 프로모션이 많아서 좋아요.','2025-06-08 02:35:00','2025-06-08 02:35:00'),(786,133,7,5,'생각보다 데이터가 금방 소진되네요.','2025-06-08 02:36:00','2025-06-08 02:36:00'),(787,72,17,4,'대체로 만족하지만 가격이 조금 비싼 것 같아요.','2025-06-08 02:37:00','2025-06-08 02:37:00'),(788,92,1,4,'최악이에요. 다시는 안 써요.','2025-06-08 02:38:00','2025-06-08 02:38:00'),(789,9,16,4,'생각보다 데이터가 금방 소진되네요.','2025-06-08 02:39:00','2025-06-08 02:39:00'),(790,7,39,4,'어르신도 쓰기 편하게 잘 되어 있어요.','2025-06-08 02:40:00','2025-06-08 02:40:00'),(791,23,9,4,'부가서비스가 다양해서 좋네요.','2025-06-08 02:41:00','2025-06-08 02:41:00'),(792,29,30,1,'요즘 프로모션이 많아서 좋아요.','2025-06-08 02:42:00','2025-06-08 02:42:00'),(793,44,15,2,'영상 스트리밍은 끊김 없이 잘 됩니다.','2025-06-08 02:43:00','2025-06-08 02:43:00'),(794,146,44,5,'생각보다 데이터가 금방 소진되네요.','2025-06-08 02:44:00','2025-06-08 02:44:00'),(795,42,27,3,'영상 스트리밍은 끊김 없이 잘 됩니다.','2025-06-08 02:45:00','2025-06-08 02:45:00'),(796,134,42,1,'그럭저럭 사용할만 합니다.','2025-06-08 02:46:00','2025-06-08 02:46:00'),(797,1,32,4,'전반적으로 안정적인 요금제입니다.','2025-06-08 02:47:00','2025-06-08 02:47:00'),(798,176,20,4,'무난한 수준입니다.','2025-06-08 02:48:00','2025-06-08 02:48:00'),(799,29,11,3,'데이터도 넉넉하고 속도도 빨라서 매우 만족합니다.','2025-06-08 02:49:00','2025-06-08 02:49:00'),(800,167,21,2,'전반적으로 안정적인 요금제입니다.','2025-06-08 02:50:00','2025-06-08 02:50:00'),(801,6,32,4,'영상 스트리밍은 끊김 없이 잘 됩니다.','2025-06-08 02:51:00','2025-06-08 02:51:00'),(802,81,13,4,'가성비 최고입니다.','2025-06-08 02:52:00','2025-06-08 02:52:00'),(803,178,29,5,'전반적으로 안정적인 요금제입니다.','2025-06-08 02:53:00','2025-06-08 02:53:00'),(804,182,17,3,'대체로 만족하지만 가격이 조금 비싼 것 같아요.','2025-06-08 02:54:00','2025-06-08 02:54:00'),(805,86,18,5,'해외에서도 잘 터져서 유용했어요.','2025-06-08 02:55:00','2025-06-08 02:55:00'),(806,63,42,2,'전반적으로 안정적인 요금제입니다.','2025-06-08 02:56:00','2025-06-08 02:56:00'),(807,19,26,3,'영상 스트리밍은 끊김 없이 잘 됩니다.','2025-06-08 02:57:00','2025-06-08 02:57:00'),(808,124,49,5,'해외에서도 잘 터져서 유용했어요.','2025-06-08 02:58:00','2025-06-08 02:58:00'),(809,40,18,4,'부가서비스가 다양해서 좋네요.','2025-06-08 02:59:00','2025-06-08 02:59:00'),(810,187,38,2,'영상 스트리밍은 끊김 없이 잘 됩니다.','2025-06-08 03:00:00','2025-06-08 03:00:00'),(811,125,33,1,'데이터도 넉넉하고 속도도 빨라서 매우 만족합니다.','2025-06-08 03:01:00','2025-06-08 03:01:00'),(812,169,2,5,'대체로 만족하지만 가격이 조금 비싼 것 같아요.','2025-06-08 03:02:00','2025-06-08 03:02:00'),(813,95,7,2,'무난한 수준입니다.','2025-06-08 03:03:00','2025-06-08 03:03:00'),(814,31,36,2,'요즘 프로모션이 많아서 좋아요.','2025-06-08 03:04:00','2025-06-08 03:04:00'),(815,149,18,2,'생각보다 데이터가 금방 소진되네요.','2025-06-08 03:05:00','2025-06-08 03:05:00'),(816,159,6,5,'데이터도 넉넉하고 속도도 빨라서 매우 만족합니다.','2025-06-08 03:06:00','2025-06-08 03:06:00'),(817,81,21,1,'요즘 프로모션이 많아서 좋아요.','2025-06-08 03:07:00','2025-06-08 03:07:00'),(818,100,39,5,'해외에서도 잘 터져서 유용했어요.','2025-06-08 03:08:00','2025-06-08 03:08:00'),(819,93,12,5,'최악이에요. 다시는 안 써요.','2025-06-08 03:09:00','2025-06-08 03:09:00'),(820,155,26,3,'데이터도 넉넉하고 속도도 빨라서 매우 만족합니다.','2025-06-08 03:10:00','2025-06-08 03:10:00'),(821,111,33,1,'서비스센터 응대가 별로였어요.','2025-06-08 03:11:00','2025-06-08 03:11:00'),(822,21,14,2,'영상 스트리밍은 끊김 없이 잘 됩니다.','2025-06-08 03:12:00','2025-06-08 03:12:00'),(823,140,8,3,'가격은 싸지만 속도가 너무 느려요.','2025-06-08 03:13:00','2025-06-08 03:13:00'),(824,1,35,5,'가성비 최고입니다.','2025-06-08 03:14:00','2025-06-08 03:14:00'),(825,153,49,2,'속도는 괜찮은데 데이터가 좀 부족한 느낌이에요.','2025-06-08 03:15:00','2025-06-08 03:15:00'),(826,179,49,3,'가격은 싸지만 속도가 너무 느려요.','2025-06-08 03:16:00','2025-06-08 03:16:00'),(827,48,17,5,'생각보다 데이터가 금방 소진되네요.','2025-06-08 03:17:00','2025-06-08 03:17:00'),(828,118,16,2,'대체로 만족하지만 가격이 조금 비싼 것 같아요.','2025-06-08 03:18:00','2025-06-08 03:18:00'),(829,142,45,1,'전반적으로 안정적인 요금제입니다.','2025-06-08 03:19:00','2025-06-08 03:19:00'),(830,83,49,5,'영상 스트리밍은 끊김 없이 잘 됩니다.','2025-06-08 03:20:00','2025-06-08 03:20:00'),(831,129,16,4,'속도는 괜찮은데 데이터가 좀 부족한 느낌이에요.','2025-06-08 03:21:00','2025-06-08 03:21:00'),(832,123,47,4,'무난한 수준입니다.','2025-06-08 03:22:00','2025-06-08 03:22:00'),(833,174,30,2,'그럭저럭 사용할만 합니다.','2025-06-08 03:23:00','2025-06-08 03:23:00'),(834,124,48,5,'통화 품질은 좋은데 요금이 높아요.','2025-06-08 03:24:00','2025-06-08 03:24:00'),(835,173,24,5,'전반적으로 무난하지만 특색은 없어요.','2025-06-08 03:25:00','2025-06-08 03:25:00'),(836,101,45,3,'대체로 만족하지만 가격이 조금 비싼 것 같아요.','2025-06-08 03:26:00','2025-06-08 03:26:00'),(837,89,7,2,'해외에서도 잘 터져서 유용했어요.','2025-06-08 03:27:00','2025-06-08 03:27:00'),(838,147,27,4,'전반적으로 무난하지만 특색은 없어요.','2025-06-08 03:28:00','2025-06-08 03:28:00'),(839,26,48,2,'요즘 프로모션이 많아서 좋아요.','2025-06-08 03:29:00','2025-06-08 03:29:00'),(840,189,6,3,'최악이에요. 다시는 안 써요.','2025-06-08 03:30:00','2025-06-08 03:30:00'),(841,138,17,3,'해외에서도 잘 터져서 유용했어요.','2025-06-08 03:31:00','2025-06-08 03:31:00'),(842,137,9,2,'요즘 프로모션이 많아서 좋아요.','2025-06-08 03:32:00','2025-06-08 03:32:00'),(843,168,40,5,'요즘 프로모션이 많아서 좋아요.','2025-06-08 03:33:00','2025-06-08 03:33:00'),(844,119,34,5,'부가서비스가 다양해서 좋네요.','2025-06-08 03:34:00','2025-06-08 03:34:00'),(845,169,28,5,'친절한 고객센터에 감동했어요.','2025-06-08 03:35:00','2025-06-08 03:35:00'),(846,111,18,2,'가성비 최고입니다.','2025-06-08 03:36:00','2025-06-08 03:36:00'),(847,44,12,1,'친절한 고객센터에 감동했어요.','2025-06-08 03:37:00','2025-06-08 03:37:00'),(848,97,49,1,'데이터도 넉넉하고 속도도 빨라서 매우 만족합니다.','2025-06-08 03:38:00','2025-06-08 03:38:00'),(849,105,43,2,'전반적으로 안정적인 요금제입니다.','2025-06-08 03:39:00','2025-06-08 03:39:00'),(850,179,29,3,'그럭저럭 사용할만 합니다.','2025-06-08 03:40:00','2025-06-08 03:40:00'),(851,25,5,4,'대체로 만족하지만 가격이 조금 비싼 것 같아요.','2025-06-08 03:41:00','2025-06-08 03:41:00'),(852,65,38,2,'서비스센터 응대가 별로였어요.','2025-06-08 03:42:00','2025-06-08 03:42:00'),(853,55,32,3,'친절한 고객센터에 감동했어요.','2025-06-08 03:43:00','2025-06-08 03:43:00'),(854,174,26,5,'요즘 프로모션이 많아서 좋아요.','2025-06-08 03:44:00','2025-06-08 03:44:00'),(855,145,38,1,'어르신도 쓰기 편하게 잘 되어 있어요.','2025-06-08 03:45:00','2025-06-08 03:45:00'),(856,140,36,4,'어르신도 쓰기 편하게 잘 되어 있어요.','2025-06-08 03:46:00','2025-06-08 03:46:00'),(857,195,34,4,'친절한 고객센터에 감동했어요.','2025-06-08 03:47:00','2025-06-08 03:47:00'),(858,150,14,5,'해외에서도 잘 터져서 유용했어요.','2025-06-08 03:48:00','2025-06-08 03:48:00'),(859,6,37,2,'어르신도 쓰기 편하게 잘 되어 있어요.','2025-06-08 03:49:00','2025-06-08 03:49:00'),(860,107,3,4,'요즘 프로모션이 많아서 좋아요.','2025-06-08 03:50:00','2025-06-08 03:50:00'),(861,75,27,3,'해외에서도 잘 터져서 유용했어요.','2025-06-08 03:51:00','2025-06-08 03:51:00'),(862,131,7,3,'통화 품질은 좋은데 요금이 높아요.','2025-06-08 03:52:00','2025-06-08 03:52:00'),(863,164,21,4,'영상 스트리밍은 끊김 없이 잘 됩니다.','2025-06-08 03:53:00','2025-06-08 03:53:00'),(864,174,20,3,'부가서비스가 다양해서 좋네요.','2025-06-08 03:54:00','2025-06-08 03:54:00'),(865,82,45,4,'전반적으로 무난하지만 특색은 없어요.','2025-06-08 03:55:00','2025-06-08 03:55:00'),(866,69,17,4,'통화 품질은 좋은데 요금이 높아요.','2025-06-08 03:56:00','2025-06-08 03:56:00'),(867,159,7,1,'대체로 만족하지만 가격이 조금 비싼 것 같아요.','2025-06-08 03:57:00','2025-06-08 03:57:00'),(868,83,4,5,'대체로 만족하지만 가격이 조금 비싼 것 같아요.','2025-06-08 03:58:00','2025-06-08 03:58:00'),(869,58,42,3,'생각보다 데이터가 금방 소진되네요.','2025-06-08 03:59:00','2025-06-08 03:59:00'),(870,68,31,3,'통화 품질이 좋지 않아서 아쉬웠어요.','2025-06-08 04:00:00','2025-06-08 04:00:00'),(871,54,27,4,'전반적으로 무난하지만 특색은 없어요.','2025-06-08 04:01:00','2025-06-08 04:01:00'),(872,102,22,5,'서비스센터 응대가 별로였어요.','2025-06-08 04:02:00','2025-06-08 04:02:00'),(873,15,41,3,'전반적으로 무난하지만 특색은 없어요.','2025-06-08 04:03:00','2025-06-08 04:03:00'),(874,11,42,4,'생각보다 데이터가 금방 소진되네요.','2025-06-08 04:04:00','2025-06-08 04:04:00'),(875,91,7,3,'무난한 수준입니다.','2025-06-08 04:05:00','2025-06-08 04:05:00'),(876,133,4,1,'생각보다 데이터가 금방 소진되네요.','2025-06-08 04:06:00','2025-06-08 04:06:00'),(877,45,33,2,'해외에서도 잘 터져서 유용했어요.','2025-06-08 04:07:00','2025-06-08 04:07:00'),(878,161,17,2,'생각보다 데이터가 금방 소진되네요.','2025-06-08 04:08:00','2025-06-08 04:08:00'),(879,3,1,5,'친절한 고객센터에 감동했어요.','2025-06-08 04:09:00','2025-06-08 04:09:00'),(880,138,46,5,'통화 품질이 좋지 않아서 아쉬웠어요.','2025-06-08 04:10:00','2025-06-08 04:10:00'),(881,94,38,5,'무난한 수준입니다.','2025-06-08 04:11:00','2025-06-08 04:11:00'),(882,198,6,1,'데이터도 넉넉하고 속도도 빨라서 매우 만족합니다.','2025-06-08 04:12:00','2025-06-08 04:12:00'),(883,93,3,3,'생각보다 데이터가 금방 소진되네요.','2025-06-08 04:13:00','2025-06-08 04:13:00'),(884,161,23,3,'대체로 만족하지만 가격이 조금 비싼 것 같아요.','2025-06-08 04:14:00','2025-06-08 04:14:00'),(885,114,36,2,'서비스센터 응대가 별로였어요.','2025-06-08 04:15:00','2025-06-08 04:15:00'),(886,107,38,1,'영상 스트리밍은 끊김 없이 잘 됩니다.','2025-06-08 04:16:00','2025-06-08 04:16:00'),(887,53,16,5,'어르신도 쓰기 편하게 잘 되어 있어요.','2025-06-08 04:17:00','2025-06-08 04:17:00'),(888,16,39,1,'가격은 싸지만 속도가 너무 느려요.','2025-06-08 04:18:00','2025-06-08 04:18:00'),(889,134,39,4,'속도는 괜찮은데 데이터가 좀 부족한 느낌이에요.','2025-06-08 04:19:00','2025-06-08 04:19:00'),(890,16,49,4,'전반적으로 안정적인 요금제입니다.','2025-06-08 04:20:00','2025-06-08 04:20:00'),(891,95,21,3,'통화 품질은 좋은데 요금이 높아요.','2025-06-08 04:21:00','2025-06-08 04:21:00'),(892,23,34,1,'가성비 최고입니다.','2025-06-08 04:22:00','2025-06-08 04:22:00'),(893,42,1,4,'통화 품질은 좋은데 요금이 높아요.','2025-06-08 04:23:00','2025-06-08 04:23:00'),(894,139,2,2,'요즘 프로모션이 많아서 좋아요.','2025-06-08 04:24:00','2025-06-08 04:24:00'),(895,153,15,3,'최악이에요. 다시는 안 써요.','2025-06-08 04:25:00','2025-06-08 04:25:00'),(896,39,9,2,'전반적으로 안정적인 요금제입니다.','2025-06-08 04:26:00','2025-06-08 04:26:00'),(897,58,34,2,'통화 품질은 좋은데 요금이 높아요.','2025-06-08 04:27:00','2025-06-08 04:27:00'),(898,25,45,5,'전반적으로 안정적인 요금제입니다.','2025-06-08 04:28:00','2025-06-08 04:28:00'),(899,73,2,3,'가성비 최고입니다.','2025-06-08 04:29:00','2025-06-08 04:29:00'),(900,193,6,1,'영상 스트리밍은 끊김 없이 잘 됩니다.','2025-06-08 04:30:00','2025-06-08 04:30:00');
/*!40000 ALTER TABLE `plan_reviews` ENABLE KEYS */;
UNLOCK TABLES;

--
-- Table structure for table `plans`
--

DROP TABLE IF EXISTS `plans`;
/*!40101 SET @saved_cs_client     = @@character_set_client */;
/*!50503 SET character_set_client = utf8mb4 */;
CREATE TABLE `plans` (
  `plan_id` bigint NOT NULL AUTO_INCREMENT,
  `plan_name` varchar(255) DEFAULT NULL,
  `price` int DEFAULT NULL,
  `month_data` int DEFAULT NULL,
  `call_usage` varchar(255) DEFAULT NULL,
  `message_usage` varchar(255) DEFAULT NULL,
  `benefit` varchar(255) DEFAULT NULL,
  `tag_code` bigint DEFAULT NULL,
  `age_code` varchar(3) DEFAULT NULL,
  `category_code` varchar(3) DEFAULT NULL,
  `created_at` datetime DEFAULT NULL,
  `updated_at` datetime DEFAULT NULL,
  PRIMARY KEY (`plan_id`)
) ENGINE=InnoDB AUTO_INCREMENT=50 DEFAULT CHARSET=utf8mb4 COLLATE=utf8mb4_0900_ai_ci;
/*!40101 SET character_set_client = @saved_cs_client */;

--
-- Dumping data for table `plans`
--

LOCK TABLES `plans` WRITE;
/*!40000 ALTER TABLE `plans` DISABLE KEYS */;
INSERT INTO `plans` VALUES (1,'5G 프리미어 에센셜',85000,-1,'무제한','기본제공','U⁺ 모바일tv 기본 월정액 무료',33,'004','001','2025-06-07 01:39:50','2025-06-07 01:39:50'),(2,'5G 스탠다드',75000,150,'무제한','기본제공','U⁺ 모바일tv 기본 월정액 무료',32,'004','001','2025-06-07 01:39:50','2025-06-07 01:39:50'),(3,'5G 심플+',61000,31,'무제한','기본제공','U⁺ 모바일tv 기본 월정액 무료',32,'004','001','2025-06-07 01:39:50','2025-06-07 01:39:50'),(4,'5G 프리미어 레귤러',95000,-1,'무제한','기본제공','U⁺ 모바일tv 기본 월정액 무료',33,'004','001','2025-06-07 01:39:50','2025-06-07 01:39:50'),(5,'유쓰 5G 스탠다드',75000,210,'무제한','기본제공','U⁺모바일tv 무료',32,'001','001','2025-06-07 01:39:50','2025-06-07 01:39:50'),(6,'5G 데이터 레귤러',63000,50,'무제한','기본제공','U⁺ 모바일tv 기본 월정액 무료',37,'004','001','2025-06-07 01:39:50','2025-06-07 01:39:50'),(7,'5G 데이터 플러스',66000,80,'무제한','기본제공','U⁺ 모바일tv 기본 월정액 무료',37,'004','001','2025-06-07 01:39:50','2025-06-07 01:39:50'),(8,'5G 라이트+',66000,14,'무제한','기본제공','U⁺ 모바일tv 라이트 무료',38,'004','001','2025-06-07 01:39:50','2025-06-07 01:39:50'),(9,'유쓰 5G 데이터 플러스',55000,110,'무제한','기본제공','U⁺모바일tv 무료',37,'001','001','2025-06-07 01:39:50','2025-06-07 01:39:50'),(10,'5G 미니',37000,5,'무제한','기본제공','U⁺ 모바일tv 라이트 무료',38,'004','001','2025-06-07 01:39:50','2025-06-07 01:39:50'),(11,'유쓰 5G 라이트+',55000,26,'무제한','기본제공','U⁺ 모바일tv 라이트 무료',38,'001','001','2025-06-07 01:39:50','2025-06-07 01:39:50'),(12,'5G 슬림+',47000,9,'무제한','기본제공','U⁺ 모바일tv 라이트 무료',38,'004','001','2025-06-07 01:39:50','2025-06-07 01:39:50'),(13,'5G 프리미어 플러스',105000,-1,'무제한','기본제공','U⁺ 모바일tv 기본 월정액 무료',37,'004','001','2025-06-07 01:39:50','2025-06-07 01:39:50'),(14,'5G 시니어 B형',43000,10,'무제한','기본제공','U⁺ 모바일tv라이트 무료',38,'002','001','2025-06-07 01:39:50','2025-06-07 01:39:50'),(15,'(LTE) 데이터 시니어 33',33000,2,'무제한','기본제공','실버지킴이',70,'002','002','2025-06-07 01:39:50','2025-06-07 01:39:50'),(16,'유쓰 5G 슬림+',47000,15,'무제한','기본제공','U⁺ 모바일tv라이트 무료',38,'001','001','2025-06-07 01:39:50','2025-06-07 01:39:50'),(17,'5G 시니어 A형',45000,10,'무제한','기본제공','U⁺ 모바일tv라이트 무료',38,'002','001','2025-06-07 01:39:50','2025-06-07 01:39:50'),(18,'유쓰 5G 데이터 레귤러',63000,70,'무제한','기본제공','U⁺모바일tv 무료',37,'001','001','2025-06-07 01:39:50','2025-06-07 01:39:50'),(19,'(LTE) 데이터 33',33000,2,'무제한','기본제공','U⁺ 모바일tv라이트 무료',70,'004','002','2025-06-07 01:39:50','2025-06-07 01:39:50'),(20,'유쓰 5G 미니',37000,9,'무제한','기본제공','U⁺ 모바일tv 라이트 무료',38,'001','001','2025-06-07 01:39:50','2025-06-07 01:39:50'),(21,'유쓰 5G 심플+',61000,41,'무제한','기본제공','U⁺모바일tv 무료',38,'001','001','2025-06-07 01:39:50','2025-06-07 01:39:50'),(22,'5G 베이직+',59000,24,'무제한','기본제공','U⁺ 모바일tv 라이트 무료',38,'004','001','2025-06-07 01:39:50','2025-06-07 01:39:50'),(23,'5G 시니어 C형',39000,10,'무제한','기본제공','U⁺ 모바일tv 라이트 무료',38,'002','001','2025-06-07 01:39:50','2025-06-07 01:39:50'),(24,'5G 스탠다드 에센셜',70000,125,'무제한','기본제공','U⁺ 모바일tv 기본 월정액 무료',37,'004','001','2025-06-07 01:39:50','2025-06-07 01:39:50'),(25,'시니어16.5',16500,0,'70분','100건','실버지킴이',90,'002','002','2025-06-07 01:39:50','2025-06-07 01:39:50'),(26,'(LTE) 추가 요금 걱정 없는 데이터 69',69000,5,'무제한','기본제공','U⁺ 모바일tv 기본 월정액 무료',70,'004','002','2025-06-07 01:39:50','2025-06-07 01:39:50'),(27,'5G 데이터 슈퍼',68000,95,'무제한','기본제공','U⁺ 모바일tv 기본 월정액 무료',37,'004','001','2025-06-07 01:39:50','2025-06-07 01:39:50'),(28,'유쓰 5G 스탠다드 에센셜',70000,185,'무제한','기본제공','U⁺모바일tv 무료',37,'004','001','2025-06-07 01:39:50','2025-06-07 01:39:50'),(29,'5G 시그니처',130000,-1,'무제한','기본제공','U⁺ 모바일tv 기본 월정액 무료',37,'004','001','2025-06-07 01:39:50','2025-06-07 01:39:50'),(30,'유쓰 5G 데이터 슈퍼',68000,135,'무제한','기본제공','U⁺모바일tv 무료',37,'001','001','2025-06-07 01:39:50','2025-06-07 01:39:50'),(31,'유쓰 5G 베이직+',59000,36,'무제한','기본제공','U⁺ 모바일tv 라이트 무료',38,'004','001','2025-06-07 01:39:50','2025-06-07 01:39:50'),(32,'5G 미디움',75000,150,'무제한','기본제공','U⁺ 모바일tv 라이트 무료',38,'004','001','2025-06-07 01:39:50','2025-06-07 01:39:50'),(33,'5G 라이트 청소년',45000,8,'무제한','기본제공','U⁺ 모바일tv 라이트 무료',38,'004','001','2025-06-07 01:39:50','2025-06-07 01:39:50'),(34,'5G 프리미어 슈퍼',115000,-1,'무제한','기본제공','U⁺ 모바일tv 기본 월정액 무료',37,'004','001','2025-06-07 01:39:50','2025-06-07 01:39:50'),(35,'(LTE) 추가 요금 걱정 없는 데이터 청소년 33',33000,2,'무제한','기본제공','U⁺ 모바일tv 라이트 무료',70,'004','002','2025-06-07 01:39:50','2025-06-07 01:39:50'),(36,'(LTE) 복지 33',33000,2,'무제한','기본제공','U⁺ 모바일tv 라이트 무료',70,'004','002','2025-06-07 01:39:50','2025-06-07 01:39:50'),(37,'(LTE) 복지 49',49000,6,'무제한','기본제공','U⁺ 모바일tv 라이트 무료',70,'004','002','2025-06-07 01:39:50','2025-06-07 01:39:50'),(38,'5G 복지 55',55000,14,'무제한','기본제공','U⁺ 모바일tv 라이트 무료',38,'004','001','2025-06-07 01:39:50','2025-06-07 01:39:50'),(39,'LTE청소년19',20900,0,'133분','1,000건','U⁺ 모바일tv 라이트 무료',90,'004','002','2025-06-07 01:39:50','2025-06-07 01:39:50'),(40,'(LTE) 추가 요금 걱정 없는 데이터 청소년 59',59000,9,'무제한','기본제공','U⁺ 모바일tv 기본 월정액 무료',70,'004','002','2025-06-07 01:39:50','2025-06-07 01:39:50'),(41,'5G 복지 75',75000,150,'무제한','기본제공','U⁺모바일tv 무료',37,'004','001','2025-06-07 01:39:50','2025-06-07 01:39:50'),(42,'5G 키즈 29',29000,3,'무제한','기본제공','U⁺ 모바일tv 라이트 무료',38,'003','001','2025-06-07 01:39:50','2025-06-07 01:39:50'),(43,'5G 키즈 39',39000,6,'무제한','기본제공','U⁺ 모바일tv 라이트 무료',38,'003','001','2025-06-07 01:39:50','2025-06-07 01:39:50'),(44,'5G 키즈 45',45000,9,'무제한','기본제공','U⁺ 모바일tv 라이트 무료',38,'003','001','2025-06-07 01:39:50','2025-06-07 01:39:50'),(45,'LTE 키즈 22(만 12세 이하)',22000,1,'60분','기본제공','U⁺ 모바일tv 라이트 무료',64,'003','002','2025-06-07 01:39:50','2025-06-07 01:39:50'),(46,'로밍패스',55000,9,'120분','기본제공','자유롭게 기간 선택(최대 7일)',128,'004','002','2025-06-07 01:39:50','2025-06-07 01:39:50'),(47,'빅 로밍패스',67000,15,'120분','기본제공','자유롭게 기간 선택(최대 7일)',128,'004','002','2025-06-10 00:00:00','2025-06-10 00:00:00'),(48,'프리미엄 로밍패스',99000,-1,'무제한','기본제공','자유롭게 기간 선택(최대 7일)',128,'004','002','2025-06-10 00:00:00','2025-06-10 00:00:00'),(49,'데일리 로밍패스',25000,1,'50분','30건','자유롭게 기간 선택(최대 2일)',128,'003','002','2025-06-10 00:00:00','2025-06-10 00:00:00');
/*!40000 ALTER TABLE `plans` ENABLE KEYS */;
UNLOCK TABLES;

--
-- Table structure for table `product_bundles`
--

DROP TABLE IF EXISTS `product_bundles`;
/*!40101 SET @saved_cs_client     = @@character_set_client */;
/*!50503 SET character_set_client = utf8mb4 */;
CREATE TABLE `product_bundles` (
  `product_bundle_id` bigint NOT NULL AUTO_INCREMENT,
  `plan_id` bigint NOT NULL,
  `vas_id` bigint NOT NULL,
  `coupon_id` bigint NOT NULL,
  `like_count` bigint DEFAULT NULL,
  `dislike_count` bigint DEFAULT NULL,
  `tag_code` bigint DEFAULT NULL,
  `created_at` datetime DEFAULT NULL,
  `updated_at` datetime DEFAULT NULL,
  PRIMARY KEY (`product_bundle_id`),
  KEY `FK_plans_TO_product_bundles_1` (`plan_id`),
  KEY `FK_services_TO_product_bundles_1` (`vas_id`),
  KEY `FK_coupons_TO_product_bundles_1` (`coupon_id`),
  CONSTRAINT `FK_coupons_TO_product_bundles_1` FOREIGN KEY (`coupon_id`) REFERENCES `coupons` (`coupon_id`),
  CONSTRAINT `FK_plans_TO_product_bundles_1` FOREIGN KEY (`plan_id`) REFERENCES `plans` (`plan_id`),
  CONSTRAINT `FK_services_TO_product_bundles_1` FOREIGN KEY (`vas_id`) REFERENCES `vass` (`vas_id`)
) ENGINE=InnoDB AUTO_INCREMENT=41 DEFAULT CHARSET=utf8mb4 COLLATE=utf8mb4_0900_ai_ci;
/*!40101 SET character_set_client = @saved_cs_client */;

--
-- Dumping data for table `product_bundles`
--

LOCK TABLES `product_bundles` WRITE;
/*!40000 ALTER TABLE `product_bundles` DISABLE KEYS */;
INSERT INTO `product_bundles` VALUES (1,1,1,1,15,2,NULL,'2025-06-07 14:00:00','2025-06-07 14:00:00'),(2,2,4,11,8,1,NULL,'2025-06-07 14:00:00','2025-06-07 14:00:00'),(3,5,2,2,20,3,NULL,'2025-06-07 14:00:00','2025-06-07 14:00:00'),(4,3,7,7,12,0,NULL,'2025-06-07 14:00:00','2025-06-07 14:00:00'),(5,4,6,20,25,5,NULL,'2025-06-07 14:00:00','2025-06-07 14:00:00'),(6,6,3,5,18,2,NULL,'2025-06-07 14:00:00','2025-06-07 14:00:00'),(7,7,5,17,30,4,NULL,'2025-06-07 14:00:00','2025-06-07 14:00:00'),(8,8,8,9,9,1,NULL,'2025-06-07 14:00:00','2025-06-07 14:00:00'),(9,9,10,4,22,3,NULL,'2025-06-07 14:00:00','2025-06-07 14:00:00'),(10,10,12,15,14,0,NULL,'2025-06-07 14:00:00','2025-06-07 14:00:00'),(11,11,14,14,17,2,NULL,'2025-06-07 14:00:00','2025-06-07 14:00:00'),(12,12,16,16,10,1,NULL,'2025-06-07 14:00:00','2025-06-07 14:00:00'),(13,13,18,18,28,4,NULL,'2025-06-07 14:00:00','2025-06-07 14:00:00'),(14,14,20,24,19,3,NULL,'2025-06-07 14:00:00','2025-06-07 14:00:00'),(15,15,22,22,13,1,NULL,'2025-06-07 14:00:00','2025-06-07 14:00:00'),(16,16,24,23,21,2,NULL,'2025-06-07 14:00:00','2025-06-07 14:00:00'),(17,17,26,20,16,0,NULL,'2025-06-07 14:00:00','2025-06-07 14:00:00'),(18,18,28,18,24,3,NULL,'2025-06-07 14:00:00','2025-06-07 14:00:00'),(19,19,30,20,11,1,NULL,'2025-06-07 14:00:00','2025-06-07 14:00:00'),(20,20,32,24,27,5,NULL,'2025-06-07 14:00:00','2025-06-07 14:00:00'),(21,21,3,4,5,5,NULL,'2025-07-07 14:00:00','2025-07-07 14:00:00'),(22,22,5,7,9,4,NULL,'2025-07-07 14:00:00','2025-07-07 14:00:00'),(23,23,7,10,13,3,NULL,'2025-07-07 14:00:00','2025-07-07 14:00:00'),(24,24,9,13,17,2,NULL,'2025-07-07 14:00:00','2025-07-07 14:00:00'),(25,25,11,16,21,1,NULL,'2025-07-07 14:00:00','2025-07-07 14:00:00'),(26,26,13,19,25,0,NULL,'2025-07-07 14:00:00','2025-07-07 14:00:00'),(27,27,15,22,29,5,NULL,'2025-07-07 14:00:00','2025-07-07 14:00:00'),(28,28,17,25,33,4,NULL,'2025-07-07 14:00:00','2025-07-07 14:00:00'),(29,29,19,3,2,3,NULL,'2025-07-07 14:00:00','2025-07-07 14:00:00'),(30,30,21,6,6,2,NULL,'2025-07-07 14:00:00','2025-07-07 14:00:00'),(31,31,23,9,10,1,NULL,'2025-07-07 14:00:00','2025-07-07 14:00:00'),(32,32,25,12,14,0,NULL,'2025-07-07 14:00:00','2025-07-07 14:00:00'),(33,3,27,15,18,5,NULL,'2025-07-07 14:00:00','2025-07-07 14:00:00'),(34,34,29,18,22,4,NULL,'2025-07-07 14:00:00','2025-07-07 14:00:00'),(35,35,31,21,26,3,NULL,'2025-07-07 14:00:00','2025-07-07 14:00:00'),(36,36,33,24,30,2,NULL,'2025-07-07 14:00:00','2025-07-07 14:00:00'),(37,37,2,2,34,1,NULL,'2025-07-07 14:00:00','2025-07-07 14:00:00'),(38,38,4,5,3,0,NULL,'2025-07-07 14:00:00','2025-07-07 14:00:00'),(39,39,6,8,7,5,NULL,'2025-07-07 14:00:00','2025-07-07 14:00:00'),(40,40,8,11,11,4,NULL,'2025-07-07 14:00:00','2025-07-07 14:00:00');
/*!40000 ALTER TABLE `product_bundles` ENABLE KEYS */;
UNLOCK TABLES;

--
-- Table structure for table `survey_options`
--

DROP TABLE IF EXISTS `survey_options`;
/*!40101 SET @saved_cs_client     = @@character_set_client */;
/*!50503 SET character_set_client = utf8mb4 */;
CREATE TABLE `survey_options` (
  `survey_option_id` bigint NOT NULL,
  `survey_question_id` bigint NOT NULL,
  `option_text` varchar(255) DEFAULT NULL,
  `tag_code` bigint DEFAULT NULL,
  `next_question_id` bigint DEFAULT NULL,
  PRIMARY KEY (`survey_option_id`,`survey_question_id`),
  KEY `FK_survey_questions_TO_survey_options_1` (`survey_question_id`),
  CONSTRAINT `FK_survey_questions_TO_survey_options_1` FOREIGN KEY (`survey_question_id`) REFERENCES `survey_questions` (`survey_question_id`)
) ENGINE=InnoDB DEFAULT CHARSET=utf8mb4 COLLATE=utf8mb4_0900_ai_ci;
/*!40101 SET character_set_client = @saved_cs_client */;

--
-- Dumping data for table `survey_options`
--

LOCK TABLES `survey_options` WRITE;
/*!40000 ALTER TABLE `survey_options` DISABLE KEYS */;
INSERT INTO `survey_options` VALUES (1,1,'데이터 사용량이 많음',1,2),(2,1,'데이터 사용량이 적음',2,2),(3,2,'전화를 많이 사용',4,3),(4,2,'문자를 많이 사용',16,3),(5,2,'많이 사용하지 않음',8,3),(6,3,'5G 선호',32,4),(7,3,'로밍 요금제 자주 사용',128,4),(8,3,'요금제 변경이 잦음',256,4),(9,3,'상관 없음',64,4),(10,4,'영상',NULL,5),(11,4,'도서',NULL,6),(12,4,'음악',549755813888,7),(13,5,'넷플릭스',131072,7),(14,5,'디즈니 플러스',2097152,7),(15,5,'티빙',2251799813685248,7),(16,5,'유튜브',274877906944,7),(17,5,'기타',4096,7),(18,6,'웹툰',137438953472,7),(19,6,'웹소설',68719476736,7),(20,6,'전자서적',512,7),(21,6,'오디오북',36028797018963968,7),(22,6,'기타',1048576,7),(23,7,'혼자 생활',134217728,9),(24,7,'사람들과 교류',NULL,8),(25,8,'가족',8192,9),(26,8,'친구들',140737488355328,9),(27,8,'연인',524288,9),(28,8,'자녀',1125899906842624,9),(29,8,'반려동물',16777216,9),(30,8,'1인 가구',2199023255552,9),(31,9,'외국어',NULL,10),(32,9,'시사 이슈',NULL,11),(33,9,'기타 자기개발',1099511627776,12),(34,10,'영어',4294967296,12),(35,10,'중국어',8796093022208,12),(36,10,'기타',65536,12),(37,11,'IT 트렌드',1024,12),(38,11,'정치, 뉴스',262144,12),(39,11,'투자, 주식',4398046511104,12),(40,12,'활동적인 취미',NULL,13),(41,12,'정적인 취미',NULL,14),(42,12,'커뮤니케이션',NULL,15),(43,13,'축구',35184372088832,16),(44,13,'야구',1073741824,16),(45,13,'드라이빙',17592186044416,16),(46,14,'영화',8589934592,16),(47,14,'게임',16384,16),(48,14,'기타',70368744177664,16),(49,15,'SNS',288230376151711744,16),(50,15,'카카오톡',144115188075855872,16),(51,15,'사진촬영',67108864,16),(52,16,'식품',NULL,17),(53,16,'쇼핑',268435456,NULL),(54,16,'여행',2147483648,NULL),(55,16,'패션, 의류',72057594037927936,NULL),(56,17,'식사',NULL,18),(57,17,'디저트',NULL,19),(58,17,'간편식',18014398509481984,NULL),(59,18,'외식',34359738368,NULL),(60,18,'배달',33554432,NULL),(61,18,'기타',536870912,NULL),(62,19,'카페 탐방',281474976710656,NULL),(63,19,'커피',562949953421312,NULL),(64,19,'제빵류',9007199254740992,NULL),(65,19,'기타',4503599627370496,NULL);
/*!40000 ALTER TABLE `survey_options` ENABLE KEYS */;
UNLOCK TABLES;

--
-- Table structure for table `survey_questions`
--

DROP TABLE IF EXISTS `survey_questions`;
/*!40101 SET @saved_cs_client     = @@character_set_client */;
/*!50503 SET character_set_client = utf8mb4 */;
CREATE TABLE `survey_questions` (
  `survey_question_id` bigint NOT NULL,
  `question_text` varchar(255) DEFAULT NULL,
  `question_order` int DEFAULT NULL,
  PRIMARY KEY (`survey_question_id`)
) ENGINE=InnoDB DEFAULT CHARSET=utf8mb4 COLLATE=utf8mb4_0900_ai_ci;
/*!40101 SET character_set_client = @saved_cs_client */;

--
-- Dumping data for table `survey_questions`
--

LOCK TABLES `survey_questions` WRITE;
/*!40000 ALTER TABLE `survey_questions` DISABLE KEYS */;
INSERT INTO `survey_questions` VALUES (1,'데이터 사용량이 많으신가요?',1),(2,'전화나 문자를 많이 사용하시나요?',2),(3,'데이터 사용 스타일이 어떻게 되시나요?',3),(4,'자주 이용하는 콘텐츠는 무엇인가요?',4),(5,'어떤 영상 플랫폼을 선호하시나요?',5),(6,'어떤 종류의 도서를 선호하시나요?',6),(7,'평소 어떤 생활을 선호하시나요?',7),(8,'누구와 있는 시간이 가장 긴가요?',8),(9,'만약 자기개발을 시작한다면 어떤 분야를 선호하시나요?',9),(10,'배우고 싶은 외국어는 무엇인가요?',10),(11,'관심있는 시사 항목은 무엇인가요?',11),(12,'어떤 활동을 선호하시나요?',12),(13,'아래 활동 중 가장 선호하는 것은 무엇인가요?',13),(14,'아래 활동 중 가장 선호하는 것은 무엇인가요?',14),(15,'아래 활동 중 가장 선호하는 것은 무엇인가요?',15),(16,'가장 많이 소비하는 항목은 무엇인가요?',16),(17,'어떤 종류의 식품을 많이 구매하나요?',17),(18,'어떤 방식의 식사를 선호하시나요?',18),(19,'아래 항목 중 가장 선호하는 것은 무엇인가요?',19);
/*!40000 ALTER TABLE `survey_questions` ENABLE KEYS */;
UNLOCK TABLES;

--
-- Table structure for table `tag_meta`
--

DROP TABLE IF EXISTS `tag_meta`;
/*!40101 SET @saved_cs_client     = @@character_set_client */;
/*!50503 SET character_set_client = utf8mb4 */;
CREATE TABLE `tag_meta` (
  `tag_type` varchar(20) NOT NULL,
  `tag_key` varchar(50) NOT NULL,
  `tag_description` varchar(50) DEFAULT NULL,
  `bit_position` int DEFAULT NULL,
  `created_at` datetime(6) DEFAULT NULL,
  `updated_at` datetime(6) DEFAULT NULL,
  PRIMARY KEY (`tag_type`,`tag_key`)
) ENGINE=InnoDB DEFAULT CHARSET=utf8mb4 COLLATE=utf8mb4_0900_ai_ci;
/*!40101 SET character_set_client = @saved_cs_client */;

--
-- Dumping data for table `tag_meta`
--

LOCK TABLES `tag_meta` WRITE;
/*!40000 ALTER TABLE `tag_meta` DISABLE KEYS */;
INSERT INTO `tag_meta` VALUES ('관심사 성향','audiobook','오디오북',55,NULL,NULL),('관심사 성향','baseball','야구',30,NULL,NULL),('관심사 성향','book','도서',20,NULL,NULL),('관심사 성향','bread','빵',53,NULL,NULL),('관심사 성향','cafe','카페',48,NULL,NULL),('관심사 성향','car','차량',44,NULL,NULL),('관심사 성향','chinese','중국어',43,NULL,NULL),('관심사 성향','clothes','의류',56,NULL,NULL),('관심사 성향','coffee','커피',49,NULL,NULL),('관심사 성향','conveniencestore','편의점',54,NULL,NULL),('관심사 성향','date','데이트',19,NULL,NULL),('관심사 성향','delivery','배달',25,NULL,NULL),('관심사 성향','desert','디저트',52,NULL,NULL),('관심사 성향','disney','디즈니',21,NULL,NULL),('관심사 성향','drama','미드',23,NULL,NULL),('관심사 성향','eating out','외식',35,NULL,NULL),('관심사 성향','ebook','E북',9,NULL,NULL),('관심사 성향','economy','경제',15,NULL,NULL),('관심사 성향','edu','교육',16,NULL,NULL),('관심사 성향','english','영어',32,NULL,NULL),('관심사 성향','family','가족',13,NULL,NULL),('관심사 성향','food','식품',29,NULL,NULL),('관심사 성향','friend','친구',47,NULL,NULL),('관심사 성향','game','게임',14,NULL,NULL),('관심사 성향','hobby','취미',46,NULL,NULL),('관심사 성향','it','IT',10,NULL,NULL),('관심사 성향','kakaotalk','카카오톡',57,NULL,NULL),('관심사 성향','kids','키즈',50,NULL,NULL),('관심사 성향','kpop','K-POP',11,NULL,NULL),('관심사 성향','life','생활',27,NULL,NULL),('관심사 성향','living alone','자취',41,NULL,NULL),('관심사 성향','marvel','마블',22,NULL,NULL),('관심사 성향','movie','영화',33,NULL,NULL),('관심사 성향','music','음악',39,NULL,NULL),('관심사 성향','netflix','넷플릭스',17,NULL,NULL),('관심사 성향','news','뉴스',18,NULL,NULL),('관심사 성향','online-class','온라인 클래스',34,NULL,NULL),('관심사 성향','ott','OTT',12,NULL,NULL),('관심사 성향','pet','반려동물',24,NULL,NULL),('관심사 성향','photo','사진',26,NULL,NULL),('관심사 성향','self-Improvement','자기개발',40,NULL,NULL),('관심사 성향','shop','쇼핑',28,NULL,NULL),('관심사 성향','sns','SNS',58,NULL,NULL),('관심사 성향','soccer','축구',45,NULL,NULL),('관심사 성향','stock','주식',42,NULL,NULL),('관심사 성향','tiving','티빙',51,NULL,NULL),('관심사 성향','travel','여행',31,NULL,NULL),('관심사 성향','webnovel','웹소설',36,NULL,NULL),('관심사 성향','webtoon','웹툰',37,NULL,NULL),('관심사 성향','youtube','유튜브',38,NULL,NULL),('통신 성향','call_heavy','통화 사용량이 많은 사용자',2,NULL,NULL),('통신 성향','call_light','통화 사용량이 적은 사용자',3,NULL,NULL),('통신 성향','data_heavy','데이터 사용량이 많은 사용자',0,NULL,NULL),('통신 성향','data_light','데이터 사용량이 적은 사용자',1,NULL,NULL),('통신 성향','plan_changer','요금제를 자주 바꾸는 사용자',8,NULL,NULL),('통신 성향','roaming','해외 로밍 사용 경험이 많은 사용자',7,NULL,NULL),('통신 성향','sms_heavy','문자(SMS) 사용량이 많은 사용자',4,NULL,NULL),('통신 성향','use_5g','5G 사용자',5,NULL,NULL),('통신 성향','use_lte','LTE 사용자',6,NULL,NULL);
/*!40000 ALTER TABLE `tag_meta` ENABLE KEYS */;
UNLOCK TABLES;

--
-- Table structure for table `users`
--

DROP TABLE IF EXISTS `users`;
/*!40101 SET @saved_cs_client     = @@character_set_client */;
/*!50503 SET character_set_client = utf8mb4 */;
CREATE TABLE `users` (
  `user_id` bigint NOT NULL COMMENT 'Auto Increment',
  `username` varchar(255) NOT NULL COMMENT 'unique',
  `password` varchar(255) NOT NULL,
  `email` varchar(255) NOT NULL COMMENT 'unique',
  `created_at` datetime NOT NULL COMMENT '생성시간',
  `updated_at` datetime NOT NULL,
  `age_code` varchar(255) DEFAULT NULL,
  `tag_code` bigint DEFAULT NULL,
  `number` varchar(255) DEFAULT NULL,
  `birth` varchar(255) DEFAULT NULL,
  `gender` varchar(255) DEFAULT NULL,
  PRIMARY KEY (`user_id`)
) ENGINE=InnoDB DEFAULT CHARSET=utf8mb4 COLLATE=utf8mb4_0900_ai_ci;
/*!40101 SET character_set_client = @saved_cs_client */;

--
-- Dumping data for table `users`
--

LOCK TABLES `users` WRITE;
/*!40000 ALTER TABLE `users` DISABLE KEYS */;
INSERT INTO `users` VALUES (1,'user1','$2a$10$UOg9Y/WOYuFpLSqAAXUHKukkCGsMUVT3BQ4hEBKNT9jZMml4Jv1O.','user1@test.com','2025-06-07 13:30:00','2025-06-07 13:30:00','004',281480479768613,'010-1234-0001','1990.03.15','M'),(2,'user2','$2a$10$uAQVeQsY16JA.LKz9oTb3OLtTA9ak6MRFtKkHe1xBIPKES6XphAhu','user2@test.com','2025-06-07 13:30:00','2025-06-07 13:30:00','004',283501405458,'010-1234-0002','1985.07.22','F'),(3,'user3','$2a$10$6dPQZopNASlFtO8bLhzmUeWpIh.z7MQ7AfQ7x51lMwIgKU9VSocuW','user3@test.com','2025-06-07 13:30:00','2025-06-07 13:30:00','004',11258999069229129,'010-1234-0003','1992.11.08','M'),(4,'user4','$2a$10$6dPQZopNASlFtO8bLhzmUeWpIh.z7MQ7AfQ7x51lMwIgKU9VSocuW','user4@test.com','2025-06-07 13:30:00','2025-06-07 13:30:00','004',18190320372023429,'010-1234-0004','1988.01.30','F'),(5,'user5','$2a$10$ht215jcDdzD9IOY/QjWQHeBSPpN56iPsO6Cl14nRBsFGQEF1/FMmS','user5@test.com','2025-06-07 13:30:00','2025-06-07 13:30:00','004',1144625964257322,'010-1234-0005','1995.05.14','M'),(6,'user6','$2a$10$IwbGCRDbJhIWXTPGP7VDpO4V1jw/hDeXaarpiv6cNcxBKZRmbbi4S','user6@test.com','2025-06-07 13:30:00','2025-06-07 13:30:00','004',563091687883013,'010-1234-0006','1987.09.03','F'),(7,'user7','$2a$10$YLaAkPw.a.VEc9hZAOqjL.gz9kb25dLTw2Fgxe0pF.H0Yr6fxE6/e','user7@test.com','2025-06-07 13:30:00','2025-06-07 13:30:00','004',281749854904401,'010-1234-0007','1993.12.25','M'),(8,'user8','$2a$10$nhf50Vmj3p68YyB3V9yBhujewR7BYCrcHz7iCfK7s6i/9SX8WJDO.','user8@test.com','2025-06-07 13:30:00','2025-06-07 13:30:00','001',10134207263277098,'010-1234-0008','1991.04.18','F'),(9,'user9','$2a$10$sdqV0i6VA/JpVL7O5eg0EOzFga0DeifC6XVwHpWA7e0JK7rqwQnma','user9@test.com','2025-06-07 13:30:00','2025-06-07 13:30:00','001',175956222280837,'010-1234-0009','1989.08.07','M'),(10,'user10','$2a$10$Ay5uCSW55T5NNjLlus95iObZA2RdBr2EJqouPnj9z65gALw5JuBGi','user10@test.com','2025-06-07 13:30:00','2025-06-07 13:30:00','001',2278188143083602,'010-1234-0010','1994.02.11','F'),(11,'user11','$2a$10$ZDfFaM0W6cS8GOppd1QSoOb4a/fCQBd11IB6dGO8C8q7h/b0EO2UC','user11@test.com','2025-06-07 13:30:00','2025-06-07 13:30:00','001',282583078801669,'010-1234-0011','1986.06.29','M'),(12,'user12','$2a$10$VUQlnpn0EUdTMr4mq3rCuua19T.80tajHJcOutVmCfMpmVxFu0OBq','user12@test.com','2025-06-07 13:30:00','2025-06-07 13:30:00','002',9007269048229962,'010-1234-0012','1996.10.16','F'),(13,'user13','$2a$10$AqfZaMXPtgB791K3DB6r3.z8pE26WTNoAs.8CLPfU6FyOiyqMhAJS','user13@test.com','2025-06-07 13:30:00','2025-06-07 13:30:00','002',19829866102821,'010-1234-0013','1984.03.05','M'),(14,'user14','$2a$10$HN.8PTsXrSmQTQvHOXZNL.cnuMsBpStlCfkScCPO72EmreSdRnrxq','user14@test.com','2025-06-07 13:30:00','2025-06-07 13:30:00','003',149808492855558,'010-1234-0014','1997.07.13','F'),(15,'user15','$2a$10$jj7d0Ts.23LQkyHZ9OyKxO7FZtN4wQLIBNYm7q1EwJsuGOGDUU./a','user15@test.com','2025-06-07 13:30:00','2025-06-07 13:30:00','003',598134325650577,'010-1234-0015','1983.11.27','M'),(16,'user16','$2a$10$cRNSyBv9jpDfdIpWtqfRTuAoLEhuCPjH/nUQyUdF4cO3E7ySzU5q6','user16@test.com','2025-06-07 14:00:00','2025-06-07 14:00:00','004',282720534003785,'010-1234-0016','1998.01.09','F'),(17,'user17','$2a$10$E1wIssMjV4enNq7b2tIp/OaST2sYtzhw1e07Tf0aNtdmbP8KIaLdy','user17@test.com','2025-06-07 14:00:00','2025-06-07 14:00:00','001',2418959940845606,'010-1234-0017','1982.05.21','M'),(18,'user18','$2a$10$tf7BIcn6yhhPT6VzxYr5W.mzxpqrYIl7WP/S9.EyfThq6ZlHG0tRy','user18@test.com','2025-06-07 14:00:00','2025-06-07 14:00:00','002',1125904235384913,'010-1234-0018','1999.09.04','F'),(19,'user19','$2a$10$4FbZdCmDQb.cg/DfVUKEhOXBsXaEFPeebasMrglT8v9ndIHxantle','user19@test.com','2025-06-07 14:00:00','2025-06-07 14:00:00','003',9033587536429322,'010-1234-0019','1981.12.17','M'),(20,'user20','$2a$10$x0879Ik.Rh.xS7fijRra/OOH2Q7lzjR6bPvc7GDaymxlstv3G0zYq','user20@test.com','2025-06-07 14:00:00','2025-06-07 14:00:00','004',316934226976901,'010-1234-0020','2000.04.02','F'),(21,'user21','$2b$10$ooBJW.ZS6vEsUFbIWheVauCmN5iP8QqjQF7KOi3UBuRMlbZQSsEuS','user21@test.com','2025-06-07 13:30:00','2025-06-07 13:30:00','001',NULL,'010-2885-1718','1989.12.03','F'),(22,'user22','$2b$10$krLO1qLW1vFoPbVYSlf.BupTmziEmyzBwtwk5pbWk.OJtCF50mmXu','user22@test.com','2025-06-07 13:30:00','2025-06-07 13:30:00','005',NULL,'010-2357-5300','1974.01.20','M'),(23,'user23','$2b$10$V3HC2Fbig2l1f1r//t1Z9OkN.UAf03eI0kEaS8MsowEB52jgyW16m','user23@test.com','2025-06-07 13:30:00','2025-06-07 13:30:00','003',NULL,'010-8679-5775','2005.02.05','M'),(24,'user24','$2b$10$U6PTvgJC4or4UhoJ84ubeeNT.Ei0jvdqRucjeMyYQM45TbVjQXsSi','user24@test.com','2025-06-07 13:30:00','2025-06-07 13:30:00','001',NULL,'010-2589-4383','1972.01.06','F'),(25,'user25','$2b$10$m2qLr1p2BbzNIQbB1LIj4.NFLUfiBF.Gyed5WDrIdABnAKEDVYCD.','user25@test.com','2025-06-07 13:30:00','2025-06-07 13:30:00','002',NULL,'010-6694-6375','1990.06.02','F'),(26,'user26','$2b$10$OhiAvL16E3x6fSNBFRHQbu381CKweZN5TVvk4U79WDmys.28KfZmq','user26@test.com','2025-06-07 13:30:00','2025-06-07 13:30:00','004',NULL,'010-7463-6806','2004.09.05','F'),(27,'user27','$2b$10$fFhNMXh5fq.o1Lv./5Xna.Oo5l3Ap/IJ/jb9HeGv9CtQDGD6Zpc5C','user27@test.com','2025-06-07 13:30:00','2025-06-07 13:30:00','002',NULL,'010-5252-3473','1970.08.18','M'),(28,'user28','$2b$10$knWDNNcSemH1Bz76si8MVufM0Z9voRNpr59YwFYCQHMObI/Y0fcpa','user28@test.com','2025-06-07 13:30:00','2025-06-07 13:30:00','002',NULL,'010-8163-9945','2001.09.07','F'),(29,'user29','$2b$10$rSiwvRhwpQz4zohEDFWV2ezlHQlXVn/l/0tR0Xtp6CnQLKYaoDCtS','user29@test.com','2025-06-07 13:30:00','2025-06-07 13:30:00','002',NULL,'010-8945-6157','1972.12.27','F'),(30,'user30','$2b$10$49JsLiagEICGThUtIKU5DuZPKKyD/rLXq3ky6kKWg2jVhTSLPjnNy','user30@test.com','2025-06-07 13:30:00','2025-06-07 13:30:00','005',NULL,'010-5857-4647','1982.05.06','F'),(31,'user31','$2b$10$.ml8kZS.W/j05HCbDeoZ/uwb4QzPitWzG3uhAkKjyuHZmTAC7ORwK','user31@test.com','2025-06-07 13:30:00','2025-06-07 13:30:00','003',NULL,'010-7206-8222','1998.05.11','M'),(32,'user32','$2b$10$du.6k75QkuKWIsV1Lh7IgOE8.rCAT5/JmzEEx9GlP9oTkCP06z9hS','user32@test.com','2025-06-07 13:30:00','2025-06-07 13:30:00','002',NULL,'010-7918-2171','1975.07.11','F'),(33,'user33','$2b$10$lii19nft7oXxq7HdSw2NjexLtUphAVa7q8Zaetckf369WIL.77pTu','user33@test.com','2025-06-07 13:30:00','2025-06-07 13:30:00','004',NULL,'010-7944-4815','1985.07.03','F'),(34,'user34','$2b$10$edqoKxLvvSLeWcBMDbO6UekWNGn/.FgIzGaBtBFk74/ax/3wcu5EC','user34@test.com','2025-06-07 13:30:00','2025-06-07 13:30:00','001',NULL,'010-6690-6280','1978.02.06','F'),(35,'user35','$2b$10$CiATE4p15zNwKYuflCsaHeX6vRbdIameo8oUl5cL1PY3yS2fnRefm','user35@test.com','2025-06-07 13:30:00','2025-06-07 13:30:00','002',NULL,'010-6764-5079','1976.07.17','F'),(36,'user36','$2b$10$Y4Sy/8mhQFYEDO.MxlgFCenSzxQDC6XC0WBKuH8e/3N.q1uFnUoIe','user36@test.com','2025-06-07 13:30:00','2025-06-07 13:30:00','002',NULL,'010-8176-6632','2005.06.05','F'),(37,'user37','$2b$10$CmdonuvWt75r2QZEIlVA4uHLeXrv1CmAjvMtY038cii/nMwF9HSim','user37@test.com','2025-06-07 13:30:00','2025-06-07 13:30:00','004',NULL,'010-2822-4962','1985.11.09','M'),(38,'user38','$2b$10$T0ip89LOc06gqYJ4bG7h5ehOpUHddnb5oM51Q964To5lpg949BBbm','user38@test.com','2025-06-07 13:30:00','2025-06-07 13:30:00','002',NULL,'010-3887-4136','2000.08.25','F'),(39,'user39','$2b$10$swXY9CMR1E5KO0GJYuPXfu2VpI9U5NyrM413miB8Zs.V2N1S5Rcr6','user39@test.com','2025-06-07 13:30:00','2025-06-07 13:30:00','004',NULL,'010-9345-9446','1983.04.16','F'),(40,'user40','$2b$10$TIeJEaLj/hS7tGAkLw9QJubHtL0hRMBFse34C5ZC6W8hUbdeti2Yi','user40@test.com','2025-06-07 13:30:00','2025-06-07 13:30:00','001',NULL,'010-1084-6327','1990.01.15','M'),(41,'user41','$2b$10$qGZ1hdOuKKVDQxTZHZ65v.vouF9UQcXNY.G0AT5b5vVjce0vxJPeW','user41@test.com','2025-06-07 13:30:00','2025-06-07 13:30:00','005',NULL,'010-3409-1318','1989.02.26','M'),(42,'user42','$2b$10$p6jqbHFa9DNvLw4.23NJJOvMLZsOSEnVqZes3LjJ7VsczoMKRSaDK','user42@test.com','2025-06-07 13:30:00','2025-06-07 13:30:00','005',NULL,'010-2155-9418','2004.02.11','F'),(43,'user43','$2b$10$vwLR8Dc1dz7I/GRVbYvk7O4S5c.Gd7M89hkL5SSQVsPJU5EIHuePS','user43@test.com','2025-06-07 13:30:00','2025-06-07 13:30:00','003',NULL,'010-5904-7553','2001.01.01','F'),(44,'user44','$2b$10$wy7qhpPlGlYwO20yCizKquw3Xq5QHvkNgsdn64P/7xhA/AOHLr1Yy','user44@test.com','2025-06-07 13:30:00','2025-06-07 13:30:00','005',NULL,'010-1195-7438','2001.10.25','M'),(45,'user45','$2b$10$F3QCfanA5ksACKls/ElrMe6VL4HvWnXHUcH7xcPT9gK2v6jjbYZum','user45@test.com','2025-06-07 13:30:00','2025-06-07 13:30:00','004',NULL,'010-4840-7676','1992.12.28','M'),(46,'user46','$2b$10$x3.gdNZUccqZghfTvqsL/uSKKzLCHp7Du7YDM0ybXgqvp7gMEiRde','user46@test.com','2025-06-07 13:30:00','2025-06-07 13:30:00','002',NULL,'010-8026-5582','1995.07.27','F'),(47,'user47','$2b$10$bv87K6KGZTLRayrCT31It.9P1/Y38PJHUzlAaTBaZSp0oFZmLMOBG','user47@test.com','2025-06-07 13:30:00','2025-06-07 13:30:00','001',NULL,'010-4397-6853','1979.08.18','M'),(48,'user48','$2b$10$nQUwa6kceiC5wKosFRoyWeMg81RueMlQvzVLqC2O/qx73ftDjN2Cu','user48@test.com','2025-06-07 13:30:00','2025-06-07 13:30:00','003',NULL,'010-5077-4509','1984.11.21','F'),(49,'user49','$2b$10$NW19dg/1hkmrKKiGO7CKaOy9pKSonsYIDOkW6Dyugpmr15iZYvq.u','user49@test.com','2025-06-07 13:30:00','2025-06-07 13:30:00','004',NULL,'010-8840-2863','1989.01.25','F'),(50,'user50','$2b$10$foxv5lEyzNg2pOhMc4HINeaZSR8PlZKVqsH1PMOzwUiq7I/AWMjpa','user50@test.com','2025-06-07 13:30:00','2025-06-07 13:30:00','003',NULL,'010-1414-6185','1973.05.11','M'),(51,'user51','$2b$10$8o/xXvEozsm4YNetNQywOuz1CUzcl.FfQxCvWrE2MW.lc0CltEqOC','user51@test.com','2025-06-07 13:30:00','2025-06-07 13:30:00','004',NULL,'010-3917-8559','1988.02.10','M'),(52,'user52','$2b$10$c/zNjT23bmDQIuCLEQtrgOU1MXQSHyh/9YQSphGLlasquc1J4wHaa','user52@test.com','2025-06-07 13:30:00','2025-06-07 13:30:00','002',NULL,'010-4879-4004','1985.01.20','F'),(53,'user53','$2b$10$SZc6wx.SOacIxJqWw91JCu6EPQ9AoZy4LYTk38e6EGwZ9EzItshxu','user53@test.com','2025-06-07 13:30:00','2025-06-07 13:30:00','001',NULL,'010-9232-7576','1994.01.12','M'),(54,'user54','$2b$10$t8IICLq2rtlhg48.dMb/WeLgEMJlvVvmf7OaXnDR62ktlr.cV8u22','user54@test.com','2025-06-07 13:30:00','2025-06-07 13:30:00','005',NULL,'010-8767-1055','2001.11.01','M'),(55,'user55','$2b$10$hAX9ZRfriWaSY92wdQm5O.UItF.YBJs4w64VmBJHmXP4pcK.7VduK','user55@test.com','2025-06-07 13:30:00','2025-06-07 13:30:00','004',NULL,'010-7914-2857','1995.10.02','F'),(56,'user56','$2b$10$aj9HHVQH7eGl1mEg9E4VD.uUu4eK1jSRLAYcmbtqshG3Hh9aszXbS','user56@test.com','2025-06-07 13:30:00','2025-06-07 13:30:00','004',NULL,'010-8206-3656','1988.05.13','M'),(57,'user57','$2b$10$3kkwSxT/waLicmUomaEDv.ipwgPAbITWmfomQrPtKLw6mMlcpWSVa','user57@test.com','2025-06-07 13:30:00','2025-06-07 13:30:00','004',NULL,'010-2497-1987','1995.02.05','M'),(58,'user58','$2b$10$CUlruawYG1rMmTfHDTSzvucr2aY5yFxfhP4YUpTgZMaE0T/BpM2Ye','user58@test.com','2025-06-07 13:30:00','2025-06-07 13:30:00','004',NULL,'010-1244-6648','1978.09.24','M'),(59,'user59','$2b$10$h87UkTjFRNMdrwOOx0AvFOcosQ52nkpPTHwQOOzozVLhxCSCUeAD.','user59@test.com','2025-06-07 13:30:00','2025-06-07 13:30:00','005',NULL,'010-2721-3747','1991.02.18','M'),(60,'user60','$2b$10$zbj6X4t2/oBJtf0.ifRjUukgayZermkSOaXV2rf83HQiHeNhB/wmG','user60@test.com','2025-06-07 13:30:00','2025-06-07 13:30:00','002',NULL,'010-7911-2613','1997.07.03','F'),(61,'user61','$2b$10$C1OmGj3LnFll0V8XZZ1oDuFWHZInDv6yQqRQh.60SkkF0nZN5u4xu','user61@test.com','2025-06-07 13:30:00','2025-06-07 13:30:00','005',NULL,'010-6458-1130','2005.10.05','F'),(62,'user62','$2b$10$QhfKvjTLkzEMqVk0BOfhtOVvm041O2z/DGfocrTlJE4PAHPgMJ6DS','user62@test.com','2025-06-07 13:30:00','2025-06-07 13:30:00','004',NULL,'010-4365-4258','1997.01.22','M'),(63,'user63','$2b$10$LNv580NDVKuopbCOXC4muOHjLW1/AO9RS9eRuXFMeCXgvCd5fTNA2','user63@test.com','2025-06-07 13:30:00','2025-06-07 13:30:00','003',NULL,'010-8810-4237','1986.06.05','M'),(64,'user64','$2b$10$E3NpAYGK/LUXz4cJkew54eSeIw1yMetAB7Eyv6Qqigj1PD758Z74S','user64@test.com','2025-06-07 13:30:00','2025-06-07 13:30:00','002',NULL,'010-3400-4462','1974.06.02','F'),(65,'user65','$2b$10$0ClZsSTQ18HMukQlsK69zuRchF9h.nZC.lct/0MdpysiQFaMIoeTW','user65@test.com','2025-06-07 13:30:00','2025-06-07 13:30:00','003',NULL,'010-6694-7834','1977.09.13','M'),(66,'user66','$2b$10$G9/uk9ezZW9g2ZkxYmYdu.NcJtMPBtLlU6.jvg9x/TfH522u2DAEu','user66@test.com','2025-06-07 13:30:00','2025-06-07 13:30:00','005',NULL,'010-6877-2953','1972.09.19','F'),(67,'user67','$2b$10$3siAWsz512hwXrPx9/mWJ.gtceiHd1AuQNBfXtl1rnsc9rZBxPZm2','user67@test.com','2025-06-07 13:30:00','2025-06-07 13:30:00','004',NULL,'010-6685-7332','1982.01.17','M'),(68,'user68','$2b$10$hjNrtfUikdTlkQrRUTyDV.7RpS5udTnxTyGdklUQ3vY9EW0JPHKru','user68@test.com','2025-06-07 13:30:00','2025-06-07 13:30:00','005',NULL,'010-6382-3138','2003.07.16','F'),(69,'user69','$2b$10$U.O7Xm3wYwDMItjnhd6QNu36L5AsbMc1UEA1uzNmNUGcHIhJ3h9Nu','user69@test.com','2025-06-07 13:30:00','2025-06-07 13:30:00','005',NULL,'010-1424-4030','1994.02.26','M'),(70,'user70','$2b$10$yf6/koJyTaIk/IvqX/NVKe3/AJCUMUZIedpFZKjTGEnK0V.za5dxa','user70@test.com','2025-06-07 13:30:00','2025-06-07 13:30:00','001',NULL,'010-7193-1441','1999.05.27','M'),(71,'user71','$2b$10$lHft2aGrFmB4/abRvl.zTOpX4IRI1odTUswijjykhULF30KGXNHz6','user71@test.com','2025-06-07 13:30:00','2025-06-07 13:30:00','002',NULL,'010-2761-3149','1973.10.15','M'),(72,'user72','$2b$10$ApaLNfetuBGzMFqFOLDjleFU8m/nWG/jaEmX/fO4LEgsKXVLBYAP2','user72@test.com','2025-06-07 13:30:00','2025-06-07 13:30:00','001',NULL,'010-4982-5688','1986.04.03','M'),(73,'user73','$2b$10$2/EeueYLgoZXADtLHVQedO9fFKZwlqkMwrwWI/6VCq6nLK4VRdkO.','user73@test.com','2025-06-07 13:30:00','2025-06-07 13:30:00','005',NULL,'010-1266-3966','2003.06.08','F'),(74,'user74','$2b$10$nGfb2/npTkzUEy2zYOzlZepUJSBVWZEZE2gg2rkKEyKarxQSFve86','user74@test.com','2025-06-07 13:30:00','2025-06-07 13:30:00','002',NULL,'010-6040-3869','2002.11.19','F'),(75,'user75','$2b$10$Jg1X8d6F2IbxsB4K.CopBuEg91fdARvcFSmFuKTS00m2u0T5PuTxG','user75@test.com','2025-06-07 13:30:00','2025-06-07 13:30:00','001',NULL,'010-5855-6840','1994.07.03','F'),(76,'user76','$2b$10$vdYbsimSaIvnCH4lzLjtu.lLZgn2s/u9/3ySqSsHejYvmFqEzwh0C','user76@test.com','2025-06-07 13:30:00','2025-06-07 13:30:00','004',NULL,'010-9396-8320','1983.11.04','F'),(77,'user77','$2b$10$ioDiU/IAdHRQTmAU8bV3TOUMDwpvke.0LvXw1gHJa9wG4JJK.ZbPq','user77@test.com','2025-06-07 13:30:00','2025-06-07 13:30:00','002',NULL,'010-5882-6386','1991.10.09','F'),(78,'user78','$2b$10$aIMZY5i/jOh/e760oDbp8e/9eIkPZM3s0rg1faDZmAetHfZF47MOG','user78@test.com','2025-06-07 13:30:00','2025-06-07 13:30:00','005',NULL,'010-7349-4349','1982.09.01','M'),(79,'user79','$2b$10$dK0q7VNzL0tehv3IVd8dVO.fnEPsEpFljfF/9I9CcCOZToP1AXfVe','user79@test.com','2025-06-07 13:30:00','2025-06-07 13:30:00','002',NULL,'010-1818-9551','1975.09.20','M'),(80,'user80','$2b$10$bkD1pDRfQzb.Jb6eWDE2cOazbU3v1F7hP9qm/ry0UyW2wEgmiHXa6','user80@test.com','2025-06-07 13:30:00','2025-06-07 13:30:00','005',NULL,'010-7953-7988','1984.12.01','F'),(81,'user81','$2b$10$5m03wF3lUGKGqV5iRH2O..qgCX2M0tSRM2S6zruYjTSo.afhkDCsa','user81@test.com','2025-06-07 13:30:00','2025-06-07 13:30:00','002',NULL,'010-4934-3999','1990.05.22','M'),(82,'user82','$2b$10$cINFcKaV1.XNrgLGg2..OOrmAOfk6Aop2mQF9Ud1/ItS7fS5R9oZm','user82@test.com','2025-06-07 13:30:00','2025-06-07 13:30:00','004',NULL,'010-8552-1087','1986.11.21','F'),(83,'user83','$2b$10$Ook.K7enacQ//d3MgLXPv.1rHUt3pA9XVNNN3QcdbWu3vqN9vA.Jm','user83@test.com','2025-06-07 13:30:00','2025-06-07 13:30:00','003',NULL,'010-6232-1472','1998.05.25','F'),(84,'user84','$2b$10$Flp.OxdjdyZ5.xS2y6tt4eOxZfyeb.iwJgwsG8ETrVG7VsyDjf9aO','user84@test.com','2025-06-07 13:30:00','2025-06-07 13:30:00','003',NULL,'010-2232-2467','1991.08.28','F'),(85,'user85','$2b$10$5309B6bxR84BM3EjfKpX9.prAD9aO4GLyfcAiEprOPBAwgXSzeWp.','user85@test.com','2025-06-07 13:30:00','2025-06-07 13:30:00','003',NULL,'010-8908-5568','2002.08.12','F'),(86,'user86','$2b$10$aBvOkZFrDS2A.ZurfOqJE.oZKPlEjKj6G76AL3XskE09VJXgvk2bK','user86@test.com','2025-06-07 13:30:00','2025-06-07 13:30:00','004',NULL,'010-8144-6819','1980.05.03','F'),(87,'user87','$2b$10$ZaH1TOJJLQePcBZXGvi2BuPggCWSC1moMN4bwkuSOjOq0y5ba9HNe','user87@test.com','2025-06-07 13:30:00','2025-06-07 13:30:00','001',NULL,'010-3132-4510','1994.09.13','F'),(88,'user88','$2b$10$nK7m6YdDGwp1dsf8c/VPK.HCI6OfgITskXO0yY7BBYXVC5pES.hCC','user88@test.com','2025-06-07 13:30:00','2025-06-07 13:30:00','004',NULL,'010-7425-1864','1982.09.26','F'),(89,'user89','$2b$10$vgRfmvJL63HD6TVHTtobzOgg14uigMCyHu7gU.Rfi6tU8QGOiNdha','user89@test.com','2025-06-07 13:30:00','2025-06-07 13:30:00','004',NULL,'010-2952-9168','1981.04.17','F'),(90,'user90','$2b$10$1AtsAarmb3LCf4YmIkcdjeWfP7XTT7JdklwC71FblA0ceRIxk5K4.','user90@test.com','2025-06-07 13:30:00','2025-06-07 13:30:00','002',NULL,'010-2744-4876','1988.08.02','M'),(91,'user91','$2b$10$vorCTx4z.y5JY2Q3NxtMoeOHan6V.uMsLhlJpN503hHUn/dgK3np2','user91@test.com','2025-06-07 13:30:00','2025-06-07 13:30:00','005',NULL,'010-9039-4309','2000.01.22','M'),(92,'user92','$2b$10$REsHr5c0WVJHpCX5Uy8D7eWjVkHUqUz584TwCaF6SUl/o1p5IWRe2','user92@test.com','2025-06-07 13:30:00','2025-06-07 13:30:00','004',NULL,'010-3257-4151','2004.12.21','F'),(93,'user93','$2b$10$qUsOZW3mlGyjvvylrc.D/ui4/.pYmQUpxfyZbZ8Blcx1YvR9ax6vG','user93@test.com','2025-06-07 13:30:00','2025-06-07 13:30:00','003',NULL,'010-4375-9922','1974.12.28','M'),(94,'user94','$2b$10$czRgvuUYcE72i1yz3QwcGuRG69ZRg4z/OtPQzIOwLMYQukkmX8Qw2','user94@test.com','2025-06-07 13:30:00','2025-06-07 13:30:00','002',NULL,'010-3115-3991','2002.06.09','F'),(95,'user95','$2b$10$bhN/tNYGR7Evel8wdz/fz.rrXzNbYrPLJ3SQnZoTKP2.manHN0Y2y','user95@test.com','2025-06-07 13:30:00','2025-06-07 13:30:00','002',NULL,'010-3010-5710','1979.07.09','M'),(96,'user96','$2b$10$e/0v1IjlMRdGDyNKJzOeO.x25wNuS0H0wxljef23yFOZH28hBlLGS','user96@test.com','2025-06-07 13:30:00','2025-06-07 13:30:00','003',NULL,'010-3498-6482','1970.12.23','F'),(97,'user97','$2b$10$gMixRSgdkV7L9NhM4NjbYOaJHBBucf.HqnwBWu6.lW98QqXYCS2.O','user97@test.com','2025-06-07 13:30:00','2025-06-07 13:30:00','001',NULL,'010-2893-5320','1973.04.07','F'),(98,'user98','$2b$10$wywHMK85UfTt9.pVZhuL0OGeKCVBspP98uSmEuRm029CyaAY5.qOu','user98@test.com','2025-06-07 13:30:00','2025-06-07 13:30:00','004',NULL,'010-6008-9455','1984.07.14','M'),(99,'user99','$2b$10$FH/ymP56FfRLS/6ZtqWDFe6GjGp7AyW.cuNIMBh.PlJbLhlT.k5AG','user99@test.com','2025-06-07 13:30:00','2025-06-07 13:30:00','003',NULL,'010-4520-8936','1989.12.03','M'),(100,'user100','$2b$10$zMOS7I1UuRyoAZxTg8UKSeZgKyL0ykOEdtSb1UdKgn/AVg/8Qt5oq','user100@test.com','2025-06-07 13:30:00','2025-06-07 13:30:00','001',NULL,'010-7155-1854','1986.11.26','M'),(101,'user101','$2b$10$QjSlRHyxfq0xCEMgucrBIeuX1mxe8XcOcJIuktRByGkaqDGzhPQf.','user101@test.com','2025-06-07 13:30:00','2025-06-07 13:30:00','004',NULL,'010-2132-9773','1987.08.13','F'),(102,'user102','$2b$10$sQjALqkAiglqVCX5x661feqnTtPiguXHg.1OuFsPDyv/zEi0t1eFW','user102@test.com','2025-06-07 13:30:00','2025-06-07 13:30:00','002',NULL,'010-9389-6453','1973.02.11','F'),(103,'user103','$2b$10$ITG2oa.nCAJCniT0vQIupOaqfAvHObhIE99jwj/c.Y/dj54pIksBa','user103@test.com','2025-06-07 13:30:00','2025-06-07 13:30:00','005',NULL,'010-4962-2145','1994.12.03','F'),(104,'user104','$2b$10$Gdps38HQTKPvg0N0k2r..e9klh1uN70H3aAo.qqe7MPGI7XnPXPzm','user104@test.com','2025-06-07 13:30:00','2025-06-07 13:30:00','004',NULL,'010-8559-8740','1985.06.24','M'),(105,'user105','$2b$10$dGHxVWgspr8PhOzbk2jgYOZdWsnS6Dl2mbkgp94R0qemsBHfSbu8S','user105@test.com','2025-06-07 13:30:00','2025-06-07 13:30:00','003',NULL,'010-6596-4639','1990.09.21','M'),(106,'user106','$2b$10$pUEI3UweAxW8CZUmqh2r..LKvR1gXxOtsbxpIfKlhY0OZPDVYqS.y','user106@test.com','2025-06-07 13:30:00','2025-06-07 13:30:00','004',NULL,'010-8543-1758','1988.02.26','F'),(107,'user107','$2b$10$dC6/VEQeTORbCfAL.XMluOOVIwtTZCvWYZCSBM6KGRo.zH73THmNe','user107@test.com','2025-06-07 13:30:00','2025-06-07 13:30:00','001',NULL,'010-8327-3109','2000.09.04','F'),(108,'user108','$2b$10$m.s7zJIF6C05eJeQXfTdGeIAjQik3qtTyXGgg4bbkjOm9Otb55T6a','user108@test.com','2025-06-07 13:30:00','2025-06-07 13:30:00','005',NULL,'010-2221-4305','2004.02.13','M'),(109,'user109','$2b$10$l1aYSbs5Zvpy4vbM8OWie.MHYwDxe.PVowTjayajcQfOZsMWMQSiW','user109@test.com','2025-06-07 13:30:00','2025-06-07 13:30:00','005',NULL,'010-7702-2860','1970.10.03','F'),(110,'user110','$2b$10$eku4tngcRCA6uSIauvmDV.8aAjtZe4JOuGVZWNOM6yRvchNXOV8y.','user110@test.com','2025-06-07 13:30:00','2025-06-07 13:30:00','002',NULL,'010-5672-9560','1981.09.14','M'),(111,'user111','$2b$10$/4Soy67akTKSciXGolVweuoyh1y9KuxSh3VhetBW7khqU4wHc9HWC','user111@test.com','2025-06-07 13:30:00','2025-06-07 13:30:00','002',NULL,'010-3019-7665','1971.01.12','M'),(112,'user112','$2b$10$92odtuMyadWR..XwrE6q7OdXOFM0uTG34kK/veroNfbhxqfu351yS','user112@test.com','2025-06-07 13:30:00','2025-06-07 13:30:00','003',NULL,'010-4922-7210','1981.10.15','F'),(113,'user113','$2b$10$/xm9yVaz8cnFmFR0iqejgOwTbkkrB7XfmMXQWFUZ4468CgS7wb61S','user113@test.com','2025-06-07 13:30:00','2025-06-07 13:30:00','004',NULL,'010-2362-9086','2004.08.02','M'),(114,'user114','$2b$10$z0Y6kkPejnhMHda4Nl.S9uMQzLC7g.t3YaCuFah9jt8PJUmJ7OWMi','user114@test.com','2025-06-07 13:30:00','2025-06-07 13:30:00','002',NULL,'010-8090-9053','1986.04.20','M'),(115,'user115','$2b$10$9XG/EoZI7ZfFg49NovcmD.heVPjIEdklDdPnPlfpUx7XOfa4mgdS2','user115@test.com','2025-06-07 13:30:00','2025-06-07 13:30:00','002',NULL,'010-8663-3245','1971.08.16','F'),(116,'user116','$2b$10$CcY2qQiuxo2S0/rVit.D2.YWjWmu/Ku4cHrmpAquO2pSLmjeBh0Ra','user116@test.com','2025-06-07 13:30:00','2025-06-07 13:30:00','002',NULL,'010-8444-2118','1999.04.03','F'),(117,'user117','$2b$10$HjwjZXvGWoTOU0wPWiqA3Ol/VWG0nv.gTR4WYfpVgI45nidHo.vke','user117@test.com','2025-06-07 13:30:00','2025-06-07 13:30:00','003',NULL,'010-4065-6478','1975.06.18','F'),(118,'user118','$2b$10$65YP79Uku6caOBez31Moi.bCrAtMgTDXeoHLcQy6ZvTXfHYfCdVWG','user118@test.com','2025-06-07 13:30:00','2025-06-07 13:30:00','004',NULL,'010-4823-8466','1990.02.26','M'),(119,'user119','$2b$10$HHvFbxfFuyVC59znlwM6C.gA7OX80pEF/fu43nMulqV4ZI8DPLdh.','user119@test.com','2025-06-07 13:30:00','2025-06-07 13:30:00','001',NULL,'010-1268-9578','1985.05.08','M'),(120,'user120','$2b$10$Wb6pDJSkUywEh57jId80beDjETv884Qi0TNL9SPus77kel/tWHLem','user120@test.com','2025-06-07 13:30:00','2025-06-07 13:30:00','003',NULL,'010-3263-6181','1997.08.26','F'),(121,'user121','$2b$10$C66lSN43vLIYKunHrdEYn.Il7yuXJPTbyapXP.x7zRjUhtwf6hldu','user121@test.com','2025-06-07 13:30:00','2025-06-07 13:30:00','004',NULL,'010-3695-3257','1981.10.01','M'),(122,'user122','$2b$10$Yyl7BppEM.Dx6eLUmbLevuLnUATUFTIMXHXBBOxU8TYgAOhOZDrhS','user122@test.com','2025-06-07 13:30:00','2025-06-07 13:30:00','004',NULL,'010-1608-6787','1975.05.18','F'),(123,'user123','$2b$10$v74Gh6pCvEy6Vk8Sh4s8re7DVJXZNk0cQiPAAa./8n.FHi0kD8zo2','user123@test.com','2025-06-07 13:30:00','2025-06-07 13:30:00','005',NULL,'010-2035-7242','1988.12.24','M'),(124,'user124','$2b$10$BCqEDIEMAChzd0eRljtQbO9MO5EVo5sgiiFEaKvE0DUsiPXGsocju','user124@test.com','2025-06-07 13:30:00','2025-06-07 13:30:00','002',NULL,'010-2230-6619','2000.04.03','F'),(125,'user125','$2b$10$J0efbJ7weINjGERLMXwTzeF94UUwjr8kDUIxqej1.Ldie02CLYFJu','user125@test.com','2025-06-07 13:30:00','2025-06-07 13:30:00','001',NULL,'010-6710-3949','1974.03.08','F'),(126,'user126','$2b$10$WLUn/8d2X28VA6XhLE3Oc.GsfqyDisRLn7JMLh/k0dLnSt4e2BLTO','user126@test.com','2025-06-07 13:30:00','2025-06-07 13:30:00','003',NULL,'010-2071-7673','2000.10.23','M'),(127,'user127','$2b$10$DLSbMQkzoSocFGf8YOh0K.m3UgR2jGmWQiAdsdoI3fSw0qvrrHY6i','user127@test.com','2025-06-07 13:30:00','2025-06-07 13:30:00','003',NULL,'010-3515-7590','1988.06.09','F'),(128,'user128','$2b$10$XARh5B1g0i57dDL.ti/e5ePnDKDOMy/ded7krKuSRCgKRRf8T4uTe','user128@test.com','2025-06-07 13:30:00','2025-06-07 13:30:00','005',NULL,'010-5542-1413','2004.05.11','M'),(129,'user129','$2b$10$sRKDBM9Po27Rm2TBcuZdMedoXya.TbaEEJOs.B.U1oxFN8GISA3Da','user129@test.com','2025-06-07 13:30:00','2025-06-07 13:30:00','004',NULL,'010-2345-5201','1976.03.02','M'),(130,'user130','$2b$10$3DBhS464fblWCbgpoTWJPuQef2SfCWJk3Y3STrRXml4RnpYd4JgRK','user130@test.com','2025-06-07 13:30:00','2025-06-07 13:30:00','003',NULL,'010-2346-2402','1980.12.24','F'),(131,'user131','$2b$10$Eps00B6W5GuAGfqPLKD7O.m5w0uU9n6VYW59r/ajCKyZJFOaQawlK','user131@test.com','2025-06-07 13:30:00','2025-06-07 13:30:00','005',NULL,'010-6150-7934','1981.09.19','F'),(132,'user132','$2b$10$2JhI7sU7PN3SocUUjyCLyevfpmOmTRkq8FOFipAPubRNvmXyN2F6.','user132@test.com','2025-06-07 13:30:00','2025-06-07 13:30:00','005',NULL,'010-5560-3866','1972.07.17','F'),(133,'user133','$2b$10$t0L3rg5HeN0IqHhFtql9WuU09ceKJjsyk2r8lUyCM7vYUZ5ESDY66','user133@test.com','2025-06-07 13:30:00','2025-06-07 13:30:00','003',NULL,'010-1510-5259','1982.05.11','M'),(134,'user134','$2b$10$VVuh5n1FbRSRImb5lmYE4u2ofbpgNIz2Grui90nxMgmOyZe6VP0zu','user134@test.com','2025-06-07 13:30:00','2025-06-07 13:30:00','002',NULL,'010-5851-7712','1997.11.16','F'),(135,'user135','$2b$10$LxmxJZhljdBMc.zZ/A4ftuCY8WTsU.I.qoGsTzkOLap/NwrewePQO','user135@test.com','2025-06-07 13:30:00','2025-06-07 13:30:00','005',NULL,'010-3986-3492','1998.05.14','F'),(136,'user136','$2b$10$AChVpCiuBdpAWUThcxX4IuCFScgFq/CcNYsz4x8GUPdEeA.Ezgmr6','user136@test.com','2025-06-07 13:30:00','2025-06-07 13:30:00','002',NULL,'010-8840-7544','1999.10.17','F'),(137,'user137','$2b$10$bnYKbB2DyRLm/AOrJfdveOEzBNhaU3lG7zOXI4zWRT7z6Q/pjT5im','user137@test.com','2025-06-07 13:30:00','2025-06-07 13:30:00','003',NULL,'010-9939-5670','1982.07.10','F'),(138,'user138','$2b$10$F5W/SNWOoEuYh1Cd8eMmteJC0BEfGBcGw1J/oNFbHbg2PDo6LTYw.','user138@test.com','2025-06-07 13:30:00','2025-06-07 13:30:00','001',NULL,'010-2773-9028','1997.10.15','F'),(139,'user139','$2b$10$injPpHJFGMiVdG4P8QBoVec/Y/G/y3g1NXVvQz5loT1JIRc/7j54C','user139@test.com','2025-06-07 13:30:00','2025-06-07 13:30:00','004',NULL,'010-8977-7710','2002.07.17','F'),(140,'user140','$2b$10$7/EINMQbQchR6pndA2gUDO3mf7y8G5R3ujsELDmgHd/1zhcbB/Zx6','user140@test.com','2025-06-07 13:30:00','2025-06-07 13:30:00','003',NULL,'010-8051-9671','2002.08.25','F'),(141,'user141','$2b$10$4MauVEfwMnp9lgPkuS0sUeIlk2kmKuPCusD6XJGOg8RysIsJ9lk0G','user141@test.com','2025-06-07 13:30:00','2025-06-07 13:30:00','004',NULL,'010-5363-1408','1984.10.28','M'),(142,'user142','$2b$10$gvp/hVV3.zpS0rfIi.sjbO9d4OGDUnHrw5uRlHglrFD9fKGn/SjiC','user142@test.com','2025-06-07 13:30:00','2025-06-07 13:30:00','005',NULL,'010-2141-1751','1974.10.09','M'),(143,'user143','$2b$10$cchngfKw4vvjcRMo3ajFoutHsywh6yQsNs65yRFd5m2eJZgMSn8qC','user143@test.com','2025-06-07 13:30:00','2025-06-07 13:30:00','004',NULL,'010-1644-1707','2004.03.23','M'),(144,'user144','$2b$10$QnLLoqIZxA3yWkFIO99Bye3Jzv/njWhXh8Zv.yUQdKaOiLy6BS5mq','user144@test.com','2025-06-07 13:30:00','2025-06-07 13:30:00','001',NULL,'010-1523-1180','1981.01.07','F'),(145,'user145','$2b$10$1qaIQdYUpCbDFbTbE8qnbOMv8vRLzRpBbOBrJSCvtPWPLSD6uuHmK','user145@test.com','2025-06-07 13:30:00','2025-06-07 13:30:00','001',NULL,'010-5168-8241','1984.04.16','F'),(146,'user146','$2b$10$ck9k71LrXUHnjv3PxVdLSuIBeMyrxpazAvvfHkBgrdrDk5Tj63RHS','user146@test.com','2025-06-07 13:30:00','2025-06-07 13:30:00','005',NULL,'010-1010-9238','1996.05.12','F'),(147,'user147','$2b$10$4eNJd4VPdkMQ/3rRE93X9.6FTylVvOjxA3yzNR6OMsHB6eLR01ZaW','user147@test.com','2025-06-07 13:30:00','2025-06-07 13:30:00','001',NULL,'010-1433-6313','1984.05.04','M'),(148,'user148','$2b$10$4saE5RnoGI/LvA.ztJoDJeK2n53WF/ThXHyQBFWwSjP4Jo9kk2GQa','user148@test.com','2025-06-07 13:30:00','2025-06-07 13:30:00','001',NULL,'010-8740-6241','1993.12.06','F'),(149,'user149','$2b$10$Iv.bYGPT2eadNKmpJ4WmCeB3ytf.venVulie8X8bA.kZ5KUWnwr3S','user149@test.com','2025-06-07 13:30:00','2025-06-07 13:30:00','002',NULL,'010-8307-3602','2005.03.17','F'),(150,'user150','$2b$10$x7TaVLpFGuZkKNglhYa0b.pSnDXlpHv2ITbyDVowcKUakqwWvcB.K','user150@test.com','2025-06-07 13:30:00','2025-06-07 13:30:00','001',NULL,'010-1763-2618','1975.07.22','M'),(151,'user151','$2b$10$R9d6rRBd3A2Ju8XbkSXFEu5LG1MTlJsCniIa4E7iTW633xkxagR4G','user151@test.com','2025-06-07 13:30:00','2025-06-07 13:30:00','001',NULL,'010-8901-9210','1975.05.19','M'),(152,'user152','$2b$10$QR8syiFaGIo0aFT36D5SVeOWPToMZbKOVTFBubckCmHB6o0N2geDO','user152@test.com','2025-06-07 13:30:00','2025-06-07 13:30:00','004',NULL,'010-7529-8638','1997.03.26','F'),(153,'user153','$2b$10$ikTDeSf0eyTV2kZjKlIcMOoR5ldX1SdLo9ct7jgZp4hB4zGeCxYLW','user153@test.com','2025-06-07 13:30:00','2025-06-07 13:30:00','001',NULL,'010-1851-8115','1985.10.05','F'),(154,'user154','$2b$10$zkIxj6rG5bHUnd0ghXHCuOtY2g4G5dHOpUphNw6XitfuZxGiJXEba','user154@test.com','2025-06-07 13:30:00','2025-06-07 13:30:00','004',NULL,'010-2578-5434','1970.05.27','F'),(155,'user155','$2b$10$UuPVPKXoRsdVhqzSsCyTQutriH5nmM.944PzNnbPY1P4IcO9RV3Ka','user155@test.com','2025-06-07 13:30:00','2025-06-07 13:30:00','004',NULL,'010-1235-4929','1992.08.08','F'),(156,'user156','$2b$10$LQ2ev7f/3vzZItIo0fdtAeya0AyKwB/8lb/nzBro/PXzvkOUytiP2','user156@test.com','2025-06-07 13:30:00','2025-06-07 13:30:00','003',NULL,'010-7229-3481','2000.10.09','F'),(157,'user157','$2b$10$nyxd1GDQqFqpukxvxklxHuj29bF6K3peMNw9IzCX2fZjob.clNhMO','user157@test.com','2025-06-07 13:30:00','2025-06-07 13:30:00','004',NULL,'010-1499-5206','1999.10.28','F'),(158,'user158','$2b$10$ns4gMrMcu39932MzhSzAI.AiXbKkMsG7MJx.ts4BGoCG8qqm4eQI6','user158@test.com','2025-06-07 13:30:00','2025-06-07 13:30:00','001',NULL,'010-5404-7921','1997.11.10','F'),(159,'user159','$2b$10$7slaxT8dipXZ/2oDKTPduOzj0N.F3AP4TqHhRlzRCHktdBmg/i0d2','user159@test.com','2025-06-07 13:30:00','2025-06-07 13:30:00','004',NULL,'010-9693-6988','1972.09.14','F'),(160,'user160','$2b$10$H55HD9zqK0VpTOqb3es97uGzj9/RAY13/QPMYNjCZpxkUSq2hKgQa','user160@test.com','2025-06-07 13:30:00','2025-06-07 13:30:00','004',NULL,'010-7643-2294','1991.07.19','F'),(161,'user161','$2b$10$hQb6f8ZU1L4gopzXO6xaSO0zsMqK2RP/GSNK1ePLoVZxxV5TiGVq.','user161@test.com','2025-06-07 13:30:00','2025-06-07 13:30:00','005',NULL,'010-8929-2858','1974.08.11','M'),(162,'user162','$2b$10$k17JkbS5.BOEBvWjaMsWKuMt7827RXzbJiFluBn.xXx2OW8OToWgG','user162@test.com','2025-06-07 13:30:00','2025-06-07 13:30:00','001',NULL,'010-5180-2837','1980.05.23','M'),(163,'user163','$2b$10$d29CIBz6.mySwRmwURyPa.0PsWUTannILj2CHUr3/N2oHdIfGGdFi','user163@test.com','2025-06-07 13:30:00','2025-06-07 13:30:00','002',NULL,'010-8036-4829','1988.05.26','M'),(164,'user164','$2b$10$fiAr7na/RIPR5ofKdq40UeJUP3QIQnmhckVjNoMTrfvXMoEoPcqKW','user164@test.com','2025-06-07 13:30:00','2025-06-07 13:30:00','005',NULL,'010-9996-5596','1997.11.27','F'),(165,'user165','$2b$10$2Umjpvag2/k0upiQErCZdOuH1t3T1wEoCKyZn7yT/ZLVZ4wyganEW','user165@test.com','2025-06-07 13:30:00','2025-06-07 13:30:00','005',NULL,'010-2907-3533','1988.11.12','M'),(166,'user166','$2b$10$NkljS73zBksyc70aehjg8u3.bQemW6yfSE/oBU4GCIgndHn6yvoTK','user166@test.com','2025-06-07 13:30:00','2025-06-07 13:30:00','002',NULL,'010-7834-9794','1986.09.01','M'),(167,'user167','$2b$10$QevkHRHQDZEz2Qgo4llGTuvqtpssap.GAQRKYKXIRI129hrpWBPvW','user167@test.com','2025-06-07 13:30:00','2025-06-07 13:30:00','004',NULL,'010-8803-5715','1999.03.04','M'),(168,'user168','$2b$10$JJw8/5aKZzkeSkkan.LzB.zTyEpQAgsBIfDyCzwN8Ypq/oItRNS7a','user168@test.com','2025-06-07 13:30:00','2025-06-07 13:30:00','003',NULL,'010-4922-3392','2003.07.09','F'),(169,'user169','$2b$10$C2k7JAljr2ZAXMbs8R7uWOcxcpHYo7lGMbnucoqo9df0ytIBTCgfS','user169@test.com','2025-06-07 13:30:00','2025-06-07 13:30:00','005',NULL,'010-4265-9942','1978.06.16','F'),(170,'user170','$2b$10$PZ5AKGS/QOvuEz4VTOh.Uek5na/FoUyZc8zopFSTmJBj0.uDJwbci','user170@test.com','2025-06-07 13:30:00','2025-06-07 13:30:00','005',NULL,'010-2678-4143','1975.01.26','F'),(171,'user171','$2b$10$CLXfz3CwwRvLMSTNiz3HBOXu4PFRTi8e1h9QtFZ.fsUYhLrvRPwPK','user171@test.com','2025-06-07 13:30:00','2025-06-07 13:30:00','005',NULL,'010-1954-2087','1971.08.09','M'),(172,'user172','$2b$10$KJj0V1cBfX4qz3xTkew65ucJYjrPMYxr/iMX6uJ5XNr/I1J0UuQT6','user172@test.com','2025-06-07 13:30:00','2025-06-07 13:30:00','004',NULL,'010-2365-1999','1988.01.08','F'),(173,'user173','$2b$10$UMgtMR.IrndTv111WCV1GeJuEEo6nHPm65Z4Iq1p.XOQiyGIGSDM.','user173@test.com','2025-06-07 13:30:00','2025-06-07 13:30:00','001',NULL,'010-1851-2095','1987.05.18','M'),(174,'user174','$2b$10$SiRmR02yRtVY239btkth2.kt4d8qUg7xtxaMoEX0MExjibsHqRaxG','user174@test.com','2025-06-07 13:30:00','2025-06-07 13:30:00','005',NULL,'010-9942-2090','1974.05.01','M'),(175,'user175','$2b$10$1ui1d0xqcGkXbkhwBQ95reyFVfVfYufQeUM6/DJQfpLkM26e8LM3K','user175@test.com','2025-06-07 13:30:00','2025-06-07 13:30:00','003',NULL,'010-6296-8697','2004.08.11','F'),(176,'user176','$2b$10$EVXVXCL3zU4/Rm2CRXIGU.hkWLjpvt./WDoLW.hDsOEV1z2WFRFlS','user176@test.com','2025-06-07 13:30:00','2025-06-07 13:30:00','004',NULL,'010-2097-7788','1984.09.02','F'),(177,'user177','$2b$10$pnP0mSnwrTAvEM8EnGBRV.2d8PsYw7u2LHFHjgWwl5ROeX82gojSi','user177@test.com','2025-06-07 13:30:00','2025-06-07 13:30:00','005',NULL,'010-5261-7003','1980.07.01','M'),(178,'user178','$2b$10$JZABp3lrayyvTrzCwDjQceJbW/Qps1xALg5rctAY/sWu9p6KSv29.','user178@test.com','2025-06-07 13:30:00','2025-06-07 13:30:00','005',NULL,'010-7909-4980','1994.04.19','F'),(179,'user179','$2b$10$iwhbFJCmRznM6biRIFdCvOBtY92NqlbQwgm6Z3BL3btb3GATDukoO','user179@test.com','2025-06-07 13:30:00','2025-06-07 13:30:00','004',NULL,'010-9301-2200','2003.06.17','F'),(180,'user180','$2b$10$irw6OGRGxXk9W7G0BF9EJut1IiZ38kPn9PXYpnXWCZ0HgWtWxedUu','user180@test.com','2025-06-07 13:30:00','2025-06-07 13:30:00','001',NULL,'010-6122-6661','1970.03.27','M'),(181,'user181','$2b$10$ER4uJY8bJ0OYZMAksCUXbuUx0eZGcUGetIi9slIPEqBEWqPRC9tTm','user181@test.com','2025-06-07 13:30:00','2025-06-07 13:30:00','004',NULL,'010-1834-6025','1977.05.10','M'),(182,'user182','$2b$10$i00XqTjg7tqdOAbtgBBr4.xpQUgvhj.XB0E78Ix2U0d.gXGT1w8fC','user182@test.com','2025-06-07 13:30:00','2025-06-07 13:30:00','004',NULL,'010-6766-2995','2001.11.14','F'),(183,'user183','$2b$10$eOF2P/B9Snj9epY/9y.mZunJa8YUw.fe.D/5iVJMymgiyn6yGhDeW','user183@test.com','2025-06-07 13:30:00','2025-06-07 13:30:00','005',NULL,'010-2329-3107','1991.01.16','F'),(184,'user184','$2b$10$rHQK1i7cEyR1KYWit0DwOesiGEBxu23K600cs0pUscuHjkGDTfclW','user184@test.com','2025-06-07 13:30:00','2025-06-07 13:30:00','001',NULL,'010-4651-4361','1979.08.26','F'),(185,'user185','$2b$10$3qw/jIKgb.3ed2fLb8wjEeA36CYu9r2WIOW9kNrkaXNvGAcnxdkIi','user185@test.com','2025-06-07 13:30:00','2025-06-07 13:30:00','003',NULL,'010-1288-3881','1997.11.17','M'),(186,'user186','$2b$10$I7B9DjwBM8ruP/cWpep8M.X6l7DaRRzxHwmWrrhRCvYuSfPKf6AoG','user186@test.com','2025-06-07 13:30:00','2025-06-07 13:30:00','002',NULL,'010-7823-3722','2003.02.19','F'),(187,'user187','$2b$10$U7u0YxuJ.FTqo0ipOGHZjO9n1Khefb/T.x/z1yjMzM9q7VbPoNCS.','user187@test.com','2025-06-07 13:30:00','2025-06-07 13:30:00','002',NULL,'010-6041-3759','1986.10.21','F'),(188,'user188','$2b$10$QbrnzWNkYMl0nelgohYQxuoO/8wC72s/dVKjCcWHbtcj/56DhD4PK','user188@test.com','2025-06-07 13:30:00','2025-06-07 13:30:00','004',NULL,'010-8958-1030','1991.02.04','F'),(189,'user189','$2b$10$3kRgHorXzDSOTWv/4iqFI.qmS206V7xExxv3x/zSuVXS5Rsg/fIYG','user189@test.com','2025-06-07 13:30:00','2025-06-07 13:30:00','003',NULL,'010-3575-6811','1976.07.06','F'),(190,'user190','$2b$10$u3XAgYNcpcwPY4Td9ME/q.VMORMpOVBJQ3TD8fsWa62AZX7eI3.DO','user190@test.com','2025-06-07 13:30:00','2025-06-07 13:30:00','002',NULL,'010-7455-3735','1998.06.14','M'),(191,'user191','$2b$10$D2tir.63osWmqUf26r2u7.Tb5QEkY2zQvnavr5pqwD43r38dGG7iy','user191@test.com','2025-06-07 13:30:00','2025-06-07 13:30:00','001',NULL,'010-6899-4721','2000.08.04','M'),(192,'user192','$2b$10$R2bcapqPAcUAkMIqB9H/1eFRMl46N79jtv0WTtL6yD0rn7OxOvoZe','user192@test.com','2025-06-07 13:30:00','2025-06-07 13:30:00','005',NULL,'010-3167-5219','1988.07.13','F'),(193,'user193','$2b$10$Cv6qWvkfLGZjPXl1UPjsNOuoIJ3W3iASADeGIOhxOExvSXyt3lloe','user193@test.com','2025-06-07 13:30:00','2025-06-07 13:30:00','004',NULL,'010-2062-8210','1998.09.11','F'),(194,'user194','$2b$10$JNxZVDvXSJJlPyb60c6jquWpyFaG42GwaKnI6iffkYN2ROaLW155a','user194@test.com','2025-06-07 13:30:00','2025-06-07 13:30:00','002',NULL,'010-1174-4493','1996.01.04','F'),(195,'user195','$2b$10$fzh2CXAjwWmOYVSjTt2wX.PducrdW/vLM4E1M6zk9h8oeqYBgec6O','user195@test.com','2025-06-07 13:30:00','2025-06-07 13:30:00','005',NULL,'010-6056-2696','1982.11.01','M'),(196,'user196','$2b$10$dfKU4n3Rf9zOhjgUk59FoePm4aWrvmGh9s/UEiX825E.M7Uv7QEk6','user196@test.com','2025-06-07 13:30:00','2025-06-07 13:30:00','001',NULL,'010-2954-3292','1990.02.23','F'),(197,'user197','$2b$10$lj5/qEz5BmGFzxlpW2U/Ee8Yr5LDYcmZwtHIGg2aaI0Hf7IpFf.xO','user197@test.com','2025-06-07 13:30:00','2025-06-07 13:30:00','001',NULL,'010-1557-1658','1996.06.01','F'),(198,'user198','$2b$10$74N0M4pJCIebmdUKC9dNDexJSW3ZDCA1cpONJd4EUhXO6vs0rVnJa','user198@test.com','2025-06-07 13:30:00','2025-06-07 13:30:00','002',NULL,'010-5675-8426','1978.05.04','F'),(199,'user199','$2b$10$qsyaEBnYH/t7qSU6Idtnt.oJgRw7RaDNtaC2FPdVhGJW3sAlzkwtC','user199@test.com','2025-06-07 13:30:00','2025-06-07 13:30:00','002',NULL,'010-2927-3031','1983.01.28','M'),(200,'user200','$2b$10$0IuJCZCd4VDUB3uEQk5oouEni.lQXmw372YJacPkxVk0r/ocMqP9S','user200@test.com','2025-06-07 13:30:00','2025-06-07 13:30:00','004',NULL,'010-7624-2690','1992.06.10','M');
/*!40000 ALTER TABLE `users` ENABLE KEYS */;
UNLOCK TABLES;

--
-- Table structure for table `vas_reviews`
--

DROP TABLE IF EXISTS `vas_reviews`;
/*!40101 SET @saved_cs_client     = @@character_set_client */;
/*!50503 SET character_set_client = utf8mb4 */;
CREATE TABLE `vas_reviews` (
  `vas_review_id` bigint NOT NULL AUTO_INCREMENT,
  `user_id` bigint NOT NULL COMMENT 'Auto Increment',
  `vas_id` bigint NOT NULL,
  `score` int DEFAULT NULL,
  `content` varchar(255) DEFAULT NULL,
  `created_at` datetime DEFAULT NULL,
  `updated_at` datetime DEFAULT NULL,
  PRIMARY KEY (`vas_review_id`),
  KEY `FK2v4pwkwfci57k5dtunto1s6vc` (`user_id`),
  KEY `FKgfmx3i68iklox5gn0n33qn5l2` (`vas_id`),
  CONSTRAINT `FK2v4pwkwfci57k5dtunto1s6vc` FOREIGN KEY (`user_id`) REFERENCES `users` (`user_id`),
  CONSTRAINT `FKgfmx3i68iklox5gn0n33qn5l2` FOREIGN KEY (`vas_id`) REFERENCES `vass` (`vas_id`)
) ENGINE=InnoDB AUTO_INCREMENT=901 DEFAULT CHARSET=utf8mb4 COLLATE=utf8mb4_0900_ai_ci;
/*!40101 SET character_set_client = @saved_cs_client */;

--
-- Dumping data for table `vas_reviews`
--

LOCK TABLES `vas_reviews` WRITE;
/*!40000 ALTER TABLE `vas_reviews` DISABLE KEYS */;
INSERT INTO `vas_reviews` VALUES (1,1,1,5,'다양한 오리지널 콘텐츠를 끊김 없이 즐길 수 있어 정말 만족합니다.','2025-06-08 10:10:00','2025-06-08 10:10:00'),(2,2,2,4,'음악 감상은 편리하지만 가끔 곡이 부족하게 느껴져요.','2025-06-08 11:15:00','2025-06-08 11:15:00'),(3,3,3,3,'100곡 제한이 아쉽지만 가격은 합리적입니다.','2025-06-08 12:20:00','2025-06-08 12:20:00'),(4,4,4,2,'광고 없는 서비스라 기대했는데 가끔 버퍼링이 심해요.','2025-06-08 13:25:00','2025-06-08 13:25:00'),(5,5,5,1,'통화연결음 변경이 자주 실패해서 실망입니다.','2025-06-08 14:30:00','2025-06-08 14:30:00'),(6,6,6,5,'디즈니+ 덕분에 가족과 영화 보는 시간이 늘었어요.','2025-06-08 15:35:00','2025-06-08 15:35:00'),(7,7,7,4,'넷플릭스 시리즈가 다양해서 만족하지만 가격이 조금 아쉽네요.','2025-06-08 16:40:00','2025-06-08 16:40:00'),(8,8,8,3,'웹툰 코인 충전은 편리하지만 사용처가 제한적입니다.','2025-06-08 17:45:00','2025-06-08 17:45:00'),(9,9,9,2,'웹툰팩 이용 중 오류가 잦아 불편했습니다.','2025-06-08 18:50:00','2025-06-08 18:50:00'),(10,10,10,1,'도서멤버쉽 결제 후 이용이 어려워서 실망이에요.','2025-06-08 19:55:00','2025-06-08 19:55:00'),(11,11,11,5,'전자책 종류가 다양해서 독서가 즐거워졌습니다.','2025-06-09 10:10:00','2025-06-09 10:10:00'),(12,12,12,4,'밀리의 서재는 좋은데 가끔 동기화가 느려요.','2025-06-09 11:15:00','2025-06-09 11:15:00'),(13,13,13,3,'쇼츠 콘텐츠가 신선하지만 가격이 비싼 편입니다.','2025-06-09 12:20:00','2025-06-09 12:20:00'),(14,14,14,2,'캐시 사용처가 제한적이라 불편함을 느꼈습니다.','2025-06-09 13:25:00','2025-06-09 13:25:00'),(15,15,15,1,'구독권 해지가 번거로워서 불만족입니다.','2025-06-09 14:30:00','2025-06-09 14:30:00'),(16,16,16,5,'비즈니스 리뷰 덕분에 트렌드 파악이 쉬워졌어요.','2025-06-09 15:35:00','2025-06-09 15:35:00'),(17,17,17,4,'아티클 내용은 훌륭하지만 가격이 조금 부담됩니다.','2025-06-09 16:40:00','2025-06-09 16:40:00'),(18,18,18,3,'경제 정보가 유익하지만 UI가 불편해요.','2025-06-09 17:45:00','2025-06-09 17:45:00'),(19,19,19,2,'뉴스 업데이트가 느려 개선이 필요합니다.','2025-06-09 18:50:00','2025-06-09 18:50:00'),(20,20,20,1,'클래스101+ 강의가 기대보다 적어서 아쉬워요.','2025-06-09 19:55:00','2025-06-09 19:55:00'),(21,1,2,5,'티빙 덕분에 주말마다 가족과 영화관람을 즐깁니다.','2025-06-10 10:10:00','2025-06-10 10:10:00'),(22,2,3,4,'지니뮤직 음질은 좋은데 가끔 끊김이 있어요.','2025-06-10 11:15:00','2025-06-10 11:15:00'),(23,3,4,3,'100곡 제한이 아쉬워요. 무제한 옵션이 있으면 좋겠습니다.','2025-06-10 12:20:00','2025-06-10 12:20:00'),(24,4,5,2,'유튜브 프리미엄 결제 오류가 자주 발생합니다.','2025-06-10 13:25:00','2025-06-10 13:25:00'),(25,5,6,1,'V컬러링 설정이 복잡해서 사용이 어렵습니다.','2025-06-10 14:30:00','2025-06-10 14:30:00'),(26,6,7,5,'디즈니+ 덕분에 아이가 좋아하는 애니를 마음껏 봅니다.','2025-06-10 15:35:00','2025-06-10 15:35:00'),(27,7,8,4,'넷플릭스 콘텐츠는 좋은데 가격이 조금 비싸요.','2025-06-10 16:40:00','2025-06-10 16:40:00'),(28,8,9,3,'탑툰 코인 충전은 편리하지만 이벤트가 적어요.','2025-06-10 17:45:00','2025-06-10 17:45:00'),(29,9,10,2,'카카오페이지 사용 중 자주 로그아웃되어 불편합니다.','2025-06-10 18:50:00','2025-06-10 18:50:00'),(30,10,11,1,'리디셀렉트 멤버쉽 해지 절차가 복잡해서 불만입니다.','2025-06-10 19:55:00','2025-06-10 19:55:00'),(31,78,33,1,'부가서비스가 다양해서 좋네요.','2025-06-07 14:01:00','2025-06-07 14:01:00'),(32,86,37,5,'통화 품질은 좋은데 요금이 높아요.','2025-06-07 14:02:00','2025-06-07 14:02:00'),(33,82,17,2,'친절한 고객센터에 감동했어요.','2025-06-07 14:03:00','2025-06-07 14:03:00'),(34,21,1,1,'데이터도 넉넉하고 속도도 빨라서 매우 만족합니다.','2025-06-07 14:04:00','2025-06-07 14:04:00'),(35,36,10,5,'해외에서도 잘 터져서 유용했어요.','2025-06-07 14:05:00','2025-06-07 14:05:00'),(36,144,40,5,'데이터도 넉넉하고 속도도 빨라서 매우 만족합니다.','2025-06-07 14:06:00','2025-06-07 14:06:00'),(37,88,42,2,'대체로 만족하지만 가격이 조금 비싼 것 같아요.','2025-06-07 14:07:00','2025-06-07 14:07:00'),(38,153,10,3,'부가서비스가 다양해서 좋네요.','2025-06-07 14:08:00','2025-06-07 14:08:00'),(39,156,32,3,'전반적으로 무난하지만 특색은 없어요.','2025-06-07 14:09:00','2025-06-07 14:09:00'),(40,111,25,4,'통화 품질은 좋은데 요금이 높아요.','2025-06-07 14:10:00','2025-06-07 14:10:00'),(41,128,10,2,'생각보다 데이터가 금방 소진되네요.','2025-06-07 14:11:00','2025-06-07 14:11:00'),(42,9,16,4,'영상 스트리밍은 끊김 없이 잘 됩니다.','2025-06-07 14:12:00','2025-06-07 14:12:00'),(43,39,19,1,'어르신도 쓰기 편하게 잘 되어 있어요.','2025-06-07 14:13:00','2025-06-07 14:13:00'),(44,30,48,5,'어르신도 쓰기 편하게 잘 되어 있어요.','2025-06-07 14:14:00','2025-06-07 14:14:00'),(45,127,41,3,'가성비 최고입니다.','2025-06-07 14:15:00','2025-06-07 14:15:00'),(46,108,40,2,'가격은 싸지만 속도가 너무 느려요.','2025-06-07 14:16:00','2025-06-07 14:16:00'),(47,95,20,1,'최악이에요. 다시는 안 써요.','2025-06-07 14:17:00','2025-06-07 14:17:00'),(48,5,32,2,'영상 스트리밍은 끊김 없이 잘 됩니다.','2025-06-07 14:18:00','2025-06-07 14:18:00'),(49,97,9,5,'가격은 싸지만 속도가 너무 느려요.','2025-06-07 14:19:00','2025-06-07 14:19:00'),(50,69,17,3,'전반적으로 무난하지만 특색은 없어요.','2025-06-07 14:20:00','2025-06-07 14:20:00'),(51,189,10,5,'그럭저럭 사용할만 합니다.','2025-06-07 14:21:00','2025-06-07 14:21:00'),(52,122,27,4,'가격은 싸지만 속도가 너무 느려요.','2025-06-07 14:22:00','2025-06-07 14:22:00'),(53,200,38,5,'그럭저럭 사용할만 합니다.','2025-06-07 14:23:00','2025-06-07 14:23:00'),(54,15,6,5,'최악이에요. 다시는 안 써요.','2025-06-07 14:24:00','2025-06-07 14:24:00'),(55,143,10,3,'가성비 최고입니다.','2025-06-07 14:25:00','2025-06-07 14:25:00'),(56,182,35,1,'최악이에요. 다시는 안 써요.','2025-06-07 14:26:00','2025-06-07 14:26:00'),(57,148,27,5,'가성비 최고입니다.','2025-06-07 14:27:00','2025-06-07 14:27:00'),(58,131,42,4,'영상 스트리밍은 끊김 없이 잘 됩니다.','2025-06-07 14:28:00','2025-06-07 14:28:00'),(59,71,16,4,'통화 품질이 좋지 않아서 아쉬웠어요.','2025-06-07 14:29:00','2025-06-07 14:29:00'),(60,123,26,3,'대체로 만족하지만 가격이 조금 비싼 것 같아요.','2025-06-07 14:30:00','2025-06-07 14:30:00'),(61,19,8,4,'전반적으로 무난하지만 특색은 없어요.','2025-06-07 14:31:00','2025-06-07 14:31:00'),(62,10,15,3,'속도는 괜찮은데 데이터가 좀 부족한 느낌이에요.','2025-06-07 14:32:00','2025-06-07 14:32:00'),(63,191,4,5,'어르신도 쓰기 편하게 잘 되어 있어요.','2025-06-07 14:33:00','2025-06-07 14:33:00'),(64,176,33,3,'통화 품질이 좋지 않아서 아쉬웠어요.','2025-06-07 14:34:00','2025-06-07 14:34:00'),(65,164,33,1,'전반적으로 무난하지만 특색은 없어요.','2025-06-07 14:35:00','2025-06-07 14:35:00'),(66,94,31,5,'요즘 프로모션이 많아서 좋아요.','2025-06-07 14:36:00','2025-06-07 14:36:00'),(67,2,9,5,'통화 품질은 좋은데 요금이 높아요.','2025-06-07 14:37:00','2025-06-07 14:37:00'),(68,20,26,5,'가격은 싸지만 속도가 너무 느려요.','2025-06-07 14:38:00','2025-06-07 14:38:00'),(69,128,14,4,'생각보다 데이터가 금방 소진되네요.','2025-06-07 14:39:00','2025-06-07 14:39:00'),(70,76,37,2,'어르신도 쓰기 편하게 잘 되어 있어요.','2025-06-07 14:40:00','2025-06-07 14:40:00'),(71,134,41,3,'전반적으로 안정적인 요금제입니다.','2025-06-07 14:41:00','2025-06-07 14:41:00'),(72,78,24,4,'가격은 싸지만 속도가 너무 느려요.','2025-06-07 14:42:00','2025-06-07 14:42:00'),(73,47,28,4,'대체로 만족하지만 가격이 조금 비싼 것 같아요.','2025-06-07 14:43:00','2025-06-07 14:43:00'),(74,40,47,2,'무난한 수준입니다.','2025-06-07 14:44:00','2025-06-07 14:44:00'),(75,149,6,3,'친절한 고객센터에 감동했어요.','2025-06-07 14:45:00','2025-06-07 14:45:00'),(76,109,21,4,'대체로 만족하지만 가격이 조금 비싼 것 같아요.','2025-06-07 14:46:00','2025-06-07 14:46:00'),(77,11,19,3,'대체로 만족하지만 가격이 조금 비싼 것 같아요.','2025-06-07 14:47:00','2025-06-07 14:47:00'),(78,39,5,2,'친절한 고객센터에 감동했어요.','2025-06-07 14:48:00','2025-06-07 14:48:00'),(79,159,36,2,'생각보다 데이터가 금방 소진되네요.','2025-06-07 14:49:00','2025-06-07 14:49:00'),(80,171,36,3,'가성비 최고입니다.','2025-06-07 14:50:00','2025-06-07 14:50:00'),(81,149,9,5,'최악이에요. 다시는 안 써요.','2025-06-07 14:51:00','2025-06-07 14:51:00'),(82,144,18,5,'그럭저럭 사용할만 합니다.','2025-06-07 14:52:00','2025-06-07 14:52:00'),(83,12,25,2,'전반적으로 안정적인 요금제입니다.','2025-06-07 14:53:00','2025-06-07 14:53:00'),(84,70,33,4,'친절한 고객센터에 감동했어요.','2025-06-07 14:54:00','2025-06-07 14:54:00'),(85,129,21,3,'그럭저럭 사용할만 합니다.','2025-06-07 14:55:00','2025-06-07 14:55:00'),(86,53,1,4,'친절한 고객센터에 감동했어요.','2025-06-07 14:56:00','2025-06-07 14:56:00'),(87,78,22,4,'통화 품질이 좋지 않아서 아쉬웠어요.','2025-06-07 14:57:00','2025-06-07 14:57:00'),(88,52,35,3,'통화 품질이 좋지 않아서 아쉬웠어요.','2025-06-07 14:58:00','2025-06-07 14:58:00'),(89,146,6,4,'부가서비스가 다양해서 좋네요.','2025-06-07 14:59:00','2025-06-07 14:59:00'),(90,153,39,3,'생각보다 데이터가 금방 소진되네요.','2025-06-07 15:00:00','2025-06-07 15:00:00'),(91,184,25,1,'통화 품질이 좋지 않아서 아쉬웠어요.','2025-06-07 15:01:00','2025-06-07 15:01:00'),(92,55,5,2,'어르신도 쓰기 편하게 잘 되어 있어요.','2025-06-07 15:02:00','2025-06-07 15:02:00'),(93,147,36,2,'요즘 프로모션이 많아서 좋아요.','2025-06-07 15:03:00','2025-06-07 15:03:00'),(94,73,30,4,'영상 스트리밍은 끊김 없이 잘 됩니다.','2025-06-07 15:04:00','2025-06-07 15:04:00'),(95,109,37,2,'전반적으로 무난하지만 특색은 없어요.','2025-06-07 15:05:00','2025-06-07 15:05:00'),(96,120,22,5,'생각보다 데이터가 금방 소진되네요.','2025-06-07 15:06:00','2025-06-07 15:06:00'),(97,120,31,3,'그럭저럭 사용할만 합니다.','2025-06-07 15:07:00','2025-06-07 15:07:00'),(98,23,38,2,'해외에서도 잘 터져서 유용했어요.','2025-06-07 15:08:00','2025-06-07 15:08:00'),(99,125,26,3,'가성비 최고입니다.','2025-06-07 15:09:00','2025-06-07 15:09:00'),(100,58,38,1,'가격은 싸지만 속도가 너무 느려요.','2025-06-07 15:10:00','2025-06-07 15:10:00'),(101,41,48,1,'전반적으로 무난하지만 특색은 없어요.','2025-06-07 15:11:00','2025-06-07 15:11:00'),(102,127,29,4,'통화 품질이 좋지 않아서 아쉬웠어요.','2025-06-07 15:12:00','2025-06-07 15:12:00'),(103,97,28,4,'통화 품질은 좋은데 요금이 높아요.','2025-06-07 15:13:00','2025-06-07 15:13:00'),(104,174,2,3,'가격은 싸지만 속도가 너무 느려요.','2025-06-07 15:14:00','2025-06-07 15:14:00'),(105,89,39,1,'가성비 최고입니다.','2025-06-07 15:15:00','2025-06-07 15:15:00'),(106,102,35,5,'가격은 싸지만 속도가 너무 느려요.','2025-06-07 15:16:00','2025-06-07 15:16:00'),(107,145,29,4,'영상 스트리밍은 끊김 없이 잘 됩니다.','2025-06-07 15:17:00','2025-06-07 15:17:00'),(108,50,5,4,'어르신도 쓰기 편하게 잘 되어 있어요.','2025-06-07 15:18:00','2025-06-07 15:18:00'),(109,155,9,4,'통화 품질이 좋지 않아서 아쉬웠어요.','2025-06-07 15:19:00','2025-06-07 15:19:00'),(110,156,18,4,'대체로 만족하지만 가격이 조금 비싼 것 같아요.','2025-06-07 15:20:00','2025-06-07 15:20:00'),(111,47,23,1,'전반적으로 무난하지만 특색은 없어요.','2025-06-07 15:21:00','2025-06-07 15:21:00'),(112,110,48,1,'통화 품질은 좋은데 요금이 높아요.','2025-06-07 15:22:00','2025-06-07 15:22:00'),(113,40,18,4,'데이터도 넉넉하고 속도도 빨라서 매우 만족합니다.','2025-06-07 15:23:00','2025-06-07 15:23:00'),(114,142,27,1,'통화 품질은 좋은데 요금이 높아요.','2025-06-07 15:24:00','2025-06-07 15:24:00'),(115,178,38,5,'친절한 고객센터에 감동했어요.','2025-06-07 15:25:00','2025-06-07 15:25:00'),(116,116,43,2,'데이터도 넉넉하고 속도도 빨라서 매우 만족합니다.','2025-06-07 15:26:00','2025-06-07 15:26:00'),(117,197,2,3,'부가서비스가 다양해서 좋네요.','2025-06-07 15:27:00','2025-06-07 15:27:00'),(118,171,27,1,'해외에서도 잘 터져서 유용했어요.','2025-06-07 15:28:00','2025-06-07 15:28:00'),(119,84,39,4,'요즘 프로모션이 많아서 좋아요.','2025-06-07 15:29:00','2025-06-07 15:29:00'),(120,96,9,5,'요즘 프로모션이 많아서 좋아요.','2025-06-07 15:30:00','2025-06-07 15:30:00'),(121,190,46,2,'그럭저럭 사용할만 합니다.','2025-06-07 15:31:00','2025-06-07 15:31:00'),(122,98,21,4,'데이터도 넉넉하고 속도도 빨라서 매우 만족합니다.','2025-06-07 15:32:00','2025-06-07 15:32:00'),(123,157,37,3,'통화 품질은 좋은데 요금이 높아요.','2025-06-07 15:33:00','2025-06-07 15:33:00'),(124,131,18,1,'부가서비스가 다양해서 좋네요.','2025-06-07 15:34:00','2025-06-07 15:34:00'),(125,117,26,3,'가성비 최고입니다.','2025-06-07 15:35:00','2025-06-07 15:35:00'),(126,26,33,2,'전반적으로 안정적인 요금제입니다.','2025-06-07 15:36:00','2025-06-07 15:36:00'),(127,16,25,1,'해외에서도 잘 터져서 유용했어요.','2025-06-07 15:37:00','2025-06-07 15:37:00'),(128,104,6,1,'전반적으로 안정적인 요금제입니다.','2025-06-07 15:38:00','2025-06-07 15:38:00'),(129,175,13,4,'전반적으로 무난하지만 특색은 없어요.','2025-06-07 15:39:00','2025-06-07 15:39:00'),(130,177,39,3,'생각보다 데이터가 금방 소진되네요.','2025-06-07 15:40:00','2025-06-07 15:40:00'),(131,60,16,5,'요즘 프로모션이 많아서 좋아요.','2025-06-07 15:41:00','2025-06-07 15:41:00'),(132,193,28,1,'통화 품질은 좋은데 요금이 높아요.','2025-06-07 15:42:00','2025-06-07 15:42:00'),(133,78,44,5,'그럭저럭 사용할만 합니다.','2025-06-07 15:43:00','2025-06-07 15:43:00'),(134,66,3,3,'전반적으로 안정적인 요금제입니다.','2025-06-07 15:44:00','2025-06-07 15:44:00'),(135,37,27,5,'어르신도 쓰기 편하게 잘 되어 있어요.','2025-06-07 15:45:00','2025-06-07 15:45:00'),(136,186,14,4,'무난한 수준입니다.','2025-06-07 15:46:00','2025-06-07 15:46:00'),(137,115,29,4,'요즘 프로모션이 많아서 좋아요.','2025-06-07 15:47:00','2025-06-07 15:47:00'),(138,74,5,3,'전반적으로 안정적인 요금제입니다.','2025-06-07 15:48:00','2025-06-07 15:48:00'),(139,88,9,5,'생각보다 데이터가 금방 소진되네요.','2025-06-07 15:49:00','2025-06-07 15:49:00'),(140,27,38,2,'최악이에요. 다시는 안 써요.','2025-06-07 15:50:00','2025-06-07 15:50:00'),(141,182,37,4,'가격은 싸지만 속도가 너무 느려요.','2025-06-07 15:51:00','2025-06-07 15:51:00'),(142,34,15,3,'속도는 괜찮은데 데이터가 좀 부족한 느낌이에요.','2025-06-07 15:52:00','2025-06-07 15:52:00'),(143,83,17,5,'요즘 프로모션이 많아서 좋아요.','2025-06-07 15:53:00','2025-06-07 15:53:00'),(144,166,44,2,'어르신도 쓰기 편하게 잘 되어 있어요.','2025-06-07 15:54:00','2025-06-07 15:54:00'),(145,61,28,2,'전반적으로 안정적인 요금제입니다.','2025-06-07 15:55:00','2025-06-07 15:55:00'),(146,128,47,2,'생각보다 데이터가 금방 소진되네요.','2025-06-07 15:56:00','2025-06-07 15:56:00'),(147,51,41,2,'전반적으로 무난하지만 특색은 없어요.','2025-06-07 15:57:00','2025-06-07 15:57:00'),(148,170,42,4,'가성비 최고입니다.','2025-06-07 15:58:00','2025-06-07 15:58:00'),(149,146,32,4,'친절한 고객센터에 감동했어요.','2025-06-07 15:59:00','2025-06-07 15:59:00'),(150,64,22,5,'통화 품질이 좋지 않아서 아쉬웠어요.','2025-06-07 16:00:00','2025-06-07 16:00:00'),(151,23,49,4,'그럭저럭 사용할만 합니다.','2025-06-07 16:01:00','2025-06-07 16:01:00'),(152,182,27,1,'영상 스트리밍은 끊김 없이 잘 됩니다.','2025-06-07 16:02:00','2025-06-07 16:02:00'),(153,21,23,2,'통화 품질이 좋지 않아서 아쉬웠어요.','2025-06-07 16:03:00','2025-06-07 16:03:00'),(154,191,5,5,'어르신도 쓰기 편하게 잘 되어 있어요.','2025-06-07 16:04:00','2025-06-07 16:04:00'),(155,53,22,1,'무난한 수준입니다.','2025-06-07 16:05:00','2025-06-07 16:05:00'),(156,137,43,4,'가성비 최고입니다.','2025-06-07 16:06:00','2025-06-07 16:06:00'),(157,14,8,1,'해외에서도 잘 터져서 유용했어요.','2025-06-07 16:07:00','2025-06-07 16:07:00'),(158,131,34,2,'어르신도 쓰기 편하게 잘 되어 있어요.','2025-06-07 16:08:00','2025-06-07 16:08:00'),(159,116,24,5,'전반적으로 안정적인 요금제입니다.','2025-06-07 16:09:00','2025-06-07 16:09:00'),(160,3,21,2,'어르신도 쓰기 편하게 잘 되어 있어요.','2025-06-07 16:10:00','2025-06-07 16:10:00'),(161,41,12,5,'통화 품질은 좋은데 요금이 높아요.','2025-06-07 16:11:00','2025-06-07 16:11:00'),(162,85,6,3,'전반적으로 무난하지만 특색은 없어요.','2025-06-07 16:12:00','2025-06-07 16:12:00'),(163,121,22,4,'요즘 프로모션이 많아서 좋아요.','2025-06-07 16:13:00','2025-06-07 16:13:00'),(164,13,49,1,'생각보다 데이터가 금방 소진되네요.','2025-06-07 16:14:00','2025-06-07 16:14:00'),(165,144,35,2,'생각보다 데이터가 금방 소진되네요.','2025-06-07 16:15:00','2025-06-07 16:15:00'),(166,186,41,3,'생각보다 데이터가 금방 소진되네요.','2025-06-07 16:16:00','2025-06-07 16:16:00'),(167,125,25,4,'무난한 수준입니다.','2025-06-07 16:17:00','2025-06-07 16:17:00'),(168,108,27,2,'어르신도 쓰기 편하게 잘 되어 있어요.','2025-06-07 16:18:00','2025-06-07 16:18:00'),(169,106,1,3,'친절한 고객센터에 감동했어요.','2025-06-07 16:19:00','2025-06-07 16:19:00'),(170,3,15,5,'최악이에요. 다시는 안 써요.','2025-06-07 16:20:00','2025-06-07 16:20:00'),(171,132,39,1,'무난한 수준입니다.','2025-06-07 16:21:00','2025-06-07 16:21:00'),(172,37,32,1,'데이터도 넉넉하고 속도도 빨라서 매우 만족합니다.','2025-06-07 16:22:00','2025-06-07 16:22:00'),(173,66,43,3,'통화 품질은 좋은데 요금이 높아요.','2025-06-07 16:23:00','2025-06-07 16:23:00'),(174,93,8,2,'통화 품질이 좋지 않아서 아쉬웠어요.','2025-06-07 16:24:00','2025-06-07 16:24:00'),(175,151,12,4,'부가서비스가 다양해서 좋네요.','2025-06-07 16:25:00','2025-06-07 16:25:00'),(176,31,14,1,'전반적으로 무난하지만 특색은 없어요.','2025-06-07 16:26:00','2025-06-07 16:26:00'),(177,94,17,1,'그럭저럭 사용할만 합니다.','2025-06-07 16:27:00','2025-06-07 16:27:00'),(178,57,36,1,'대체로 만족하지만 가격이 조금 비싼 것 같아요.','2025-06-07 16:28:00','2025-06-07 16:28:00'),(179,99,42,3,'해외에서도 잘 터져서 유용했어요.','2025-06-07 16:29:00','2025-06-07 16:29:00'),(180,148,36,2,'서비스센터 응대가 별로였어요.','2025-06-07 16:30:00','2025-06-07 16:30:00'),(181,52,25,5,'속도는 괜찮은데 데이터가 좀 부족한 느낌이에요.','2025-06-07 16:31:00','2025-06-07 16:31:00'),(182,39,33,3,'부가서비스가 다양해서 좋네요.','2025-06-07 16:32:00','2025-06-07 16:32:00'),(183,188,33,3,'무난한 수준입니다.','2025-06-07 16:33:00','2025-06-07 16:33:00'),(184,162,1,2,'어르신도 쓰기 편하게 잘 되어 있어요.','2025-06-07 16:34:00','2025-06-07 16:34:00'),(185,26,12,1,'가성비 최고입니다.','2025-06-07 16:35:00','2025-06-07 16:35:00'),(186,155,20,2,'친절한 고객센터에 감동했어요.','2025-06-07 16:36:00','2025-06-07 16:36:00'),(187,91,29,5,'가성비 최고입니다.','2025-06-07 16:37:00','2025-06-07 16:37:00'),(188,18,4,1,'그럭저럭 사용할만 합니다.','2025-06-07 16:38:00','2025-06-07 16:38:00'),(189,32,8,1,'가성비 최고입니다.','2025-06-07 16:39:00','2025-06-07 16:39:00'),(190,183,20,5,'속도는 괜찮은데 데이터가 좀 부족한 느낌이에요.','2025-06-07 16:40:00','2025-06-07 16:40:00'),(191,157,40,2,'서비스센터 응대가 별로였어요.','2025-06-07 16:41:00','2025-06-07 16:41:00'),(192,92,15,5,'무난한 수준입니다.','2025-06-07 16:42:00','2025-06-07 16:42:00'),(193,131,9,3,'최악이에요. 다시는 안 써요.','2025-06-07 16:43:00','2025-06-07 16:43:00'),(194,52,48,1,'그럭저럭 사용할만 합니다.','2025-06-07 16:44:00','2025-06-07 16:44:00'),(195,179,38,5,'해외에서도 잘 터져서 유용했어요.','2025-06-07 16:45:00','2025-06-07 16:45:00'),(196,178,40,1,'가격은 싸지만 속도가 너무 느려요.','2025-06-07 16:46:00','2025-06-07 16:46:00'),(197,132,21,3,'영상 스트리밍은 끊김 없이 잘 됩니다.','2025-06-07 16:47:00','2025-06-07 16:47:00'),(198,130,39,1,'요즘 프로모션이 많아서 좋아요.','2025-06-07 16:48:00','2025-06-07 16:48:00'),(199,77,17,3,'통화 품질이 좋지 않아서 아쉬웠어요.','2025-06-07 16:49:00','2025-06-07 16:49:00'),(200,28,39,1,'무난한 수준입니다.','2025-06-07 16:50:00','2025-06-07 16:50:00'),(201,156,42,3,'가성비 최고입니다.','2025-06-07 16:51:00','2025-06-07 16:51:00'),(202,102,34,4,'요즘 프로모션이 많아서 좋아요.','2025-06-07 16:52:00','2025-06-07 16:52:00'),(203,110,16,2,'부가서비스가 다양해서 좋네요.','2025-06-07 16:53:00','2025-06-07 16:53:00'),(204,113,45,4,'해외에서도 잘 터져서 유용했어요.','2025-06-07 16:54:00','2025-06-07 16:54:00'),(205,117,39,1,'부가서비스가 다양해서 좋네요.','2025-06-07 16:55:00','2025-06-07 16:55:00'),(206,136,32,2,'대체로 만족하지만 가격이 조금 비싼 것 같아요.','2025-06-07 16:56:00','2025-06-07 16:56:00'),(207,108,10,1,'부가서비스가 다양해서 좋네요.','2025-06-07 16:57:00','2025-06-07 16:57:00'),(208,132,24,3,'요즘 프로모션이 많아서 좋아요.','2025-06-07 16:58:00','2025-06-07 16:58:00'),(209,176,24,5,'속도는 괜찮은데 데이터가 좀 부족한 느낌이에요.','2025-06-07 16:59:00','2025-06-07 16:59:00'),(210,51,25,3,'최악이에요. 다시는 안 써요.','2025-06-07 17:00:00','2025-06-07 17:00:00'),(211,34,2,5,'무난한 수준입니다.','2025-06-07 17:01:00','2025-06-07 17:01:00'),(212,154,7,3,'서비스센터 응대가 별로였어요.','2025-06-07 17:02:00','2025-06-07 17:02:00'),(213,89,48,5,'대체로 만족하지만 가격이 조금 비싼 것 같아요.','2025-06-07 17:03:00','2025-06-07 17:03:00'),(214,132,28,1,'친절한 고객센터에 감동했어요.','2025-06-07 17:04:00','2025-06-07 17:04:00'),(215,194,30,3,'그럭저럭 사용할만 합니다.','2025-06-07 17:05:00','2025-06-07 17:05:00'),(216,126,24,5,'영상 스트리밍은 끊김 없이 잘 됩니다.','2025-06-07 17:06:00','2025-06-07 17:06:00'),(217,8,37,5,'해외에서도 잘 터져서 유용했어요.','2025-06-07 17:07:00','2025-06-07 17:07:00'),(218,124,9,3,'어르신도 쓰기 편하게 잘 되어 있어요.','2025-06-07 17:08:00','2025-06-07 17:08:00'),(219,113,5,3,'가격은 싸지만 속도가 너무 느려요.','2025-06-07 17:09:00','2025-06-07 17:09:00'),(220,78,32,3,'해외에서도 잘 터져서 유용했어요.','2025-06-07 17:10:00','2025-06-07 17:10:00'),(221,143,35,4,'친절한 고객센터에 감동했어요.','2025-06-07 17:11:00','2025-06-07 17:11:00'),(222,122,10,1,'부가서비스가 다양해서 좋네요.','2025-06-07 17:12:00','2025-06-07 17:12:00'),(223,166,23,1,'통화 품질이 좋지 않아서 아쉬웠어요.','2025-06-07 17:13:00','2025-06-07 17:13:00'),(224,101,24,2,'친절한 고객센터에 감동했어요.','2025-06-07 17:14:00','2025-06-07 17:14:00'),(225,21,13,5,'통화 품질은 좋은데 요금이 높아요.','2025-06-07 17:15:00','2025-06-07 17:15:00'),(226,121,28,1,'전반적으로 무난하지만 특색은 없어요.','2025-06-07 17:16:00','2025-06-07 17:16:00'),(227,130,38,1,'서비스센터 응대가 별로였어요.','2025-06-07 17:17:00','2025-06-07 17:17:00'),(228,141,25,4,'그럭저럭 사용할만 합니다.','2025-06-07 17:18:00','2025-06-07 17:18:00'),(229,147,37,5,'전반적으로 안정적인 요금제입니다.','2025-06-07 17:19:00','2025-06-07 17:19:00'),(230,114,24,4,'영상 스트리밍은 끊김 없이 잘 됩니다.','2025-06-07 17:20:00','2025-06-07 17:20:00'),(231,26,34,3,'속도는 괜찮은데 데이터가 좀 부족한 느낌이에요.','2025-06-07 17:21:00','2025-06-07 17:21:00'),(232,199,16,3,'가성비 최고입니다.','2025-06-07 17:22:00','2025-06-07 17:22:00'),(233,114,20,3,'생각보다 데이터가 금방 소진되네요.','2025-06-07 17:23:00','2025-06-07 17:23:00'),(234,148,22,5,'영상 스트리밍은 끊김 없이 잘 됩니다.','2025-06-07 17:24:00','2025-06-07 17:24:00'),(235,19,25,3,'전반적으로 안정적인 요금제입니다.','2025-06-07 17:25:00','2025-06-07 17:25:00'),(236,125,41,4,'부가서비스가 다양해서 좋네요.','2025-06-07 17:26:00','2025-06-07 17:26:00'),(237,85,47,1,'대체로 만족하지만 가격이 조금 비싼 것 같아요.','2025-06-07 17:27:00','2025-06-07 17:27:00'),(238,77,48,3,'전반적으로 안정적인 요금제입니다.','2025-06-07 17:28:00','2025-06-07 17:28:00'),(239,167,20,5,'데이터도 넉넉하고 속도도 빨라서 매우 만족합니다.','2025-06-07 17:29:00','2025-06-07 17:29:00'),(240,141,5,1,'가격은 싸지만 속도가 너무 느려요.','2025-06-07 17:30:00','2025-06-07 17:30:00'),(241,72,21,3,'가성비 최고입니다.','2025-06-07 17:31:00','2025-06-07 17:31:00'),(242,185,28,2,'부가서비스가 다양해서 좋네요.','2025-06-07 17:32:00','2025-06-07 17:32:00'),(243,159,33,3,'그럭저럭 사용할만 합니다.','2025-06-07 17:33:00','2025-06-07 17:33:00'),(244,24,5,5,'영상 스트리밍은 끊김 없이 잘 됩니다.','2025-06-07 17:34:00','2025-06-07 17:34:00'),(245,176,41,3,'가성비 최고입니다.','2025-06-07 17:35:00','2025-06-07 17:35:00'),(246,136,11,5,'최악이에요. 다시는 안 써요.','2025-06-07 17:36:00','2025-06-07 17:36:00'),(247,177,11,3,'친절한 고객센터에 감동했어요.','2025-06-07 17:37:00','2025-06-07 17:37:00'),(248,6,43,1,'요즘 프로모션이 많아서 좋아요.','2025-06-07 17:38:00','2025-06-07 17:38:00'),(249,55,32,5,'가성비 최고입니다.','2025-06-07 17:39:00','2025-06-07 17:39:00'),(250,119,45,5,'최악이에요. 다시는 안 써요.','2025-06-07 17:40:00','2025-06-07 17:40:00'),(251,163,38,2,'속도는 괜찮은데 데이터가 좀 부족한 느낌이에요.','2025-06-07 17:41:00','2025-06-07 17:41:00'),(252,11,48,4,'가격은 싸지만 속도가 너무 느려요.','2025-06-07 17:42:00','2025-06-07 17:42:00'),(253,171,40,4,'전반적으로 안정적인 요금제입니다.','2025-06-07 17:43:00','2025-06-07 17:43:00'),(254,102,32,4,'데이터도 넉넉하고 속도도 빨라서 매우 만족합니다.','2025-06-07 17:44:00','2025-06-07 17:44:00'),(255,182,29,1,'통화 품질이 좋지 않아서 아쉬웠어요.','2025-06-07 17:45:00','2025-06-07 17:45:00'),(256,74,36,1,'영상 스트리밍은 끊김 없이 잘 됩니다.','2025-06-07 17:46:00','2025-06-07 17:46:00'),(257,98,6,3,'데이터도 넉넉하고 속도도 빨라서 매우 만족합니다.','2025-06-07 17:47:00','2025-06-07 17:47:00'),(258,106,45,1,'어르신도 쓰기 편하게 잘 되어 있어요.','2025-06-07 17:48:00','2025-06-07 17:48:00'),(259,126,44,5,'대체로 만족하지만 가격이 조금 비싼 것 같아요.','2025-06-07 17:49:00','2025-06-07 17:49:00'),(260,49,34,3,'어르신도 쓰기 편하게 잘 되어 있어요.','2025-06-07 17:50:00','2025-06-07 17:50:00'),(261,111,41,5,'데이터도 넉넉하고 속도도 빨라서 매우 만족합니다.','2025-06-07 17:51:00','2025-06-07 17:51:00'),(262,181,38,4,'속도는 괜찮은데 데이터가 좀 부족한 느낌이에요.','2025-06-07 17:52:00','2025-06-07 17:52:00'),(263,168,49,2,'가성비 최고입니다.','2025-06-07 17:53:00','2025-06-07 17:53:00'),(264,13,42,5,'데이터도 넉넉하고 속도도 빨라서 매우 만족합니다.','2025-06-07 17:54:00','2025-06-07 17:54:00'),(265,60,7,2,'전반적으로 안정적인 요금제입니다.','2025-06-07 17:55:00','2025-06-07 17:55:00'),(266,142,38,2,'어르신도 쓰기 편하게 잘 되어 있어요.','2025-06-07 17:56:00','2025-06-07 17:56:00'),(267,78,14,3,'가격은 싸지만 속도가 너무 느려요.','2025-06-07 17:57:00','2025-06-07 17:57:00'),(268,137,18,1,'부가서비스가 다양해서 좋네요.','2025-06-07 17:58:00','2025-06-07 17:58:00'),(269,154,17,1,'해외에서도 잘 터져서 유용했어요.','2025-06-07 17:59:00','2025-06-07 17:59:00'),(270,155,6,1,'서비스센터 응대가 별로였어요.','2025-06-07 18:00:00','2025-06-07 18:00:00'),(271,47,39,3,'통화 품질은 좋은데 요금이 높아요.','2025-06-07 18:01:00','2025-06-07 18:01:00'),(272,14,16,3,'부가서비스가 다양해서 좋네요.','2025-06-07 18:02:00','2025-06-07 18:02:00'),(273,2,32,2,'통화 품질은 좋은데 요금이 높아요.','2025-06-07 18:03:00','2025-06-07 18:03:00'),(274,60,12,5,'요즘 프로모션이 많아서 좋아요.','2025-06-07 18:04:00','2025-06-07 18:04:00'),(275,92,38,4,'어르신도 쓰기 편하게 잘 되어 있어요.','2025-06-07 18:05:00','2025-06-07 18:05:00'),(276,25,19,4,'영상 스트리밍은 끊김 없이 잘 됩니다.','2025-06-07 18:06:00','2025-06-07 18:06:00'),(277,81,13,1,'가격은 싸지만 속도가 너무 느려요.','2025-06-07 18:07:00','2025-06-07 18:07:00'),(278,107,24,2,'가격은 싸지만 속도가 너무 느려요.','2025-06-07 18:08:00','2025-06-07 18:08:00'),(279,56,26,2,'가격은 싸지만 속도가 너무 느려요.','2025-06-07 18:09:00','2025-06-07 18:09:00'),(280,77,11,1,'부가서비스가 다양해서 좋네요.','2025-06-07 18:10:00','2025-06-07 18:10:00'),(281,198,19,2,'데이터도 넉넉하고 속도도 빨라서 매우 만족합니다.','2025-06-07 18:11:00','2025-06-07 18:11:00'),(282,169,1,2,'대체로 만족하지만 가격이 조금 비싼 것 같아요.','2025-06-07 18:12:00','2025-06-07 18:12:00'),(283,42,33,5,'부가서비스가 다양해서 좋네요.','2025-06-07 18:13:00','2025-06-07 18:13:00'),(284,106,34,5,'데이터도 넉넉하고 속도도 빨라서 매우 만족합니다.','2025-06-07 18:14:00','2025-06-07 18:14:00'),(285,157,28,4,'그럭저럭 사용할만 합니다.','2025-06-07 18:15:00','2025-06-07 18:15:00'),(286,150,20,1,'그럭저럭 사용할만 합니다.','2025-06-07 18:16:00','2025-06-07 18:16:00'),(287,134,40,5,'어르신도 쓰기 편하게 잘 되어 있어요.','2025-06-07 18:17:00','2025-06-07 18:17:00'),(288,113,49,3,'통화 품질이 좋지 않아서 아쉬웠어요.','2025-06-07 18:18:00','2025-06-07 18:18:00'),(289,166,26,4,'가격은 싸지만 속도가 너무 느려요.','2025-06-07 18:19:00','2025-06-07 18:19:00'),(290,87,18,5,'통화 품질은 좋은데 요금이 높아요.','2025-06-07 18:20:00','2025-06-07 18:20:00'),(291,69,34,4,'통화 품질은 좋은데 요금이 높아요.','2025-06-07 18:21:00','2025-06-07 18:21:00'),(292,139,7,4,'친절한 고객센터에 감동했어요.','2025-06-07 18:22:00','2025-06-07 18:22:00'),(293,39,1,2,'통화 품질이 좋지 않아서 아쉬웠어요.','2025-06-07 18:23:00','2025-06-07 18:23:00'),(294,21,25,3,'통화 품질은 좋은데 요금이 높아요.','2025-06-07 18:24:00','2025-06-07 18:24:00'),(295,168,13,2,'속도는 괜찮은데 데이터가 좀 부족한 느낌이에요.','2025-06-07 18:25:00','2025-06-07 18:25:00'),(296,172,23,2,'해외에서도 잘 터져서 유용했어요.','2025-06-07 18:26:00','2025-06-07 18:26:00'),(297,40,13,2,'속도는 괜찮은데 데이터가 좀 부족한 느낌이에요.','2025-06-07 18:27:00','2025-06-07 18:27:00'),(298,21,35,2,'통화 품질이 좋지 않아서 아쉬웠어요.','2025-06-07 18:28:00','2025-06-07 18:28:00'),(299,162,16,1,'요즘 프로모션이 많아서 좋아요.','2025-06-07 18:29:00','2025-06-07 18:29:00'),(300,8,27,3,'통화 품질이 좋지 않아서 아쉬웠어요.','2025-06-07 18:30:00','2025-06-07 18:30:00'),(301,71,17,5,'통화 품질이 좋지 않아서 아쉬웠어요.','2025-06-07 18:31:00','2025-06-07 18:31:00'),(302,48,48,4,'요즘 프로모션이 많아서 좋아요.','2025-06-07 18:32:00','2025-06-07 18:32:00'),(303,23,28,2,'전반적으로 안정적인 요금제입니다.','2025-06-07 18:33:00','2025-06-07 18:33:00'),(304,39,13,4,'영상 스트리밍은 끊김 없이 잘 됩니다.','2025-06-07 18:34:00','2025-06-07 18:34:00'),(305,110,24,4,'생각보다 데이터가 금방 소진되네요.','2025-06-07 18:35:00','2025-06-07 18:35:00'),(306,171,24,3,'최악이에요. 다시는 안 써요.','2025-06-07 18:36:00','2025-06-07 18:36:00'),(307,111,35,3,'무난한 수준입니다.','2025-06-07 18:37:00','2025-06-07 18:37:00'),(308,83,15,1,'요즘 프로모션이 많아서 좋아요.','2025-06-07 18:38:00','2025-06-07 18:38:00'),(309,167,43,4,'전반적으로 안정적인 요금제입니다.','2025-06-07 18:39:00','2025-06-07 18:39:00'),(310,155,2,3,'요즘 프로모션이 많아서 좋아요.','2025-06-07 18:40:00','2025-06-07 18:40:00'),(311,50,33,3,'친절한 고객센터에 감동했어요.','2025-06-07 18:41:00','2025-06-07 18:41:00'),(312,111,12,5,'어르신도 쓰기 편하게 잘 되어 있어요.','2025-06-07 18:42:00','2025-06-07 18:42:00'),(313,160,43,2,'부가서비스가 다양해서 좋네요.','2025-06-07 18:43:00','2025-06-07 18:43:00'),(314,101,40,2,'해외에서도 잘 터져서 유용했어요.','2025-06-07 18:44:00','2025-06-07 18:44:00'),(315,45,20,2,'그럭저럭 사용할만 합니다.','2025-06-07 18:45:00','2025-06-07 18:45:00'),(316,43,38,2,'생각보다 데이터가 금방 소진되네요.','2025-06-07 18:46:00','2025-06-07 18:46:00'),(317,65,9,3,'부가서비스가 다양해서 좋네요.','2025-06-07 18:47:00','2025-06-07 18:47:00'),(318,179,33,1,'그럭저럭 사용할만 합니다.','2025-06-07 18:48:00','2025-06-07 18:48:00'),(319,23,8,1,'최악이에요. 다시는 안 써요.','2025-06-07 18:49:00','2025-06-07 18:49:00'),(320,152,17,1,'데이터도 넉넉하고 속도도 빨라서 매우 만족합니다.','2025-06-07 18:50:00','2025-06-07 18:50:00'),(321,50,18,5,'어르신도 쓰기 편하게 잘 되어 있어요.','2025-06-07 18:51:00','2025-06-07 18:51:00'),(322,185,29,1,'데이터도 넉넉하고 속도도 빨라서 매우 만족합니다.','2025-06-07 18:52:00','2025-06-07 18:52:00'),(323,84,23,3,'최악이에요. 다시는 안 써요.','2025-06-07 18:53:00','2025-06-07 18:53:00'),(324,63,17,4,'가격은 싸지만 속도가 너무 느려요.','2025-06-07 18:54:00','2025-06-07 18:54:00'),(325,171,31,5,'그럭저럭 사용할만 합니다.','2025-06-07 18:55:00','2025-06-07 18:55:00'),(326,151,23,5,'요즘 프로모션이 많아서 좋아요.','2025-06-07 18:56:00','2025-06-07 18:56:00'),(327,124,35,3,'요즘 프로모션이 많아서 좋아요.','2025-06-07 18:57:00','2025-06-07 18:57:00'),(328,133,25,4,'부가서비스가 다양해서 좋네요.','2025-06-07 18:58:00','2025-06-07 18:58:00'),(329,40,45,4,'통화 품질이 좋지 않아서 아쉬웠어요.','2025-06-07 18:59:00','2025-06-07 18:59:00'),(330,80,40,1,'친절한 고객센터에 감동했어요.','2025-06-07 19:00:00','2025-06-07 19:00:00'),(331,10,32,4,'어르신도 쓰기 편하게 잘 되어 있어요.','2025-06-07 19:01:00','2025-06-07 19:01:00'),(332,195,36,3,'어르신도 쓰기 편하게 잘 되어 있어요.','2025-06-07 19:02:00','2025-06-07 19:02:00'),(333,24,36,4,'요즘 프로모션이 많아서 좋아요.','2025-06-07 19:03:00','2025-06-07 19:03:00'),(334,122,23,2,'부가서비스가 다양해서 좋네요.','2025-06-07 19:04:00','2025-06-07 19:04:00'),(335,49,1,3,'무난한 수준입니다.','2025-06-07 19:05:00','2025-06-07 19:05:00'),(336,17,35,2,'무난한 수준입니다.','2025-06-07 19:06:00','2025-06-07 19:06:00'),(337,80,8,2,'어르신도 쓰기 편하게 잘 되어 있어요.','2025-06-07 19:07:00','2025-06-07 19:07:00'),(338,172,5,5,'부가서비스가 다양해서 좋네요.','2025-06-07 19:08:00','2025-06-07 19:08:00'),(339,33,34,4,'어르신도 쓰기 편하게 잘 되어 있어요.','2025-06-07 19:09:00','2025-06-07 19:09:00'),(340,129,42,5,'무난한 수준입니다.','2025-06-07 19:10:00','2025-06-07 19:10:00'),(341,95,26,4,'대체로 만족하지만 가격이 조금 비싼 것 같아요.','2025-06-07 19:11:00','2025-06-07 19:11:00'),(342,44,14,4,'친절한 고객센터에 감동했어요.','2025-06-07 19:12:00','2025-06-07 19:12:00'),(343,61,20,2,'무난한 수준입니다.','2025-06-07 19:13:00','2025-06-07 19:13:00'),(344,63,6,4,'생각보다 데이터가 금방 소진되네요.','2025-06-07 19:14:00','2025-06-07 19:14:00'),(345,55,16,2,'해외에서도 잘 터져서 유용했어요.','2025-06-07 19:15:00','2025-06-07 19:15:00'),(346,103,49,1,'그럭저럭 사용할만 합니다.','2025-06-07 19:16:00','2025-06-07 19:16:00'),(347,123,15,1,'가격은 싸지만 속도가 너무 느려요.','2025-06-07 19:17:00','2025-06-07 19:17:00'),(348,108,37,5,'최악이에요. 다시는 안 써요.','2025-06-07 19:18:00','2025-06-07 19:18:00'),(349,30,38,3,'가격은 싸지만 속도가 너무 느려요.','2025-06-07 19:19:00','2025-06-07 19:19:00'),(350,119,22,2,'부가서비스가 다양해서 좋네요.','2025-06-07 19:20:00','2025-06-07 19:20:00'),(351,30,4,2,'무난한 수준입니다.','2025-06-07 19:21:00','2025-06-07 19:21:00'),(352,63,2,4,'영상 스트리밍은 끊김 없이 잘 됩니다.','2025-06-07 19:22:00','2025-06-07 19:22:00'),(353,18,22,4,'서비스센터 응대가 별로였어요.','2025-06-07 19:23:00','2025-06-07 19:23:00'),(354,99,41,3,'가격은 싸지만 속도가 너무 느려요.','2025-06-07 19:24:00','2025-06-07 19:24:00'),(355,110,49,3,'통화 품질이 좋지 않아서 아쉬웠어요.','2025-06-07 19:25:00','2025-06-07 19:25:00'),(356,118,18,5,'그럭저럭 사용할만 합니다.','2025-06-07 19:26:00','2025-06-07 19:26:00'),(357,12,5,1,'해외에서도 잘 터져서 유용했어요.','2025-06-07 19:27:00','2025-06-07 19:27:00'),(358,160,27,2,'데이터도 넉넉하고 속도도 빨라서 매우 만족합니다.','2025-06-07 19:28:00','2025-06-07 19:28:00'),(359,9,1,3,'생각보다 데이터가 금방 소진되네요.','2025-06-07 19:29:00','2025-06-07 19:29:00'),(360,181,15,5,'가성비 최고입니다.','2025-06-07 19:30:00','2025-06-07 19:30:00'),(361,8,38,3,'최악이에요. 다시는 안 써요.','2025-06-07 19:31:00','2025-06-07 19:31:00'),(362,95,29,1,'영상 스트리밍은 끊김 없이 잘 됩니다.','2025-06-07 19:32:00','2025-06-07 19:32:00'),(363,55,25,3,'해외에서도 잘 터져서 유용했어요.','2025-06-07 19:33:00','2025-06-07 19:33:00'),(364,103,40,1,'통화 품질이 좋지 않아서 아쉬웠어요.','2025-06-07 19:34:00','2025-06-07 19:34:00'),(365,165,16,5,'서비스센터 응대가 별로였어요.','2025-06-07 19:35:00','2025-06-07 19:35:00'),(366,79,47,1,'전반적으로 무난하지만 특색은 없어요.','2025-06-07 19:36:00','2025-06-07 19:36:00'),(367,29,46,5,'어르신도 쓰기 편하게 잘 되어 있어요.','2025-06-07 19:37:00','2025-06-07 19:37:00'),(368,82,15,5,'최악이에요. 다시는 안 써요.','2025-06-07 19:38:00','2025-06-07 19:38:00'),(369,110,17,3,'영상 스트리밍은 끊김 없이 잘 됩니다.','2025-06-07 19:39:00','2025-06-07 19:39:00'),(370,6,41,4,'그럭저럭 사용할만 합니다.','2025-06-07 19:40:00','2025-06-07 19:40:00'),(371,103,17,1,'가격은 싸지만 속도가 너무 느려요.','2025-06-07 19:41:00','2025-06-07 19:41:00'),(372,189,28,2,'속도는 괜찮은데 데이터가 좀 부족한 느낌이에요.','2025-06-07 19:42:00','2025-06-07 19:42:00'),(373,125,14,4,'데이터도 넉넉하고 속도도 빨라서 매우 만족합니다.','2025-06-07 19:43:00','2025-06-07 19:43:00'),(374,80,19,3,'해외에서도 잘 터져서 유용했어요.','2025-06-07 19:44:00','2025-06-07 19:44:00'),(375,33,28,1,'부가서비스가 다양해서 좋네요.','2025-06-07 19:45:00','2025-06-07 19:45:00'),(376,17,9,4,'속도는 괜찮은데 데이터가 좀 부족한 느낌이에요.','2025-06-07 19:46:00','2025-06-07 19:46:00'),(377,24,42,4,'최악이에요. 다시는 안 써요.','2025-06-07 19:47:00','2025-06-07 19:47:00'),(378,106,20,5,'서비스센터 응대가 별로였어요.','2025-06-07 19:48:00','2025-06-07 19:48:00'),(379,137,7,4,'통화 품질은 좋은데 요금이 높아요.','2025-06-07 19:49:00','2025-06-07 19:49:00'),(380,123,27,1,'영상 스트리밍은 끊김 없이 잘 됩니다.','2025-06-07 19:50:00','2025-06-07 19:50:00'),(381,193,10,1,'영상 스트리밍은 끊김 없이 잘 됩니다.','2025-06-07 19:51:00','2025-06-07 19:51:00'),(382,44,27,4,'가격은 싸지만 속도가 너무 느려요.','2025-06-07 19:52:00','2025-06-07 19:52:00'),(383,58,45,1,'그럭저럭 사용할만 합니다.','2025-06-07 19:53:00','2025-06-07 19:53:00'),(384,131,25,5,'서비스센터 응대가 별로였어요.','2025-06-07 19:54:00','2025-06-07 19:54:00'),(385,178,14,4,'최악이에요. 다시는 안 써요.','2025-06-07 19:55:00','2025-06-07 19:55:00'),(386,80,48,4,'최악이에요. 다시는 안 써요.','2025-06-07 19:56:00','2025-06-07 19:56:00'),(387,103,9,3,'요즘 프로모션이 많아서 좋아요.','2025-06-07 19:57:00','2025-06-07 19:57:00'),(388,114,18,4,'전반적으로 무난하지만 특색은 없어요.','2025-06-07 19:58:00','2025-06-07 19:58:00'),(389,14,5,2,'가격은 싸지만 속도가 너무 느려요.','2025-06-07 19:59:00','2025-06-07 19:59:00'),(390,81,24,3,'생각보다 데이터가 금방 소진되네요.','2025-06-07 20:00:00','2025-06-07 20:00:00'),(391,84,45,1,'전반적으로 안정적인 요금제입니다.','2025-06-07 20:01:00','2025-06-07 20:01:00'),(392,92,8,2,'최악이에요. 다시는 안 써요.','2025-06-07 20:02:00','2025-06-07 20:02:00'),(393,161,9,5,'전반적으로 안정적인 요금제입니다.','2025-06-07 20:03:00','2025-06-07 20:03:00'),(394,159,34,1,'부가서비스가 다양해서 좋네요.','2025-06-07 20:04:00','2025-06-07 20:04:00'),(395,164,46,3,'통화 품질은 좋은데 요금이 높아요.','2025-06-07 20:05:00','2025-06-07 20:05:00'),(396,14,38,2,'요즘 프로모션이 많아서 좋아요.','2025-06-07 20:06:00','2025-06-07 20:06:00'),(397,147,20,3,'해외에서도 잘 터져서 유용했어요.','2025-06-07 20:07:00','2025-06-07 20:07:00'),(398,164,49,5,'가격은 싸지만 속도가 너무 느려요.','2025-06-07 20:08:00','2025-06-07 20:08:00'),(399,92,14,1,'대체로 만족하지만 가격이 조금 비싼 것 같아요.','2025-06-07 20:09:00','2025-06-07 20:09:00'),(400,62,32,1,'최악이에요. 다시는 안 써요.','2025-06-07 20:10:00','2025-06-07 20:10:00'),(401,111,14,3,'요즘 프로모션이 많아서 좋아요.','2025-06-07 20:11:00','2025-06-07 20:11:00'),(402,106,30,3,'어르신도 쓰기 편하게 잘 되어 있어요.','2025-06-07 20:12:00','2025-06-07 20:12:00'),(403,157,32,3,'대체로 만족하지만 가격이 조금 비싼 것 같아요.','2025-06-07 20:13:00','2025-06-07 20:13:00'),(404,106,32,1,'생각보다 데이터가 금방 소진되네요.','2025-06-07 20:14:00','2025-06-07 20:14:00'),(405,199,40,1,'속도는 괜찮은데 데이터가 좀 부족한 느낌이에요.','2025-06-07 20:15:00','2025-06-07 20:15:00'),(406,60,46,1,'영상 스트리밍은 끊김 없이 잘 됩니다.','2025-06-07 20:16:00','2025-06-07 20:16:00'),(407,170,23,4,'속도는 괜찮은데 데이터가 좀 부족한 느낌이에요.','2025-06-07 20:17:00','2025-06-07 20:17:00'),(408,55,38,5,'전반적으로 안정적인 요금제입니다.','2025-06-07 20:18:00','2025-06-07 20:18:00'),(409,123,34,2,'통화 품질은 좋은데 요금이 높아요.','2025-06-07 20:19:00','2025-06-07 20:19:00'),(410,42,18,2,'그럭저럭 사용할만 합니다.','2025-06-07 20:20:00','2025-06-07 20:20:00'),(411,194,48,5,'영상 스트리밍은 끊김 없이 잘 됩니다.','2025-06-07 20:21:00','2025-06-07 20:21:00'),(412,92,13,4,'요즘 프로모션이 많아서 좋아요.','2025-06-07 20:22:00','2025-06-07 20:22:00'),(413,92,11,1,'요즘 프로모션이 많아서 좋아요.','2025-06-07 20:23:00','2025-06-07 20:23:00'),(414,123,46,2,'최악이에요. 다시는 안 써요.','2025-06-07 20:24:00','2025-06-07 20:24:00'),(415,178,34,5,'전반적으로 무난하지만 특색은 없어요.','2025-06-07 20:25:00','2025-06-07 20:25:00'),(416,19,42,4,'통화 품질은 좋은데 요금이 높아요.','2025-06-07 20:26:00','2025-06-07 20:26:00'),(417,193,36,2,'해외에서도 잘 터져서 유용했어요.','2025-06-07 20:27:00','2025-06-07 20:27:00'),(418,65,11,5,'부가서비스가 다양해서 좋네요.','2025-06-07 20:28:00','2025-06-07 20:28:00'),(419,59,9,2,'어르신도 쓰기 편하게 잘 되어 있어요.','2025-06-07 20:29:00','2025-06-07 20:29:00'),(420,48,3,2,'영상 스트리밍은 끊김 없이 잘 됩니다.','2025-06-07 20:30:00','2025-06-07 20:30:00'),(421,132,15,3,'요즘 프로모션이 많아서 좋아요.','2025-06-07 20:31:00','2025-06-07 20:31:00'),(422,154,49,3,'전반적으로 무난하지만 특색은 없어요.','2025-06-07 20:32:00','2025-06-07 20:32:00'),(423,174,21,2,'전반적으로 안정적인 요금제입니다.','2025-06-07 20:33:00','2025-06-07 20:33:00'),(424,102,12,3,'친절한 고객센터에 감동했어요.','2025-06-07 20:34:00','2025-06-07 20:34:00'),(425,195,27,4,'전반적으로 무난하지만 특색은 없어요.','2025-06-07 20:35:00','2025-06-07 20:35:00'),(426,16,26,3,'전반적으로 안정적인 요금제입니다.','2025-06-07 20:36:00','2025-06-07 20:36:00'),(427,56,6,4,'어르신도 쓰기 편하게 잘 되어 있어요.','2025-06-07 20:37:00','2025-06-07 20:37:00'),(428,153,12,5,'어르신도 쓰기 편하게 잘 되어 있어요.','2025-06-07 20:38:00','2025-06-07 20:38:00'),(429,174,41,2,'그럭저럭 사용할만 합니다.','2025-06-07 20:39:00','2025-06-07 20:39:00'),(430,62,19,4,'무난한 수준입니다.','2025-06-07 20:40:00','2025-06-07 20:40:00'),(431,12,21,5,'통화 품질이 좋지 않아서 아쉬웠어요.','2025-06-07 20:41:00','2025-06-07 20:41:00'),(432,140,11,5,'요즘 프로모션이 많아서 좋아요.','2025-06-07 20:42:00','2025-06-07 20:42:00'),(433,153,26,5,'최악이에요. 다시는 안 써요.','2025-06-07 20:43:00','2025-06-07 20:43:00'),(434,172,39,5,'그럭저럭 사용할만 합니다.','2025-06-07 20:44:00','2025-06-07 20:44:00'),(435,49,2,1,'어르신도 쓰기 편하게 잘 되어 있어요.','2025-06-07 20:45:00','2025-06-07 20:45:00'),(436,146,17,2,'서비스센터 응대가 별로였어요.','2025-06-07 20:46:00','2025-06-07 20:46:00'),(437,33,44,1,'해외에서도 잘 터져서 유용했어요.','2025-06-07 20:47:00','2025-06-07 20:47:00'),(438,198,47,1,'가격은 싸지만 속도가 너무 느려요.','2025-06-07 20:48:00','2025-06-07 20:48:00'),(439,20,3,1,'가성비 최고입니다.','2025-06-07 20:49:00','2025-06-07 20:49:00'),(440,28,4,2,'부가서비스가 다양해서 좋네요.','2025-06-07 20:50:00','2025-06-07 20:50:00'),(441,191,1,5,'속도는 괜찮은데 데이터가 좀 부족한 느낌이에요.','2025-06-07 20:51:00','2025-06-07 20:51:00'),(442,113,15,1,'대체로 만족하지만 가격이 조금 비싼 것 같아요.','2025-06-07 20:52:00','2025-06-07 20:52:00'),(443,16,36,5,'그럭저럭 사용할만 합니다.','2025-06-07 20:53:00','2025-06-07 20:53:00'),(444,59,17,5,'친절한 고객센터에 감동했어요.','2025-06-07 20:54:00','2025-06-07 20:54:00'),(445,93,29,1,'친절한 고객센터에 감동했어요.','2025-06-07 20:55:00','2025-06-07 20:55:00'),(446,187,49,1,'통화 품질은 좋은데 요금이 높아요.','2025-06-07 20:56:00','2025-06-07 20:56:00'),(447,178,47,2,'무난한 수준입니다.','2025-06-07 20:57:00','2025-06-07 20:57:00'),(448,15,30,5,'통화 품질은 좋은데 요금이 높아요.','2025-06-07 20:58:00','2025-06-07 20:58:00'),(449,167,40,2,'서비스센터 응대가 별로였어요.','2025-06-07 20:59:00','2025-06-07 20:59:00'),(450,195,38,5,'속도는 괜찮은데 데이터가 좀 부족한 느낌이에요.','2025-06-07 21:00:00','2025-06-07 21:00:00'),(451,173,44,1,'전반적으로 안정적인 요금제입니다.','2025-06-07 21:01:00','2025-06-07 21:01:00'),(452,187,3,3,'친절한 고객센터에 감동했어요.','2025-06-07 21:02:00','2025-06-07 21:02:00'),(453,7,5,2,'해외에서도 잘 터져서 유용했어요.','2025-06-07 21:03:00','2025-06-07 21:03:00'),(454,34,10,3,'무난한 수준입니다.','2025-06-07 21:04:00','2025-06-07 21:04:00'),(455,65,48,5,'해외에서도 잘 터져서 유용했어요.','2025-06-07 21:05:00','2025-06-07 21:05:00'),(456,116,36,3,'통화 품질은 좋은데 요금이 높아요.','2025-06-07 21:06:00','2025-06-07 21:06:00'),(457,60,29,5,'그럭저럭 사용할만 합니다.','2025-06-07 21:07:00','2025-06-07 21:07:00'),(458,183,25,1,'전반적으로 무난하지만 특색은 없어요.','2025-06-07 21:08:00','2025-06-07 21:08:00'),(459,146,1,2,'친절한 고객센터에 감동했어요.','2025-06-07 21:09:00','2025-06-07 21:09:00'),(460,187,16,3,'그럭저럭 사용할만 합니다.','2025-06-07 21:10:00','2025-06-07 21:10:00'),(461,112,2,4,'부가서비스가 다양해서 좋네요.','2025-06-07 21:11:00','2025-06-07 21:11:00'),(462,167,38,3,'대체로 만족하지만 가격이 조금 비싼 것 같아요.','2025-06-07 21:12:00','2025-06-07 21:12:00'),(463,11,46,3,'무난한 수준입니다.','2025-06-07 21:13:00','2025-06-07 21:13:00'),(464,154,34,4,'친절한 고객센터에 감동했어요.','2025-06-07 21:14:00','2025-06-07 21:14:00'),(465,72,35,1,'속도는 괜찮은데 데이터가 좀 부족한 느낌이에요.','2025-06-07 21:15:00','2025-06-07 21:15:00'),(466,63,45,2,'최악이에요. 다시는 안 써요.','2025-06-07 21:16:00','2025-06-07 21:16:00'),(467,145,27,5,'무난한 수준입니다.','2025-06-07 21:17:00','2025-06-07 21:17:00'),(468,42,8,3,'서비스센터 응대가 별로였어요.','2025-06-07 21:18:00','2025-06-07 21:18:00'),(469,54,32,5,'최악이에요. 다시는 안 써요.','2025-06-07 21:19:00','2025-06-07 21:19:00'),(470,14,18,2,'해외에서도 잘 터져서 유용했어요.','2025-06-07 21:20:00','2025-06-07 21:20:00'),(471,167,37,5,'영상 스트리밍은 끊김 없이 잘 됩니다.','2025-06-07 21:21:00','2025-06-07 21:21:00'),(472,163,13,2,'어르신도 쓰기 편하게 잘 되어 있어요.','2025-06-07 21:22:00','2025-06-07 21:22:00'),(473,93,42,1,'전반적으로 무난하지만 특색은 없어요.','2025-06-07 21:23:00','2025-06-07 21:23:00'),(474,6,16,2,'가성비 최고입니다.','2025-06-07 21:24:00','2025-06-07 21:24:00'),(475,22,44,2,'최악이에요. 다시는 안 써요.','2025-06-07 21:25:00','2025-06-07 21:25:00'),(476,122,21,1,'그럭저럭 사용할만 합니다.','2025-06-07 21:26:00','2025-06-07 21:26:00'),(477,125,49,3,'속도는 괜찮은데 데이터가 좀 부족한 느낌이에요.','2025-06-07 21:27:00','2025-06-07 21:27:00'),(478,112,4,2,'그럭저럭 사용할만 합니다.','2025-06-07 21:28:00','2025-06-07 21:28:00'),(479,137,44,3,'가격은 싸지만 속도가 너무 느려요.','2025-06-07 21:29:00','2025-06-07 21:29:00'),(480,17,23,4,'가격은 싸지만 속도가 너무 느려요.','2025-06-07 21:30:00','2025-06-07 21:30:00'),(481,75,39,3,'부가서비스가 다양해서 좋네요.','2025-06-07 21:31:00','2025-06-07 21:31:00'),(482,21,28,2,'가성비 최고입니다.','2025-06-07 21:32:00','2025-06-07 21:32:00'),(483,138,47,2,'속도는 괜찮은데 데이터가 좀 부족한 느낌이에요.','2025-06-07 21:33:00','2025-06-07 21:33:00'),(484,159,27,4,'데이터도 넉넉하고 속도도 빨라서 매우 만족합니다.','2025-06-07 21:34:00','2025-06-07 21:34:00'),(485,41,35,2,'전반적으로 무난하지만 특색은 없어요.','2025-06-07 21:35:00','2025-06-07 21:35:00'),(486,39,23,3,'그럭저럭 사용할만 합니다.','2025-06-07 21:36:00','2025-06-07 21:36:00'),(487,27,42,1,'속도는 괜찮은데 데이터가 좀 부족한 느낌이에요.','2025-06-07 21:37:00','2025-06-07 21:37:00'),(488,50,29,1,'부가서비스가 다양해서 좋네요.','2025-06-07 21:38:00','2025-06-07 21:38:00'),(489,58,36,2,'전반적으로 안정적인 요금제입니다.','2025-06-07 21:39:00','2025-06-07 21:39:00'),(490,131,35,1,'부가서비스가 다양해서 좋네요.','2025-06-07 21:40:00','2025-06-07 21:40:00'),(491,120,40,1,'해외에서도 잘 터져서 유용했어요.','2025-06-07 21:41:00','2025-06-07 21:41:00'),(492,1,14,5,'서비스센터 응대가 별로였어요.','2025-06-07 21:42:00','2025-06-07 21:42:00'),(493,157,17,4,'요즘 프로모션이 많아서 좋아요.','2025-06-07 21:43:00','2025-06-07 21:43:00'),(494,162,37,3,'가격은 싸지만 속도가 너무 느려요.','2025-06-07 21:44:00','2025-06-07 21:44:00'),(495,175,1,4,'부가서비스가 다양해서 좋네요.','2025-06-07 21:45:00','2025-06-07 21:45:00'),(496,144,46,2,'생각보다 데이터가 금방 소진되네요.','2025-06-07 21:46:00','2025-06-07 21:46:00'),(497,56,37,3,'대체로 만족하지만 가격이 조금 비싼 것 같아요.','2025-06-07 21:47:00','2025-06-07 21:47:00'),(498,194,19,1,'가격은 싸지만 속도가 너무 느려요.','2025-06-07 21:48:00','2025-06-07 21:48:00'),(499,127,33,1,'데이터도 넉넉하고 속도도 빨라서 매우 만족합니다.','2025-06-07 21:49:00','2025-06-07 21:49:00'),(500,15,41,5,'해외에서도 잘 터져서 유용했어요.','2025-06-07 21:50:00','2025-06-07 21:50:00'),(501,105,2,5,'통화 품질은 좋은데 요금이 높아요.','2025-06-07 21:51:00','2025-06-07 21:51:00'),(502,105,9,4,'요즘 프로모션이 많아서 좋아요.','2025-06-07 21:52:00','2025-06-07 21:52:00'),(503,192,7,4,'통화 품질은 좋은데 요금이 높아요.','2025-06-07 21:53:00','2025-06-07 21:53:00'),(504,126,3,3,'어르신도 쓰기 편하게 잘 되어 있어요.','2025-06-07 21:54:00','2025-06-07 21:54:00'),(505,114,43,5,'해외에서도 잘 터져서 유용했어요.','2025-06-07 21:55:00','2025-06-07 21:55:00'),(506,143,27,5,'요즘 프로모션이 많아서 좋아요.','2025-06-07 21:56:00','2025-06-07 21:56:00'),(507,71,48,4,'속도는 괜찮은데 데이터가 좀 부족한 느낌이에요.','2025-06-07 21:57:00','2025-06-07 21:57:00'),(508,44,43,5,'전반적으로 무난하지만 특색은 없어요.','2025-06-07 21:58:00','2025-06-07 21:58:00'),(509,76,13,2,'전반적으로 무난하지만 특색은 없어요.','2025-06-07 21:59:00','2025-06-07 21:59:00'),(510,108,48,2,'친절한 고객센터에 감동했어요.','2025-06-07 22:00:00','2025-06-07 22:00:00'),(511,143,20,4,'속도는 괜찮은데 데이터가 좀 부족한 느낌이에요.','2025-06-07 22:01:00','2025-06-07 22:01:00'),(512,184,18,2,'친절한 고객센터에 감동했어요.','2025-06-07 22:02:00','2025-06-07 22:02:00'),(513,3,47,2,'가격은 싸지만 속도가 너무 느려요.','2025-06-07 22:03:00','2025-06-07 22:03:00'),(514,175,31,1,'전반적으로 무난하지만 특색은 없어요.','2025-06-07 22:04:00','2025-06-07 22:04:00'),(515,53,2,5,'통화 품질은 좋은데 요금이 높아요.','2025-06-07 22:05:00','2025-06-07 22:05:00'),(516,134,18,2,'서비스센터 응대가 별로였어요.','2025-06-07 22:06:00','2025-06-07 22:06:00'),(517,85,18,4,'통화 품질이 좋지 않아서 아쉬웠어요.','2025-06-07 22:07:00','2025-06-07 22:07:00'),(518,43,35,3,'생각보다 데이터가 금방 소진되네요.','2025-06-07 22:08:00','2025-06-07 22:08:00'),(519,108,5,1,'전반적으로 무난하지만 특색은 없어요.','2025-06-07 22:09:00','2025-06-07 22:09:00'),(520,14,20,3,'어르신도 쓰기 편하게 잘 되어 있어요.','2025-06-07 22:10:00','2025-06-07 22:10:00'),(521,111,33,1,'가성비 최고입니다.','2025-06-07 22:11:00','2025-06-07 22:11:00'),(522,114,17,2,'무난한 수준입니다.','2025-06-07 22:12:00','2025-06-07 22:12:00'),(523,193,7,1,'서비스센터 응대가 별로였어요.','2025-06-07 22:13:00','2025-06-07 22:13:00'),(524,150,2,3,'부가서비스가 다양해서 좋네요.','2025-06-07 22:14:00','2025-06-07 22:14:00'),(525,140,39,3,'데이터도 넉넉하고 속도도 빨라서 매우 만족합니다.','2025-06-07 22:15:00','2025-06-07 22:15:00'),(526,37,5,2,'생각보다 데이터가 금방 소진되네요.','2025-06-07 22:16:00','2025-06-07 22:16:00'),(527,39,16,2,'서비스센터 응대가 별로였어요.','2025-06-07 22:17:00','2025-06-07 22:17:00'),(528,74,26,2,'부가서비스가 다양해서 좋네요.','2025-06-07 22:18:00','2025-06-07 22:18:00'),(529,17,42,5,'부가서비스가 다양해서 좋네요.','2025-06-07 22:19:00','2025-06-07 22:19:00'),(530,192,38,2,'가성비 최고입니다.','2025-06-07 22:20:00','2025-06-07 22:20:00'),(531,101,21,4,'서비스센터 응대가 별로였어요.','2025-06-07 22:21:00','2025-06-07 22:21:00'),(532,94,49,2,'최악이에요. 다시는 안 써요.','2025-06-07 22:22:00','2025-06-07 22:22:00'),(533,21,42,5,'전반적으로 무난하지만 특색은 없어요.','2025-06-07 22:23:00','2025-06-07 22:23:00'),(534,38,19,5,'그럭저럭 사용할만 합니다.','2025-06-07 22:24:00','2025-06-07 22:24:00'),(535,99,35,3,'속도는 괜찮은데 데이터가 좀 부족한 느낌이에요.','2025-06-07 22:25:00','2025-06-07 22:25:00'),(536,49,5,1,'최악이에요. 다시는 안 써요.','2025-06-07 22:26:00','2025-06-07 22:26:00'),(537,9,19,1,'통화 품질은 좋은데 요금이 높아요.','2025-06-07 22:27:00','2025-06-07 22:27:00'),(538,196,4,1,'가격은 싸지만 속도가 너무 느려요.','2025-06-07 22:28:00','2025-06-07 22:28:00'),(539,15,9,5,'가격은 싸지만 속도가 너무 느려요.','2025-06-07 22:29:00','2025-06-07 22:29:00'),(540,119,48,3,'친절한 고객센터에 감동했어요.','2025-06-07 22:30:00','2025-06-07 22:30:00'),(541,170,26,1,'가격은 싸지만 속도가 너무 느려요.','2025-06-07 22:31:00','2025-06-07 22:31:00'),(542,132,40,4,'서비스센터 응대가 별로였어요.','2025-06-07 22:32:00','2025-06-07 22:32:00'),(543,82,38,5,'영상 스트리밍은 끊김 없이 잘 됩니다.','2025-06-07 22:33:00','2025-06-07 22:33:00'),(544,193,37,3,'가성비 최고입니다.','2025-06-07 22:34:00','2025-06-07 22:34:00'),(545,122,14,4,'요즘 프로모션이 많아서 좋아요.','2025-06-07 22:35:00','2025-06-07 22:35:00'),(546,175,8,2,'전반적으로 안정적인 요금제입니다.','2025-06-07 22:36:00','2025-06-07 22:36:00'),(547,153,32,4,'부가서비스가 다양해서 좋네요.','2025-06-07 22:37:00','2025-06-07 22:37:00'),(548,171,49,3,'그럭저럭 사용할만 합니다.','2025-06-07 22:38:00','2025-06-07 22:38:00'),(549,74,30,1,'통화 품질은 좋은데 요금이 높아요.','2025-06-07 22:39:00','2025-06-07 22:39:00'),(550,11,26,2,'부가서비스가 다양해서 좋네요.','2025-06-07 22:40:00','2025-06-07 22:40:00'),(551,118,28,1,'요즘 프로모션이 많아서 좋아요.','2025-06-07 22:41:00','2025-06-07 22:41:00'),(552,11,4,5,'속도는 괜찮은데 데이터가 좀 부족한 느낌이에요.','2025-06-07 22:42:00','2025-06-07 22:42:00'),(553,63,22,3,'가격은 싸지만 속도가 너무 느려요.','2025-06-07 22:43:00','2025-06-07 22:43:00'),(554,186,13,4,'데이터도 넉넉하고 속도도 빨라서 매우 만족합니다.','2025-06-07 22:44:00','2025-06-07 22:44:00'),(555,37,37,5,'전반적으로 무난하지만 특색은 없어요.','2025-06-07 22:45:00','2025-06-07 22:45:00'),(556,2,2,1,'전반적으로 무난하지만 특색은 없어요.','2025-06-07 22:46:00','2025-06-07 22:46:00'),(557,50,30,3,'속도는 괜찮은데 데이터가 좀 부족한 느낌이에요.','2025-06-07 22:47:00','2025-06-07 22:47:00'),(558,51,5,5,'속도는 괜찮은데 데이터가 좀 부족한 느낌이에요.','2025-06-07 22:48:00','2025-06-07 22:48:00'),(559,129,3,5,'최악이에요. 다시는 안 써요.','2025-06-07 22:49:00','2025-06-07 22:49:00'),(560,68,47,4,'가성비 최고입니다.','2025-06-07 22:50:00','2025-06-07 22:50:00'),(561,132,2,1,'통화 품질이 좋지 않아서 아쉬웠어요.','2025-06-07 22:51:00','2025-06-07 22:51:00'),(562,4,13,2,'전반적으로 무난하지만 특색은 없어요.','2025-06-07 22:52:00','2025-06-07 22:52:00'),(563,126,31,1,'친절한 고객센터에 감동했어요.','2025-06-07 22:53:00','2025-06-07 22:53:00'),(564,105,16,2,'전반적으로 안정적인 요금제입니다.','2025-06-07 22:54:00','2025-06-07 22:54:00'),(565,46,44,1,'가격은 싸지만 속도가 너무 느려요.','2025-06-07 22:55:00','2025-06-07 22:55:00'),(566,170,48,5,'생각보다 데이터가 금방 소진되네요.','2025-06-07 22:56:00','2025-06-07 22:56:00'),(567,80,16,4,'가격은 싸지만 속도가 너무 느려요.','2025-06-07 22:57:00','2025-06-07 22:57:00'),(568,171,22,2,'요즘 프로모션이 많아서 좋아요.','2025-06-07 22:58:00','2025-06-07 22:58:00'),(569,121,16,3,'어르신도 쓰기 편하게 잘 되어 있어요.','2025-06-07 22:59:00','2025-06-07 22:59:00'),(570,118,31,2,'무난한 수준입니다.','2025-06-07 23:00:00','2025-06-07 23:00:00'),(571,199,21,4,'가격은 싸지만 속도가 너무 느려요.','2025-06-07 23:01:00','2025-06-07 23:01:00'),(572,146,29,3,'가성비 최고입니다.','2025-06-07 23:02:00','2025-06-07 23:02:00'),(573,162,5,5,'통화 품질은 좋은데 요금이 높아요.','2025-06-07 23:03:00','2025-06-07 23:03:00'),(574,154,44,2,'부가서비스가 다양해서 좋네요.','2025-06-07 23:04:00','2025-06-07 23:04:00'),(575,94,38,4,'통화 품질이 좋지 않아서 아쉬웠어요.','2025-06-07 23:05:00','2025-06-07 23:05:00'),(576,151,35,2,'친절한 고객센터에 감동했어요.','2025-06-07 23:06:00','2025-06-07 23:06:00'),(577,46,47,5,'부가서비스가 다양해서 좋네요.','2025-06-07 23:07:00','2025-06-07 23:07:00'),(578,157,10,4,'최악이에요. 다시는 안 써요.','2025-06-07 23:08:00','2025-06-07 23:08:00'),(579,182,16,1,'전반적으로 무난하지만 특색은 없어요.','2025-06-07 23:09:00','2025-06-07 23:09:00'),(580,196,9,2,'속도는 괜찮은데 데이터가 좀 부족한 느낌이에요.','2025-06-07 23:10:00','2025-06-07 23:10:00'),(581,14,24,1,'전반적으로 안정적인 요금제입니다.','2025-06-07 23:11:00','2025-06-07 23:11:00'),(582,108,28,1,'최악이에요. 다시는 안 써요.','2025-06-07 23:12:00','2025-06-07 23:12:00'),(583,20,17,5,'전반적으로 안정적인 요금제입니다.','2025-06-07 23:13:00','2025-06-07 23:13:00'),(584,189,23,5,'어르신도 쓰기 편하게 잘 되어 있어요.','2025-06-07 23:14:00','2025-06-07 23:14:00'),(585,180,30,5,'어르신도 쓰기 편하게 잘 되어 있어요.','2025-06-07 23:15:00','2025-06-07 23:15:00'),(586,56,18,2,'통화 품질이 좋지 않아서 아쉬웠어요.','2025-06-07 23:16:00','2025-06-07 23:16:00'),(587,180,49,2,'그럭저럭 사용할만 합니다.','2025-06-07 23:17:00','2025-06-07 23:17:00'),(588,80,44,3,'서비스센터 응대가 별로였어요.','2025-06-07 23:18:00','2025-06-07 23:18:00'),(589,200,47,1,'그럭저럭 사용할만 합니다.','2025-06-07 23:19:00','2025-06-07 23:19:00'),(590,120,20,3,'친절한 고객센터에 감동했어요.','2025-06-07 23:20:00','2025-06-07 23:20:00'),(591,198,9,3,'해외에서도 잘 터져서 유용했어요.','2025-06-07 23:21:00','2025-06-07 23:21:00'),(592,100,44,2,'가격은 싸지만 속도가 너무 느려요.','2025-06-07 23:22:00','2025-06-07 23:22:00'),(593,187,33,1,'전반적으로 안정적인 요금제입니다.','2025-06-07 23:23:00','2025-06-07 23:23:00'),(594,128,39,1,'통화 품질은 좋은데 요금이 높아요.','2025-06-07 23:24:00','2025-06-07 23:24:00'),(595,180,39,3,'해외에서도 잘 터져서 유용했어요.','2025-06-07 23:25:00','2025-06-07 23:25:00'),(596,2,39,5,'무난한 수준입니다.','2025-06-07 23:26:00','2025-06-07 23:26:00'),(597,95,6,2,'가격은 싸지만 속도가 너무 느려요.','2025-06-07 23:27:00','2025-06-07 23:27:00'),(598,13,31,2,'생각보다 데이터가 금방 소진되네요.','2025-06-07 23:28:00','2025-06-07 23:28:00'),(599,19,40,2,'부가서비스가 다양해서 좋네요.','2025-06-07 23:29:00','2025-06-07 23:29:00'),(600,49,25,1,'서비스센터 응대가 별로였어요.','2025-06-07 23:30:00','2025-06-07 23:30:00'),(601,70,12,4,'데이터도 넉넉하고 속도도 빨라서 매우 만족합니다.','2025-06-07 23:31:00','2025-06-07 23:31:00'),(602,192,48,2,'전반적으로 안정적인 요금제입니다.','2025-06-07 23:32:00','2025-06-07 23:32:00'),(603,196,40,2,'그럭저럭 사용할만 합니다.','2025-06-07 23:33:00','2025-06-07 23:33:00'),(604,47,35,2,'속도는 괜찮은데 데이터가 좀 부족한 느낌이에요.','2025-06-07 23:34:00','2025-06-07 23:34:00'),(605,87,3,3,'친절한 고객센터에 감동했어요.','2025-06-07 23:35:00','2025-06-07 23:35:00'),(606,103,22,4,'전반적으로 안정적인 요금제입니다.','2025-06-07 23:36:00','2025-06-07 23:36:00'),(607,79,34,5,'통화 품질은 좋은데 요금이 높아요.','2025-06-07 23:37:00','2025-06-07 23:37:00'),(608,36,32,5,'영상 스트리밍은 끊김 없이 잘 됩니다.','2025-06-07 23:38:00','2025-06-07 23:38:00'),(609,176,35,4,'무난한 수준입니다.','2025-06-07 23:39:00','2025-06-07 23:39:00'),(610,110,7,4,'친절한 고객센터에 감동했어요.','2025-06-07 23:40:00','2025-06-07 23:40:00'),(611,173,22,2,'영상 스트리밍은 끊김 없이 잘 됩니다.','2025-06-07 23:41:00','2025-06-07 23:41:00'),(612,124,39,5,'전반적으로 무난하지만 특색은 없어요.','2025-06-07 23:42:00','2025-06-07 23:42:00'),(613,173,42,1,'영상 스트리밍은 끊김 없이 잘 됩니다.','2025-06-07 23:43:00','2025-06-07 23:43:00'),(614,46,16,2,'부가서비스가 다양해서 좋네요.','2025-06-07 23:44:00','2025-06-07 23:44:00'),(615,104,22,2,'전반적으로 안정적인 요금제입니다.','2025-06-07 23:45:00','2025-06-07 23:45:00'),(616,21,5,5,'최악이에요. 다시는 안 써요.','2025-06-07 23:46:00','2025-06-07 23:46:00'),(617,198,3,4,'해외에서도 잘 터져서 유용했어요.','2025-06-07 23:47:00','2025-06-07 23:47:00'),(618,60,38,5,'친절한 고객센터에 감동했어요.','2025-06-07 23:48:00','2025-06-07 23:48:00'),(619,78,1,2,'전반적으로 안정적인 요금제입니다.','2025-06-07 23:49:00','2025-06-07 23:49:00'),(620,9,11,1,'최악이에요. 다시는 안 써요.','2025-06-07 23:50:00','2025-06-07 23:50:00'),(621,114,45,1,'가성비 최고입니다.','2025-06-07 23:51:00','2025-06-07 23:51:00'),(622,130,47,1,'가격은 싸지만 속도가 너무 느려요.','2025-06-07 23:52:00','2025-06-07 23:52:00'),(623,126,35,3,'친절한 고객센터에 감동했어요.','2025-06-07 23:53:00','2025-06-07 23:53:00'),(624,54,48,3,'최악이에요. 다시는 안 써요.','2025-06-07 23:54:00','2025-06-07 23:54:00'),(625,169,27,4,'그럭저럭 사용할만 합니다.','2025-06-07 23:55:00','2025-06-07 23:55:00'),(626,25,31,4,'요즘 프로모션이 많아서 좋아요.','2025-06-07 23:56:00','2025-06-07 23:56:00'),(627,153,49,2,'가성비 최고입니다.','2025-06-07 23:57:00','2025-06-07 23:57:00'),(628,81,1,2,'영상 스트리밍은 끊김 없이 잘 됩니다.','2025-06-07 23:58:00','2025-06-07 23:58:00'),(629,124,17,2,'부가서비스가 다양해서 좋네요.','2025-06-07 23:59:00','2025-06-07 23:59:00'),(630,40,5,2,'요즘 프로모션이 많아서 좋아요.','2025-06-08 00:00:00','2025-06-08 00:00:00'),(631,148,28,2,'영상 스트리밍은 끊김 없이 잘 됩니다.','2025-06-08 00:01:00','2025-06-08 00:01:00'),(632,115,8,5,'통화 품질이 좋지 않아서 아쉬웠어요.','2025-06-08 00:02:00','2025-06-08 00:02:00'),(633,47,27,3,'친절한 고객센터에 감동했어요.','2025-06-08 00:03:00','2025-06-08 00:03:00'),(634,133,27,3,'전반적으로 무난하지만 특색은 없어요.','2025-06-08 00:04:00','2025-06-08 00:04:00'),(635,135,32,5,'어르신도 쓰기 편하게 잘 되어 있어요.','2025-06-08 00:05:00','2025-06-08 00:05:00'),(636,9,41,5,'영상 스트리밍은 끊김 없이 잘 됩니다.','2025-06-08 00:06:00','2025-06-08 00:06:00'),(637,188,9,3,'해외에서도 잘 터져서 유용했어요.','2025-06-08 00:07:00','2025-06-08 00:07:00'),(638,158,13,3,'영상 스트리밍은 끊김 없이 잘 됩니다.','2025-06-08 00:08:00','2025-06-08 00:08:00'),(639,35,38,3,'대체로 만족하지만 가격이 조금 비싼 것 같아요.','2025-06-08 00:09:00','2025-06-08 00:09:00'),(640,188,40,5,'무난한 수준입니다.','2025-06-08 00:10:00','2025-06-08 00:10:00'),(641,54,36,4,'영상 스트리밍은 끊김 없이 잘 됩니다.','2025-06-08 00:11:00','2025-06-08 00:11:00'),(642,54,9,1,'전반적으로 안정적인 요금제입니다.','2025-06-08 00:12:00','2025-06-08 00:12:00'),(643,98,40,4,'영상 스트리밍은 끊김 없이 잘 됩니다.','2025-06-08 00:13:00','2025-06-08 00:13:00'),(644,136,21,3,'전반적으로 무난하지만 특색은 없어요.','2025-06-08 00:14:00','2025-06-08 00:14:00'),(645,58,39,4,'가격은 싸지만 속도가 너무 느려요.','2025-06-08 00:15:00','2025-06-08 00:15:00'),(646,61,26,4,'영상 스트리밍은 끊김 없이 잘 됩니다.','2025-06-08 00:16:00','2025-06-08 00:16:00'),(647,101,34,3,'요즘 프로모션이 많아서 좋아요.','2025-06-08 00:17:00','2025-06-08 00:17:00'),(648,22,6,1,'통화 품질은 좋은데 요금이 높아요.','2025-06-08 00:18:00','2025-06-08 00:18:00'),(649,166,47,1,'영상 스트리밍은 끊김 없이 잘 됩니다.','2025-06-08 00:19:00','2025-06-08 00:19:00'),(650,119,16,3,'대체로 만족하지만 가격이 조금 비싼 것 같아요.','2025-06-08 00:20:00','2025-06-08 00:20:00'),(651,65,46,3,'그럭저럭 사용할만 합니다.','2025-06-08 00:21:00','2025-06-08 00:21:00'),(652,194,1,4,'가성비 최고입니다.','2025-06-08 00:22:00','2025-06-08 00:22:00'),(653,87,30,5,'전반적으로 무난하지만 특색은 없어요.','2025-06-08 00:23:00','2025-06-08 00:23:00'),(654,67,48,1,'대체로 만족하지만 가격이 조금 비싼 것 같아요.','2025-06-08 00:24:00','2025-06-08 00:24:00'),(655,9,5,4,'어르신도 쓰기 편하게 잘 되어 있어요.','2025-06-08 00:25:00','2025-06-08 00:25:00'),(656,11,3,1,'통화 품질은 좋은데 요금이 높아요.','2025-06-08 00:26:00','2025-06-08 00:26:00'),(657,144,41,4,'생각보다 데이터가 금방 소진되네요.','2025-06-08 00:27:00','2025-06-08 00:27:00'),(658,67,35,2,'통화 품질은 좋은데 요금이 높아요.','2025-06-08 00:28:00','2025-06-08 00:28:00'),(659,39,9,1,'최악이에요. 다시는 안 써요.','2025-06-08 00:29:00','2025-06-08 00:29:00'),(660,174,3,5,'통화 품질은 좋은데 요금이 높아요.','2025-06-08 00:30:00','2025-06-08 00:30:00'),(661,37,23,3,'친절한 고객센터에 감동했어요.','2025-06-08 00:31:00','2025-06-08 00:31:00'),(662,158,37,3,'데이터도 넉넉하고 속도도 빨라서 매우 만족합니다.','2025-06-08 00:32:00','2025-06-08 00:32:00'),(663,48,8,1,'데이터도 넉넉하고 속도도 빨라서 매우 만족합니다.','2025-06-08 00:33:00','2025-06-08 00:33:00'),(664,37,11,4,'전반적으로 안정적인 요금제입니다.','2025-06-08 00:34:00','2025-06-08 00:34:00'),(665,94,15,2,'친절한 고객센터에 감동했어요.','2025-06-08 00:35:00','2025-06-08 00:35:00'),(666,141,29,1,'전반적으로 안정적인 요금제입니다.','2025-06-08 00:36:00','2025-06-08 00:36:00'),(667,46,2,5,'전반적으로 안정적인 요금제입니다.','2025-06-08 00:37:00','2025-06-08 00:37:00'),(668,83,25,4,'통화 품질은 좋은데 요금이 높아요.','2025-06-08 00:38:00','2025-06-08 00:38:00'),(669,154,42,5,'대체로 만족하지만 가격이 조금 비싼 것 같아요.','2025-06-08 00:39:00','2025-06-08 00:39:00'),(670,82,36,4,'속도는 괜찮은데 데이터가 좀 부족한 느낌이에요.','2025-06-08 00:40:00','2025-06-08 00:40:00'),(671,197,7,2,'부가서비스가 다양해서 좋네요.','2025-06-08 00:41:00','2025-06-08 00:41:00'),(672,19,1,4,'전반적으로 안정적인 요금제입니다.','2025-06-08 00:42:00','2025-06-08 00:42:00'),(673,86,16,2,'친절한 고객센터에 감동했어요.','2025-06-08 00:43:00','2025-06-08 00:43:00'),(674,97,47,2,'속도는 괜찮은데 데이터가 좀 부족한 느낌이에요.','2025-06-08 00:44:00','2025-06-08 00:44:00'),(675,139,19,5,'가성비 최고입니다.','2025-06-08 00:45:00','2025-06-08 00:45:00'),(676,70,5,4,'친절한 고객센터에 감동했어요.','2025-06-08 00:46:00','2025-06-08 00:46:00'),(677,186,39,5,'가성비 최고입니다.','2025-06-08 00:47:00','2025-06-08 00:47:00'),(678,62,15,4,'가격은 싸지만 속도가 너무 느려요.','2025-06-08 00:48:00','2025-06-08 00:48:00'),(679,145,40,2,'그럭저럭 사용할만 합니다.','2025-06-08 00:49:00','2025-06-08 00:49:00'),(680,79,13,4,'해외에서도 잘 터져서 유용했어요.','2025-06-08 00:50:00','2025-06-08 00:50:00'),(681,141,48,3,'요즘 프로모션이 많아서 좋아요.','2025-06-08 00:51:00','2025-06-08 00:51:00'),(682,13,30,3,'속도는 괜찮은데 데이터가 좀 부족한 느낌이에요.','2025-06-08 00:52:00','2025-06-08 00:52:00'),(683,158,36,2,'전반적으로 무난하지만 특색은 없어요.','2025-06-08 00:53:00','2025-06-08 00:53:00'),(684,144,7,5,'친절한 고객센터에 감동했어요.','2025-06-08 00:54:00','2025-06-08 00:54:00'),(685,136,12,1,'영상 스트리밍은 끊김 없이 잘 됩니다.','2025-06-08 00:55:00','2025-06-08 00:55:00'),(686,39,42,3,'대체로 만족하지만 가격이 조금 비싼 것 같아요.','2025-06-08 00:56:00','2025-06-08 00:56:00'),(687,184,10,4,'서비스센터 응대가 별로였어요.','2025-06-08 00:57:00','2025-06-08 00:57:00'),(688,190,19,2,'해외에서도 잘 터져서 유용했어요.','2025-06-08 00:58:00','2025-06-08 00:58:00'),(689,84,8,2,'통화 품질은 좋은데 요금이 높아요.','2025-06-08 00:59:00','2025-06-08 00:59:00'),(690,9,25,3,'통화 품질은 좋은데 요금이 높아요.','2025-06-08 01:00:00','2025-06-08 01:00:00'),(691,84,15,1,'가성비 최고입니다.','2025-06-08 01:01:00','2025-06-08 01:01:00'),(692,168,10,4,'해외에서도 잘 터져서 유용했어요.','2025-06-08 01:02:00','2025-06-08 01:02:00'),(693,63,23,1,'전반적으로 무난하지만 특색은 없어요.','2025-06-08 01:03:00','2025-06-08 01:03:00'),(694,54,24,5,'최악이에요. 다시는 안 써요.','2025-06-08 01:04:00','2025-06-08 01:04:00'),(695,124,46,5,'친절한 고객센터에 감동했어요.','2025-06-08 01:05:00','2025-06-08 01:05:00'),(696,4,36,5,'영상 스트리밍은 끊김 없이 잘 됩니다.','2025-06-08 01:06:00','2025-06-08 01:06:00'),(697,7,48,1,'속도는 괜찮은데 데이터가 좀 부족한 느낌이에요.','2025-06-08 01:07:00','2025-06-08 01:07:00'),(698,32,23,5,'요즘 프로모션이 많아서 좋아요.','2025-06-08 01:08:00','2025-06-08 01:08:00'),(699,115,19,2,'대체로 만족하지만 가격이 조금 비싼 것 같아요.','2025-06-08 01:09:00','2025-06-08 01:09:00'),(700,56,1,5,'가격은 싸지만 속도가 너무 느려요.','2025-06-08 01:10:00','2025-06-08 01:10:00'),(701,129,1,3,'무난한 수준입니다.','2025-06-08 01:11:00','2025-06-08 01:11:00'),(702,193,48,3,'가격은 싸지만 속도가 너무 느려요.','2025-06-08 01:12:00','2025-06-08 01:12:00'),(703,121,5,3,'가성비 최고입니다.','2025-06-08 01:13:00','2025-06-08 01:13:00'),(704,153,13,5,'부가서비스가 다양해서 좋네요.','2025-06-08 01:14:00','2025-06-08 01:14:00'),(705,124,15,4,'친절한 고객센터에 감동했어요.','2025-06-08 01:15:00','2025-06-08 01:15:00'),(706,90,21,3,'그럭저럭 사용할만 합니다.','2025-06-08 01:16:00','2025-06-08 01:16:00'),(707,37,6,3,'속도는 괜찮은데 데이터가 좀 부족한 느낌이에요.','2025-06-08 01:17:00','2025-06-08 01:17:00'),(708,43,31,2,'요즘 프로모션이 많아서 좋아요.','2025-06-08 01:18:00','2025-06-08 01:18:00'),(709,14,33,5,'대체로 만족하지만 가격이 조금 비싼 것 같아요.','2025-06-08 01:19:00','2025-06-08 01:19:00'),(710,19,24,5,'통화 품질이 좋지 않아서 아쉬웠어요.','2025-06-08 01:20:00','2025-06-08 01:20:00'),(711,179,44,5,'가성비 최고입니다.','2025-06-08 01:21:00','2025-06-08 01:21:00'),(712,135,47,1,'해외에서도 잘 터져서 유용했어요.','2025-06-08 01:22:00','2025-06-08 01:22:00'),(713,105,45,1,'무난한 수준입니다.','2025-06-08 01:23:00','2025-06-08 01:23:00'),(714,182,30,2,'통화 품질은 좋은데 요금이 높아요.','2025-06-08 01:24:00','2025-06-08 01:24:00'),(715,73,44,5,'대체로 만족하지만 가격이 조금 비싼 것 같아요.','2025-06-08 01:25:00','2025-06-08 01:25:00'),(716,198,35,3,'최악이에요. 다시는 안 써요.','2025-06-08 01:26:00','2025-06-08 01:26:00'),(717,182,11,3,'어르신도 쓰기 편하게 잘 되어 있어요.','2025-06-08 01:27:00','2025-06-08 01:27:00'),(718,34,36,2,'무난한 수준입니다.','2025-06-08 01:28:00','2025-06-08 01:28:00'),(719,72,13,5,'요즘 프로모션이 많아서 좋아요.','2025-06-08 01:29:00','2025-06-08 01:29:00'),(720,134,30,4,'데이터도 넉넉하고 속도도 빨라서 매우 만족합니다.','2025-06-08 01:30:00','2025-06-08 01:30:00'),(721,107,36,4,'대체로 만족하지만 가격이 조금 비싼 것 같아요.','2025-06-08 01:31:00','2025-06-08 01:31:00'),(722,119,34,2,'친절한 고객센터에 감동했어요.','2025-06-08 01:32:00','2025-06-08 01:32:00'),(723,3,16,3,'데이터도 넉넉하고 속도도 빨라서 매우 만족합니다.','2025-06-08 01:33:00','2025-06-08 01:33:00'),(724,58,30,5,'가성비 최고입니다.','2025-06-08 01:34:00','2025-06-08 01:34:00'),(725,112,19,2,'어르신도 쓰기 편하게 잘 되어 있어요.','2025-06-08 01:35:00','2025-06-08 01:35:00'),(726,142,4,3,'가격은 싸지만 속도가 너무 느려요.','2025-06-08 01:36:00','2025-06-08 01:36:00'),(727,27,28,1,'서비스센터 응대가 별로였어요.','2025-06-08 01:37:00','2025-06-08 01:37:00'),(728,8,4,1,'그럭저럭 사용할만 합니다.','2025-06-08 01:38:00','2025-06-08 01:38:00'),(729,4,21,3,'어르신도 쓰기 편하게 잘 되어 있어요.','2025-06-08 01:39:00','2025-06-08 01:39:00'),(730,167,3,3,'어르신도 쓰기 편하게 잘 되어 있어요.','2025-06-08 01:40:00','2025-06-08 01:40:00'),(731,184,2,1,'생각보다 데이터가 금방 소진되네요.','2025-06-08 01:41:00','2025-06-08 01:41:00'),(732,161,10,1,'해외에서도 잘 터져서 유용했어요.','2025-06-08 01:42:00','2025-06-08 01:42:00'),(733,58,41,4,'부가서비스가 다양해서 좋네요.','2025-06-08 01:43:00','2025-06-08 01:43:00'),(734,155,43,3,'그럭저럭 사용할만 합니다.','2025-06-08 01:44:00','2025-06-08 01:44:00'),(735,128,1,4,'속도는 괜찮은데 데이터가 좀 부족한 느낌이에요.','2025-06-08 01:45:00','2025-06-08 01:45:00'),(736,115,28,3,'데이터도 넉넉하고 속도도 빨라서 매우 만족합니다.','2025-06-08 01:46:00','2025-06-08 01:46:00'),(737,64,18,3,'해외에서도 잘 터져서 유용했어요.','2025-06-08 01:47:00','2025-06-08 01:47:00'),(738,74,14,2,'통화 품질은 좋은데 요금이 높아요.','2025-06-08 01:48:00','2025-06-08 01:48:00'),(739,44,25,5,'영상 스트리밍은 끊김 없이 잘 됩니다.','2025-06-08 01:49:00','2025-06-08 01:49:00'),(740,34,5,3,'전반적으로 무난하지만 특색은 없어요.','2025-06-08 01:50:00','2025-06-08 01:50:00'),(741,108,13,2,'요즘 프로모션이 많아서 좋아요.','2025-06-08 01:51:00','2025-06-08 01:51:00'),(742,35,1,1,'통화 품질이 좋지 않아서 아쉬웠어요.','2025-06-08 01:52:00','2025-06-08 01:52:00'),(743,189,7,1,'통화 품질이 좋지 않아서 아쉬웠어요.','2025-06-08 01:53:00','2025-06-08 01:53:00'),(744,110,39,3,'무난한 수준입니다.','2025-06-08 01:54:00','2025-06-08 01:54:00'),(745,50,47,1,'영상 스트리밍은 끊김 없이 잘 됩니다.','2025-06-08 01:55:00','2025-06-08 01:55:00'),(746,155,16,3,'부가서비스가 다양해서 좋네요.','2025-06-08 01:56:00','2025-06-08 01:56:00'),(747,37,25,3,'통화 품질이 좋지 않아서 아쉬웠어요.','2025-06-08 01:57:00','2025-06-08 01:57:00'),(748,169,34,5,'생각보다 데이터가 금방 소진되네요.','2025-06-08 01:58:00','2025-06-08 01:58:00'),(749,56,11,1,'전반적으로 무난하지만 특색은 없어요.','2025-06-08 01:59:00','2025-06-08 01:59:00'),(750,132,14,4,'가격은 싸지만 속도가 너무 느려요.','2025-06-08 02:00:00','2025-06-08 02:00:00'),(751,79,32,3,'생각보다 데이터가 금방 소진되네요.','2025-06-08 02:01:00','2025-06-08 02:01:00'),(752,108,18,1,'전반적으로 무난하지만 특색은 없어요.','2025-06-08 02:02:00','2025-06-08 02:02:00'),(753,62,23,3,'어르신도 쓰기 편하게 잘 되어 있어요.','2025-06-08 02:03:00','2025-06-08 02:03:00'),(754,145,44,3,'서비스센터 응대가 별로였어요.','2025-06-08 02:04:00','2025-06-08 02:04:00'),(755,88,32,3,'데이터도 넉넉하고 속도도 빨라서 매우 만족합니다.','2025-06-08 02:05:00','2025-06-08 02:05:00'),(756,145,46,3,'영상 스트리밍은 끊김 없이 잘 됩니다.','2025-06-08 02:06:00','2025-06-08 02:06:00'),(757,196,23,3,'영상 스트리밍은 끊김 없이 잘 됩니다.','2025-06-08 02:07:00','2025-06-08 02:07:00'),(758,42,26,5,'서비스센터 응대가 별로였어요.','2025-06-08 02:08:00','2025-06-08 02:08:00'),(759,167,13,3,'그럭저럭 사용할만 합니다.','2025-06-08 02:09:00','2025-06-08 02:09:00'),(760,68,4,5,'영상 스트리밍은 끊김 없이 잘 됩니다.','2025-06-08 02:10:00','2025-06-08 02:10:00'),(761,50,32,3,'데이터도 넉넉하고 속도도 빨라서 매우 만족합니다.','2025-06-08 02:11:00','2025-06-08 02:11:00'),(762,31,27,1,'그럭저럭 사용할만 합니다.','2025-06-08 02:12:00','2025-06-08 02:12:00'),(763,59,13,2,'전반적으로 무난하지만 특색은 없어요.','2025-06-08 02:13:00','2025-06-08 02:13:00'),(764,134,29,4,'친절한 고객센터에 감동했어요.','2025-06-08 02:14:00','2025-06-08 02:14:00'),(765,1,19,3,'해외에서도 잘 터져서 유용했어요.','2025-06-08 02:15:00','2025-06-08 02:15:00'),(766,33,12,2,'그럭저럭 사용할만 합니다.','2025-06-08 02:16:00','2025-06-08 02:16:00'),(767,92,29,3,'전반적으로 안정적인 요금제입니다.','2025-06-08 02:17:00','2025-06-08 02:17:00'),(768,191,26,1,'데이터도 넉넉하고 속도도 빨라서 매우 만족합니다.','2025-06-08 02:18:00','2025-06-08 02:18:00'),(769,95,19,3,'그럭저럭 사용할만 합니다.','2025-06-08 02:19:00','2025-06-08 02:19:00'),(770,57,47,3,'가성비 최고입니다.','2025-06-08 02:20:00','2025-06-08 02:20:00'),(771,48,41,3,'가격은 싸지만 속도가 너무 느려요.','2025-06-08 02:21:00','2025-06-08 02:21:00'),(772,108,46,1,'전반적으로 안정적인 요금제입니다.','2025-06-08 02:22:00','2025-06-08 02:22:00'),(773,199,18,2,'어르신도 쓰기 편하게 잘 되어 있어요.','2025-06-08 02:23:00','2025-06-08 02:23:00'),(774,163,32,3,'통화 품질은 좋은데 요금이 높아요.','2025-06-08 02:24:00','2025-06-08 02:24:00'),(775,95,2,1,'통화 품질은 좋은데 요금이 높아요.','2025-06-08 02:25:00','2025-06-08 02:25:00'),(776,189,31,2,'가성비 최고입니다.','2025-06-08 02:26:00','2025-06-08 02:26:00'),(777,31,34,3,'최악이에요. 다시는 안 써요.','2025-06-08 02:27:00','2025-06-08 02:27:00'),(778,22,45,5,'데이터도 넉넉하고 속도도 빨라서 매우 만족합니다.','2025-06-08 02:28:00','2025-06-08 02:28:00'),(779,167,14,2,'영상 스트리밍은 끊김 없이 잘 됩니다.','2025-06-08 02:29:00','2025-06-08 02:29:00'),(780,12,49,3,'어르신도 쓰기 편하게 잘 되어 있어요.','2025-06-08 02:30:00','2025-06-08 02:30:00'),(781,161,25,3,'가성비 최고입니다.','2025-06-08 02:31:00','2025-06-08 02:31:00'),(782,26,41,3,'전반적으로 무난하지만 특색은 없어요.','2025-06-08 02:32:00','2025-06-08 02:32:00'),(783,104,23,2,'전반적으로 안정적인 요금제입니다.','2025-06-08 02:33:00','2025-06-08 02:33:00'),(784,2,31,3,'가성비 최고입니다.','2025-06-08 02:34:00','2025-06-08 02:34:00'),(785,82,45,1,'부가서비스가 다양해서 좋네요.','2025-06-08 02:35:00','2025-06-08 02:35:00'),(786,85,40,2,'영상 스트리밍은 끊김 없이 잘 됩니다.','2025-06-08 02:36:00','2025-06-08 02:36:00'),(787,167,23,5,'친절한 고객센터에 감동했어요.','2025-06-08 02:37:00','2025-06-08 02:37:00'),(788,165,36,3,'가격은 싸지만 속도가 너무 느려요.','2025-06-08 02:38:00','2025-06-08 02:38:00'),(789,33,15,3,'무난한 수준입니다.','2025-06-08 02:39:00','2025-06-08 02:39:00'),(790,162,30,5,'서비스센터 응대가 별로였어요.','2025-06-08 02:40:00','2025-06-08 02:40:00'),(791,132,7,5,'친절한 고객센터에 감동했어요.','2025-06-08 02:41:00','2025-06-08 02:41:00'),(792,45,46,4,'생각보다 데이터가 금방 소진되네요.','2025-06-08 02:42:00','2025-06-08 02:42:00'),(793,169,9,2,'가격은 싸지만 속도가 너무 느려요.','2025-06-08 02:43:00','2025-06-08 02:43:00'),(794,167,17,2,'친절한 고객센터에 감동했어요.','2025-06-08 02:44:00','2025-06-08 02:44:00'),(795,142,23,3,'속도는 괜찮은데 데이터가 좀 부족한 느낌이에요.','2025-06-08 02:45:00','2025-06-08 02:45:00'),(796,30,34,1,'통화 품질이 좋지 않아서 아쉬웠어요.','2025-06-08 02:46:00','2025-06-08 02:46:00'),(797,155,27,1,'해외에서도 잘 터져서 유용했어요.','2025-06-08 02:47:00','2025-06-08 02:47:00'),(798,97,27,1,'전반적으로 무난하지만 특색은 없어요.','2025-06-08 02:48:00','2025-06-08 02:48:00'),(799,74,2,3,'가성비 최고입니다.','2025-06-08 02:49:00','2025-06-08 02:49:00'),(800,90,43,4,'전반적으로 무난하지만 특색은 없어요.','2025-06-08 02:50:00','2025-06-08 02:50:00'),(801,144,3,1,'전반적으로 무난하지만 특색은 없어요.','2025-06-08 02:51:00','2025-06-08 02:51:00'),(802,88,5,4,'통화 품질은 좋은데 요금이 높아요.','2025-06-08 02:52:00','2025-06-08 02:52:00'),(803,89,9,1,'전반적으로 무난하지만 특색은 없어요.','2025-06-08 02:53:00','2025-06-08 02:53:00'),(804,5,44,4,'대체로 만족하지만 가격이 조금 비싼 것 같아요.','2025-06-08 02:54:00','2025-06-08 02:54:00'),(805,15,40,2,'영상 스트리밍은 끊김 없이 잘 됩니다.','2025-06-08 02:55:00','2025-06-08 02:55:00'),(806,174,30,5,'친절한 고객센터에 감동했어요.','2025-06-08 02:56:00','2025-06-08 02:56:00'),(807,148,21,1,'속도는 괜찮은데 데이터가 좀 부족한 느낌이에요.','2025-06-08 02:57:00','2025-06-08 02:57:00'),(808,7,20,1,'속도는 괜찮은데 데이터가 좀 부족한 느낌이에요.','2025-06-08 02:58:00','2025-06-08 02:58:00'),(809,83,36,4,'최악이에요. 다시는 안 써요.','2025-06-08 02:59:00','2025-06-08 02:59:00'),(810,41,42,5,'요즘 프로모션이 많아서 좋아요.','2025-06-08 03:00:00','2025-06-08 03:00:00'),(811,147,33,3,'가성비 최고입니다.','2025-06-08 03:01:00','2025-06-08 03:01:00'),(812,25,42,5,'대체로 만족하지만 가격이 조금 비싼 것 같아요.','2025-06-08 03:02:00','2025-06-08 03:02:00'),(813,82,2,2,'어르신도 쓰기 편하게 잘 되어 있어요.','2025-06-08 03:03:00','2025-06-08 03:03:00'),(814,110,21,4,'그럭저럭 사용할만 합니다.','2025-06-08 03:04:00','2025-06-08 03:04:00'),(815,115,47,5,'데이터도 넉넉하고 속도도 빨라서 매우 만족합니다.','2025-06-08 03:05:00','2025-06-08 03:05:00'),(816,154,45,1,'가격은 싸지만 속도가 너무 느려요.','2025-06-08 03:06:00','2025-06-08 03:06:00'),(817,60,24,3,'가성비 최고입니다.','2025-06-08 03:07:00','2025-06-08 03:07:00'),(818,193,31,2,'대체로 만족하지만 가격이 조금 비싼 것 같아요.','2025-06-08 03:08:00','2025-06-08 03:08:00'),(819,83,46,3,'어르신도 쓰기 편하게 잘 되어 있어요.','2025-06-08 03:09:00','2025-06-08 03:09:00'),(820,93,9,2,'대체로 만족하지만 가격이 조금 비싼 것 같아요.','2025-06-08 03:10:00','2025-06-08 03:10:00'),(821,160,8,1,'무난한 수준입니다.','2025-06-08 03:11:00','2025-06-08 03:11:00'),(822,64,36,2,'친절한 고객센터에 감동했어요.','2025-06-08 03:12:00','2025-06-08 03:12:00'),(823,35,30,5,'영상 스트리밍은 끊김 없이 잘 됩니다.','2025-06-08 03:13:00','2025-06-08 03:13:00'),(824,167,6,1,'친절한 고객센터에 감동했어요.','2025-06-08 03:14:00','2025-06-08 03:14:00'),(825,198,21,2,'서비스센터 응대가 별로였어요.','2025-06-08 03:15:00','2025-06-08 03:15:00'),(826,148,40,5,'어르신도 쓰기 편하게 잘 되어 있어요.','2025-06-08 03:16:00','2025-06-08 03:16:00'),(827,149,44,3,'친절한 고객센터에 감동했어요.','2025-06-08 03:17:00','2025-06-08 03:17:00'),(828,84,36,3,'어르신도 쓰기 편하게 잘 되어 있어요.','2025-06-08 03:18:00','2025-06-08 03:18:00'),(829,60,10,2,'부가서비스가 다양해서 좋네요.','2025-06-08 03:19:00','2025-06-08 03:19:00'),(830,3,23,4,'영상 스트리밍은 끊김 없이 잘 됩니다.','2025-06-08 03:20:00','2025-06-08 03:20:00'),(831,95,40,5,'최악이에요. 다시는 안 써요.','2025-06-08 03:21:00','2025-06-08 03:21:00'),(832,175,7,5,'가격은 싸지만 속도가 너무 느려요.','2025-06-08 03:22:00','2025-06-08 03:22:00'),(833,47,44,5,'대체로 만족하지만 가격이 조금 비싼 것 같아요.','2025-06-08 03:23:00','2025-06-08 03:23:00'),(834,111,13,2,'최악이에요. 다시는 안 써요.','2025-06-08 03:24:00','2025-06-08 03:24:00'),(835,104,2,2,'해외에서도 잘 터져서 유용했어요.','2025-06-08 03:25:00','2025-06-08 03:25:00'),(836,106,8,1,'생각보다 데이터가 금방 소진되네요.','2025-06-08 03:26:00','2025-06-08 03:26:00'),(837,105,10,5,'최악이에요. 다시는 안 써요.','2025-06-08 03:27:00','2025-06-08 03:27:00'),(838,73,2,1,'어르신도 쓰기 편하게 잘 되어 있어요.','2025-06-08 03:28:00','2025-06-08 03:28:00'),(839,51,17,3,'부가서비스가 다양해서 좋네요.','2025-06-08 03:29:00','2025-06-08 03:29:00'),(840,61,6,4,'어르신도 쓰기 편하게 잘 되어 있어요.','2025-06-08 03:30:00','2025-06-08 03:30:00'),(841,27,31,1,'최악이에요. 다시는 안 써요.','2025-06-08 03:31:00','2025-06-08 03:31:00'),(842,187,12,5,'전반적으로 무난하지만 특색은 없어요.','2025-06-08 03:32:00','2025-06-08 03:32:00'),(843,50,34,1,'영상 스트리밍은 끊김 없이 잘 됩니다.','2025-06-08 03:33:00','2025-06-08 03:33:00'),(844,115,39,3,'해외에서도 잘 터져서 유용했어요.','2025-06-08 03:34:00','2025-06-08 03:34:00'),(845,26,25,1,'속도는 괜찮은데 데이터가 좀 부족한 느낌이에요.','2025-06-08 03:35:00','2025-06-08 03:35:00'),(846,16,16,4,'친절한 고객센터에 감동했어요.','2025-06-08 03:36:00','2025-06-08 03:36:00'),(847,120,32,5,'속도는 괜찮은데 데이터가 좀 부족한 느낌이에요.','2025-06-08 03:37:00','2025-06-08 03:37:00'),(848,110,27,4,'생각보다 데이터가 금방 소진되네요.','2025-06-08 03:38:00','2025-06-08 03:38:00'),(849,153,24,3,'그럭저럭 사용할만 합니다.','2025-06-08 03:39:00','2025-06-08 03:39:00'),(850,144,47,5,'전반적으로 무난하지만 특색은 없어요.','2025-06-08 03:40:00','2025-06-08 03:40:00'),(851,134,38,2,'전반적으로 무난하지만 특색은 없어요.','2025-06-08 03:41:00','2025-06-08 03:41:00'),(852,35,3,2,'가성비 최고입니다.','2025-06-08 03:42:00','2025-06-08 03:42:00'),(853,108,42,4,'생각보다 데이터가 금방 소진되네요.','2025-06-08 03:43:00','2025-06-08 03:43:00'),(854,160,9,2,'서비스센터 응대가 별로였어요.','2025-06-08 03:44:00','2025-06-08 03:44:00'),(855,185,42,1,'가성비 최고입니다.','2025-06-08 03:45:00','2025-06-08 03:45:00'),(856,184,13,4,'가성비 최고입니다.','2025-06-08 03:46:00','2025-06-08 03:46:00'),(857,56,45,4,'대체로 만족하지만 가격이 조금 비싼 것 같아요.','2025-06-08 03:47:00','2025-06-08 03:47:00'),(858,144,37,5,'부가서비스가 다양해서 좋네요.','2025-06-08 03:48:00','2025-06-08 03:48:00'),(859,9,18,3,'대체로 만족하지만 가격이 조금 비싼 것 같아요.','2025-06-08 03:49:00','2025-06-08 03:49:00'),(860,52,36,1,'무난한 수준입니다.','2025-06-08 03:50:00','2025-06-08 03:50:00'),(861,97,35,4,'영상 스트리밍은 끊김 없이 잘 됩니다.','2025-06-08 03:51:00','2025-06-08 03:51:00'),(862,19,38,2,'서비스센터 응대가 별로였어요.','2025-06-08 03:52:00','2025-06-08 03:52:00'),(863,20,31,4,'최악이에요. 다시는 안 써요.','2025-06-08 03:53:00','2025-06-08 03:53:00'),(864,36,28,5,'최악이에요. 다시는 안 써요.','2025-06-08 03:54:00','2025-06-08 03:54:00'),(865,85,8,2,'데이터도 넉넉하고 속도도 빨라서 매우 만족합니다.','2025-06-08 03:55:00','2025-06-08 03:55:00'),(866,160,35,2,'생각보다 데이터가 금방 소진되네요.','2025-06-08 03:56:00','2025-06-08 03:56:00'),(867,180,37,3,'가성비 최고입니다.','2025-06-08 03:57:00','2025-06-08 03:57:00'),(868,189,48,3,'어르신도 쓰기 편하게 잘 되어 있어요.','2025-06-08 03:58:00','2025-06-08 03:58:00'),(869,157,26,2,'영상 스트리밍은 끊김 없이 잘 됩니다.','2025-06-08 03:59:00','2025-06-08 03:59:00'),(870,4,47,5,'해외에서도 잘 터져서 유용했어요.','2025-06-08 04:00:00','2025-06-08 04:00:00'),(871,67,29,1,'생각보다 데이터가 금방 소진되네요.','2025-06-08 04:01:00','2025-06-08 04:01:00'),(872,32,49,1,'통화 품질은 좋은데 요금이 높아요.','2025-06-08 04:02:00','2025-06-08 04:02:00'),(873,88,40,1,'생각보다 데이터가 금방 소진되네요.','2025-06-08 04:03:00','2025-06-08 04:03:00'),(874,35,10,4,'통화 품질이 좋지 않아서 아쉬웠어요.','2025-06-08 04:04:00','2025-06-08 04:04:00'),(875,59,10,4,'해외에서도 잘 터져서 유용했어요.','2025-06-08 04:05:00','2025-06-08 04:05:00'),(876,150,41,5,'가성비 최고입니다.','2025-06-08 04:06:00','2025-06-08 04:06:00'),(877,68,1,4,'데이터도 넉넉하고 속도도 빨라서 매우 만족합니다.','2025-06-08 04:07:00','2025-06-08 04:07:00'),(878,43,46,5,'생각보다 데이터가 금방 소진되네요.','2025-06-08 04:08:00','2025-06-08 04:08:00'),(879,174,29,5,'그럭저럭 사용할만 합니다.','2025-06-08 04:09:00','2025-06-08 04:09:00'),(880,143,18,1,'대체로 만족하지만 가격이 조금 비싼 것 같아요.','2025-06-08 04:10:00','2025-06-08 04:10:00'),(881,103,41,2,'속도는 괜찮은데 데이터가 좀 부족한 느낌이에요.','2025-06-08 04:11:00','2025-06-08 04:11:00'),(882,77,23,5,'통화 품질이 좋지 않아서 아쉬웠어요.','2025-06-08 04:12:00','2025-06-08 04:12:00'),(883,176,49,3,'전반적으로 무난하지만 특색은 없어요.','2025-06-08 04:13:00','2025-06-08 04:13:00'),(884,64,42,1,'대체로 만족하지만 가격이 조금 비싼 것 같아요.','2025-06-08 04:14:00','2025-06-08 04:14:00'),(885,67,41,5,'가성비 최고입니다.','2025-06-08 04:15:00','2025-06-08 04:15:00'),(886,184,4,2,'가성비 최고입니다.','2025-06-08 04:16:00','2025-06-08 04:16:00'),(887,92,28,5,'데이터도 넉넉하고 속도도 빨라서 매우 만족합니다.','2025-06-08 04:17:00','2025-06-08 04:17:00'),(888,134,34,2,'무난한 수준입니다.','2025-06-08 04:18:00','2025-06-08 04:18:00'),(889,141,43,3,'최악이에요. 다시는 안 써요.','2025-06-08 04:19:00','2025-06-08 04:19:00'),(890,173,1,1,'통화 품질은 좋은데 요금이 높아요.','2025-06-08 04:20:00','2025-06-08 04:20:00'),(891,15,28,3,'서비스센터 응대가 별로였어요.','2025-06-08 04:21:00','2025-06-08 04:21:00'),(892,155,28,5,'해외에서도 잘 터져서 유용했어요.','2025-06-08 04:22:00','2025-06-08 04:22:00'),(893,46,20,2,'데이터도 넉넉하고 속도도 빨라서 매우 만족합니다.','2025-06-08 04:23:00','2025-06-08 04:23:00'),(894,110,40,3,'부가서비스가 다양해서 좋네요.','2025-06-08 04:24:00','2025-06-08 04:24:00'),(895,155,21,4,'영상 스트리밍은 끊김 없이 잘 됩니다.','2025-06-08 04:25:00','2025-06-08 04:25:00'),(896,127,6,3,'요즘 프로모션이 많아서 좋아요.','2025-06-08 04:26:00','2025-06-08 04:26:00'),(897,11,1,3,'속도는 괜찮은데 데이터가 좀 부족한 느낌이에요.','2025-06-08 04:27:00','2025-06-08 04:27:00'),(898,59,48,1,'전반적으로 무난하지만 특색은 없어요.','2025-06-08 04:28:00','2025-06-08 04:28:00'),(899,125,27,2,'영상 스트리밍은 끊김 없이 잘 됩니다.','2025-06-08 04:29:00','2025-06-08 04:29:00'),(900,184,3,1,'영상 스트리밍은 끊김 없이 잘 됩니다.','2025-06-08 04:30:00','2025-06-08 04:30:00');
/*!40000 ALTER TABLE `vas_reviews` ENABLE KEYS */;
UNLOCK TABLES;

--
-- Table structure for table `vass`
--

DROP TABLE IF EXISTS `vass`;
/*!40101 SET @saved_cs_client     = @@character_set_client */;
/*!50503 SET character_set_client = utf8mb4 */;
CREATE TABLE `vass` (
  `vas_id` bigint NOT NULL AUTO_INCREMENT,
  `vas_name` varchar(255) DEFAULT NULL,
  `price` int DEFAULT NULL,
  `image_url` varchar(255) DEFAULT NULL,
  `vas_description` varchar(255) DEFAULT NULL,
  `sale_rate` int DEFAULT NULL,
  `tag_code` bigint DEFAULT NULL,
  `category_code` varchar(3) DEFAULT NULL,
  `created_at` datetime DEFAULT NULL,
  `updated_at` datetime DEFAULT NULL,
  PRIMARY KEY (`vas_id`)
) ENGINE=InnoDB AUTO_INCREMENT=50 DEFAULT CHARSET=utf8mb4 COLLATE=utf8mb4_0900_ai_ci;
/*!40101 SET character_set_client = @saved_cs_client */;

--
-- Dumping data for table `vass`
--

LOCK TABLES `vass` WRITE;
/*!40000 ALTER TABLE `vass` DISABLE KEYS */;
INSERT INTO `vass` VALUES (1,'티빙 월정액 (U+요금제 전용)',9500,NULL,'티빙 오리지널 콘텐츠, 방송, 영화, 해외시리즈까지!',70,2251800887431168,'004','2025-06-07 01:10:00','2025-06-07 01:10:00'),(2,'지니뮤직 마음껏듣기 월정액',7900,NULL,'데이터 걱정없는 무제한 나만의 음악 요정 지니',0,549755820032,'031','2025-06-07 01:10:00','2025-06-07 01:10:00'),(3,'지니뮤직 100곡 듣기',3900,NULL,'100곡으로 부담없이 듣는 나만의 음악 요정 지니',0,549755820032,'031','2025-06-07 01:10:00','2025-06-07 01:10:00'),(4,'유튜브 프리미엄 (U+요금제 전용)',14900,NULL,'YouTube와 YouTube Music에서 광고 없는 서비스 이용',70,2474035380224,'030','2025-06-07 01:10:00','2025-06-07 01:10:00'),(5,'V컬러링 할인구독권',3300,NULL,'보이는 통화연결음으로 나를 표현해보세요',5,141287378386944,'031','2025-06-07 01:10:00','2025-06-07 01:10:00'),(6,'디즈니+',9900,NULL,'드라마, 애니메이션, 영화를 다양하게 시청하세요.',5,2199163768832,'004','2025-06-07 01:10:00','2025-06-07 01:10:00'),(7,'넷플릭스 월정액',7000,NULL,'넷플릭스에서 영화와 시리즈를 무제한으로 즐겨보세요!',0,2199165997056,'004','2025-06-07 01:10:00','2025-06-07 01:10:00'),(8,'탑툰 50코인 충전권',9500,NULL,'매일 업데이트 되는 탑툰 50코인 충전권',0,206159479296,'029','2025-06-07 01:10:00','2025-06-07 01:10:00'),(9,'카카오페이지 + 블라이스 웹툰팩',9500,NULL,'세상의 모든 이야기 카카오페이지를 즐겨보세요!',0,206159479296,'029','2025-06-07 01:10:00','2025-06-07 01:10:00'),(10,'리디셀렉트 도서멤버쉽 월정액',4900,NULL,'소설, 웹툰, 전문서적까지 이 모든걸 3,900원으로',20,206159479296,'012','2025-06-07 01:10:00','2025-06-07 01:10:00'),(11,'예스24 크레마 클럽 1개월 이용권',5500,NULL,'제한 없는 전자책 백화점 지식클럽 크레마 클럽',18,1099512676864,'012','2025-06-07 01:10:00','2025-06-07 01:10:00'),(12,'밀리의 서재 1개월 구독권',9900,NULL,'독서하기 좋은 계절 나만의 서재 밀리의서재',0,1099512676864,'012','2025-06-07 01:10:00','2025-06-07 01:10:00'),(13,'재담쇼츠 월구독권',8900,NULL,'각별한 작가들이 담아낸 독특한 일상의 재현과 환상 서사가 당신의 한때를 재미와 의미로 채워줘요',0,137574219776,'012','2025-06-07 01:10:00','2025-06-07 01:10:00'),(14,'리디 캐시 10,000원권',10000,NULL,'리디북스 금액권을 할인된 가격에 받아보세요.',10,206159479296,'012','2025-06-07 01:10:00','2025-06-07 01:10:00'),(15,'롱블랙 월 구독권',4900,NULL,'매일아침 10분, 트렌드 따라잡기',10,1099511889920,'010','2025-06-07 01:10:00','2025-06-07 01:10:00'),(16,'동아 비즈니스 리뷰 디지털 월 구독권',18900,NULL,'직장인이라면 트렌드 파악은 필수! 동아비즈니스리뷰 구독으로 최신 트렌드 놓치지 마세요!',48,4398046806016,'007','2025-06-07 01:10:00','2025-06-07 01:10:00'),(17,'하버드 비즈니스 리뷰 디지털 월 구독권',16000,NULL,'100년 내공의 프리미엄 비즈니스 아티클 HBR',42,4398046806016,'007','2025-06-07 01:10:00','2025-06-07 01:10:00'),(18,'모바일한경 월 구독권',15000,NULL,'6개월만 꾸준히 구독하시면 돈의 흐름이 보입니다.',78,4398046806016,'010','2025-06-07 01:10:00','2025-06-07 01:10:00'),(19,'아웃스탠딩 IT뉴스 멤버십',9900,NULL,'앞서는 트렌드는 여기서 IT 매거진 아웃스탠딩',15,134480896,'010','2025-06-07 01:10:00','2025-06-07 01:10:00'),(20,'클래스101+ 월 구독권',24900,NULL,'세상의 모든 클래스를 오로지 하나의 구독으로!',20,71485435674624,'026','2025-06-07 01:10:00','2025-06-07 01:10:00'),(21,'시원스쿨 여행영어 월 수강권',99000,NULL,'만능패턴 22가지로 여행영어부터 일상 회화까지 한 번에 마스터할 수 있는 이시원 강사의 여행 영어',97,1120986464256,'026','2025-06-07 01:10:00','2025-06-07 01:10:00'),(22,'야나두 클래스 월 구독권',33250,NULL,'하루 10분이면 야, 너두 할 수 있어!',70,1120986464256,'026','2025-06-07 01:10:00','2025-06-07 01:10:00'),(23,'케이크 플러스 월 구독권',16000,NULL,'전 세계 1억 명이 선택한 영어회화 앱',38,71485435674624,'026','2025-06-07 01:10:00','2025-06-07 01:10:00'),(24,'문정아중국어 회화 전 과정 월 구독권',40000,NULL,'왕초보, 발음, 기초회화 중국어 전과정 수강하자',59,9912784519168,'026','2025-06-07 01:10:00','2025-06-07 01:10:00'),(25,'문정아중국어 HSK 전 과정 월 구독권',60000,NULL,'HSK 2~6급 대비강의 전 과정 수강 가능!',69,9912784519168,'026','2025-06-07 01:10:00','2025-06-07 01:10:00'),(26,'시원스쿨 종합코스 1개월 이용권',19750,NULL,'만능패턴 22가지로 여행영어부터 일상 회화까지 한 번에 마스터할 수 있는 이시원 강사의 여행 영어',5,1120986464256,'026','2025-06-07 01:10:00','2025-06-07 01:10:00'),(27,'폴 바셋 기프트카드 1만원',10000,NULL,'맛있는 라떼, 아이스크림 프리미엄 스페셜 티 폴 바셋',5,844425064349696,'021','2025-06-07 01:10:00','2025-06-07 01:10:00'),(28,'CJ더마켓 적립급 (7천원) + 쿠폰 2종',7000,NULL,'비비고 고메 햇반까지! 냉장고 꽉 채워 힐링해요',5,2199560134656,'021','2025-06-07 01:10:00','2025-06-07 01:10:00'),(29,'일리 커피머신&커피캡슐 1팩',27792,NULL,'일리의 고급 커피머신과 커피캡슐 마음껏 즐기세요',33,844425064349696,'041','2025-06-07 01:10:00','2025-06-07 01:10:00'),(30,'일리 커피캡슐 1팩',19500,NULL,'커피명가 일리 커피캡슐 집에서 마음껏 즐겨봐요',5,844425064349696,'041','2025-06-07 01:10:00','2025-06-07 01:10:00'),(31,'와우회원 혜택',7890,NULL,'오늘 주문하면 내일 도착하는 빠른 배송과 무료 반품도 가능해요.',5,37383563128832,'017','2025-06-07 01:10:00','2025-06-07 01:10:00'),(32,'요기요 할인쿠폰 정기구독권',12000,NULL,'우리 동네 맛집을 빠르게 즐겨요, 요기요',50,2233416548352,'017','2025-06-07 01:10:00','2025-06-07 01:10:00'),(33,'스노우 VIP 월 구독권',4500,NULL,'스노우 필터로 앱 / 웹에서 BEFORE & AFTER 이미지를 효과적으로 제공해보세요',11,140737689681920,'018','2025-06-07 01:10:00','2025-06-07 01:10:00'),(34,'맥아피 시큐리티 구독권',6250,NULL,'강력한 바이러스 백신 및 안전한 브라우저로 24시간 연중무휴로 보호를 받으세요.',38,402654208,'002','2025-06-07 01:10:00','2025-06-07 01:10:00'),(35,'쏘카 크레딧 1만원',10000,NULL,'스마트폰으로 시간에 구애받지 않고 쏘카와 함께 이동하세요!',5,17594467745792,'023','2025-06-07 01:10:00','2025-06-07 01:10:00'),(36,'GS칼텍스 주유세차권 & 차량 정비 서비스',29000,NULL,'주유부터 세차까지 내 차를 관리 해주는 혜택',80,17594467745792,'036','2025-06-07 01:10:00','2025-06-07 01:10:00'),(37,'쿠키즈 월 구독권',6900,NULL,'아이를 위한 재밌고 신나는 교육 콘텐츠를 제공하는 프리미엄 키즈 전용 플랫폼',41,1125899906916352,'042','2025-06-07 01:10:00','2025-06-07 01:10:00'),(38,'쿠키즈 월 이용권',16900,NULL,'아이를 위한 재밌고 신나는 교육 콘텐츠를 제공하는 프리미엄 키즈 전용 플랫폼',47,1125899906916352,'042','2025-06-07 01:10:00','2025-06-07 01:10:00'),(39,'해피독TV 월정액',8800,NULL,'수의학과 전문가의 의견을 바탕으로 제공되는 해피독TV를 이용해보세요!',5,151003136,'016','2025-06-07 01:10:00','2025-06-07 01:10:00'),(40,'예스24 온라인 상품권 15,000원',15000,NULL,'제한 없는 전자책 백화점 지식클럽 크레마 클럽',0,1099512676864,'012','2025-06-07 01:10:00','2025-06-07 01:10:00'),(41,'컬쳐랜드 모바일 문화상품권 1만원',10000,NULL,'도서, 문구, 편의점, 쇼핑 편리하게 문화생활을 선물하세요',2,403718144,'019','2025-06-07 01:10:00','2025-06-07 01:10:00'),(42,'CGV 2D 영화관람권 2매 + CGV콤보',37000,NULL,'최신 영화를 최대 혜택으로 즐기세요!',23,140746078822400,'025','2025-06-07 01:10:00','2025-06-07 01:10:00'),(43,'다이소 금액권 1만원',10000,NULL,'일상이 다이소가 되다. 온라인 국민가게, 다이소.',0,2199425908736,'019','2025-06-07 01:10:00','2025-06-07 01:10:00'),(44,'CGV 2D 영화관람권 1매 + 스몰세트',20000,NULL,'최신 영화를 최대 혜택으로 즐겨보세요!',22,140746078822400,'025','2025-06-07 01:10:00','2025-06-07 01:10:00'),(45,'컬쳐랜드 모바일 문화상품권 5천원',5000,NULL,'도서, 문구, 편의점, 쇼핑 편리하게 문화생활을 선물하세요',0,403718144,'019','2025-06-07 01:10:00','2025-06-07 01:10:00'),(46,'CGV 2D 영화관람권 3매',39000,NULL,'전국 모든 CGV에서 2D 영화를 더욱 저렴한 가격으로 볼 수 있어요',24,140746078822400,'025','2025-06-07 01:10:00','2025-06-07 01:10:00'),(47,'CGV 2D 영화관람권 4매',52000,NULL,'전국 모든 CGV에서 2D 영화를 더욱 저렴한 가격으로 볼 수 있어요',24,140746078822400,'025','2025-06-07 01:10:00','2025-06-07 01:10:00'),(48,'CGV 2D 영화관람권 1매',13000,NULL,'전국 모든 CGV에서 2D 영화를 더욱 저렴한 가격으로 볼 수 있어요',24,140746078822400,'025','2025-06-07 01:10:00','2025-06-07 01:10:00'),(49,'CGV 2D 영화관람권 2매',26000,NULL,'전국 모든 CGV에서 2D 영화를 더욱 저렴한 가격으로 볼 수 있어요',24,140746078822400,'025','2025-06-07 01:10:00','2025-06-07 01:10:00');
/*!40000 ALTER TABLE `vass` ENABLE KEYS */;
UNLOCK TABLES;
/*!40103 SET TIME_ZONE=@OLD_TIME_ZONE */;

/*!40101 SET SQL_MODE=@OLD_SQL_MODE */;
/*!40014 SET FOREIGN_KEY_CHECKS=@OLD_FOREIGN_KEY_CHECKS */;
/*!40014 SET UNIQUE_CHECKS=@OLD_UNIQUE_CHECKS */;
/*!40101 SET CHARACTER_SET_CLIENT=@OLD_CHARACTER_SET_CLIENT */;
/*!40101 SET CHARACTER_SET_RESULTS=@OLD_CHARACTER_SET_RESULTS */;
/*!40101 SET COLLATION_CONNECTION=@OLD_COLLATION_CONNECTION */;
/*!40111 SET SQL_NOTES=@OLD_SQL_NOTES */;

-- Dump completed on 2025-06-12 14:39:40
